-- phpMyAdmin SQL Dump
-- version 4.8.0.1
-- https://www.phpmyadmin.net/
--
-- Servidor: localhost
-- Tiempo de generación: 31-08-2018 a las 20:53:16
-- Versión del servidor: 10.1.32-MariaDB
-- Versión de PHP: 5.6.36

SET SQL_MODE = "NO_AUTO_VALUE_ON_ZERO";
SET AUTOCOMMIT = 0;
START TRANSACTION;
SET time_zone = "+00:00";


/*!40101 SET @OLD_CHARACTER_SET_CLIENT=@@CHARACTER_SET_CLIENT */;
/*!40101 SET @OLD_CHARACTER_SET_RESULTS=@@CHARACTER_SET_RESULTS */;
/*!40101 SET @OLD_COLLATION_CONNECTION=@@COLLATION_CONNECTION */;
/*!40101 SET NAMES utf8mb4 */;

--
-- Base de datos: `mtba-desa-procprod-desarrollo`
--

-- --------------------------------------------------------

--
-- Estructura de tabla para la tabla `abmdeposito`
--

CREATE TABLE `abmdeposito` (
  `depositoId` int(11) NOT NULL,
  `depositodescrip` varchar(255) DEFAULT NULL,
  `direccion` varchar(255) DEFAULT NULL,
  `id_provincial` int(11) DEFAULT NULL,
  `id_localidad` int(11) DEFAULT NULL,
  `id_pais` int(11) DEFAULT NULL,
  `GPS` varchar(255) DEFAULT NULL,
  `id_empresa` int(11) DEFAULT NULL
) ENGINE=InnoDB DEFAULT CHARSET=latin1;

--
-- Volcado de datos para la tabla `abmdeposito`
--

INSERT INTO `abmdeposito` (`depositoId`, `depositodescrip`, `direccion`, `id_provincial`, `id_localidad`, `id_pais`, `GPS`, `id_empresa`) VALUES
(1, 'Deposito Macromin', '0', 1, 1, 1, 'ddd', NULL);

-- --------------------------------------------------------

--
-- Estructura de tabla para la tabla `abmproveedores`
--

CREATE TABLE `abmproveedores` (
  `provid` int(10) NOT NULL,
  `provnombre` varchar(255) DEFAULT NULL,
  `provcuit` varchar(50) DEFAULT NULL,
  `provdomicilio` varchar(255) DEFAULT NULL,
  `provtelefono` varchar(50) DEFAULT NULL,
  `provmail` varchar(100) DEFAULT NULL,
  `provestado` varchar(4) DEFAULT NULL
) ENGINE=InnoDB DEFAULT CHARSET=latin1;

--
-- Volcado de datos para la tabla `abmproveedores`
--

INSERT INTO `abmproveedores` (`provid`, `provnombre`, `provcuit`, `provdomicilio`, `provtelefono`, `provmail`, `provestado`) VALUES
(3, 'mauricio Perez', '2333698', 'dddd', 'permauricio@gmail.com', 'permauricio@gmail.com', '1'),
(4, 'Juan perez', '233333', '4444', '4444', '444', '1'),
(10, 'Proveedor test', '12346', 'calle 1', '456456', 'hugo@gmail.com', '8'),
(12, 'Trackmar', '54545', 'zvsjvss', '2644032457', 'hggffh@hdbhsd', '8'),
(13, 'Macromin S.A', '11111111111', 'jhvugcgv', '4311250', 'macromin@macromin.com', '8');

-- --------------------------------------------------------

--
-- Estructura de tabla para la tabla `admcredits`
--

CREATE TABLE `admcredits` (
  `crdId` int(11) NOT NULL,
  `crdDescription` varchar(200) COLLATE utf8_spanish_ci DEFAULT NULL,
  `crdDate` datetime DEFAULT NULL,
  `crdDebe` decimal(10,2) DEFAULT NULL,
  `crdHaber` decimal(10,2) DEFAULT NULL,
  `crdNote` varchar(200) COLLATE utf8_spanish_ci DEFAULT NULL,
  `cliId` int(11) NOT NULL,
  `usrId` int(11) NOT NULL,
  `saleId` int(11) DEFAULT NULL
) ENGINE=InnoDB DEFAULT CHARSET=utf8 COLLATE=utf8_spanish_ci;

--
-- Volcado de datos para la tabla `admcredits`
--

INSERT INTO `admcredits` (`crdId`, `crdDescription`, `crdDate`, `crdDebe`, `crdHaber`, `crdNote`, `cliId`, `usrId`, `saleId`) VALUES
(96, 'Importe venta 21', '2016-05-17 18:15:03', '1540.00', '0.00', '', 15, 1, 21);

-- --------------------------------------------------------

--
-- Estructura de tabla para la tabla `admcustomerpreferences`
--

CREATE TABLE `admcustomerpreferences` (
  `cstprefId` int(11) NOT NULL,
  `sfamId` int(11) NOT NULL,
  `cliId` int(11) NOT NULL
) ENGINE=InnoDB DEFAULT CHARSET=utf8 COLLATE=utf8_spanish_ci;

-- --------------------------------------------------------

--
-- Estructura de tabla para la tabla `admcustomers`
--

CREATE TABLE `admcustomers` (
  `cliId` int(11) NOT NULL,
  `cliName` varchar(50) COLLATE utf8_spanish_ci DEFAULT NULL,
  `cliLastName` varchar(50) COLLATE utf8_spanish_ci DEFAULT NULL,
  `cliDni` varchar(8) COLLATE utf8_spanish_ci DEFAULT NULL,
  `cliDateOfBirth` date DEFAULT NULL,
  `cliNroCustomer` varchar(10) COLLATE utf8_spanish_ci DEFAULT NULL,
  `cliAddress` varchar(255) COLLATE utf8_spanish_ci DEFAULT NULL,
  `cliPhone` varchar(25) COLLATE utf8_spanish_ci DEFAULT NULL,
  `cliMovil` varchar(25) COLLATE utf8_spanish_ci DEFAULT NULL,
  `cliEmail` varchar(50) COLLATE utf8_spanish_ci DEFAULT NULL,
  `cliImagePath` varchar(100) COLLATE utf8_spanish_ci DEFAULT NULL,
  `zonaId` int(11) DEFAULT NULL,
  `cliDay` int(11) DEFAULT '30',
  `cliColor` varchar(7) COLLATE utf8_spanish_ci DEFAULT NULL,
  `estado` varchar(5) COLLATE utf8_spanish_ci NOT NULL
) ENGINE=InnoDB DEFAULT CHARSET=utf8 COLLATE=utf8_spanish_ci;

--
-- Volcado de datos para la tabla `admcustomers`
--

INSERT INTO `admcustomers` (`cliId`, `cliName`, `cliLastName`, `cliDni`, `cliDateOfBirth`, `cliNroCustomer`, `cliAddress`, `cliPhone`, `cliMovil`, `cliEmail`, `cliImagePath`, `zonaId`, `cliDay`, `cliColor`, `estado`) VALUES
(20, 'CERRO VANGUARDIA SA', 'CERRO SA', '61872532', '2000-01-01', NULL, 'ZAPIOLA 331 - RIO GALLEGOS SANTA CRUZ', '', '', '', NULL, 16, 29, NULL, 'C'),
(21, 'Hugo', 'GALLARDO', '13216546', '0000-00-00', NULL, 'calle 13', '15555555', '422222', '', NULL, 12, 1, NULL, 'AN'),
(22, 'Hugo', 'Gallardo', '123113', '0000-00-00', NULL, 'calle del cliente', '42222222', '15555555', '15555555', NULL, 12, 1, NULL, 'AN'),
(23, 'Hugo', 'Gallardo', '123546', '2017-08-07', NULL, 'calle 1', '422222', '1555555', '1555555', NULL, 12, 1, NULL, 'AN'),
(24, 'dd', 'dd', '3333', '2018-03-09', NULL, 'sadas', '', '', '', NULL, 10, 1, NULL, 'AN');

-- --------------------------------------------------------

--
-- Estructura de tabla para la tabla `admproducts`
--

CREATE TABLE `admproducts` (
  `prodId` int(11) NOT NULL,
  `prodCode` varchar(20) COLLATE utf8_spanish_ci NOT NULL,
  `prodDescription` varchar(200) COLLATE utf8_spanish_ci NOT NULL,
  `prodPrice` decimal(10,2) NOT NULL,
  `prodMargin` int(11) NOT NULL,
  `prodImg1` varchar(200) COLLATE utf8_spanish_ci DEFAULT NULL,
  `prodImg2` varchar(200) COLLATE utf8_spanish_ci DEFAULT NULL,
  `prodImg3` varchar(200) COLLATE utf8_spanish_ci DEFAULT NULL,
  `prodImg4` varchar(200) COLLATE utf8_spanish_ci DEFAULT NULL,
  `prodImg5` varchar(200) COLLATE utf8_spanish_ci DEFAULT NULL,
  `prodStatus` varchar(2) COLLATE utf8_spanish_ci NOT NULL,
  `sfamId` int(11) NOT NULL
) ENGINE=InnoDB DEFAULT CHARSET=utf8 COLLATE=utf8_spanish_ci;

--
-- Volcado de datos para la tabla `admproducts`
--

INSERT INTO `admproducts` (`prodId`, `prodCode`, `prodDescription`, `prodPrice`, `prodMargin`, `prodImg1`, `prodImg2`, `prodImg3`, `prodImg4`, `prodImg5`, `prodStatus`, `sfamId`) VALUES
(8, '1', 'Taladro percutor 10mm', '500.00', 20, '8_1.png', '8_2.png', '8_3.png', '8_4.png', NULL, 'AC', 14),
(9, '2', 'Microondas Philips', '700.00', 10, '9_1.png', '9_2.png', '9_3.png', '9_4.png', NULL, 'AC', 10),
(10, '3', 'Sillas Plásticas x 6', '800.00', 20, '10_1.png', '10_2.png', '10_3.png', '10_4.png', NULL, 'AC', 13);

-- --------------------------------------------------------

--
-- Estructura de tabla para la tabla `admsales`
--

CREATE TABLE `admsales` (
  `saleId` int(11) NOT NULL,
  `cliId` int(11) DEFAULT NULL,
  `saleDate` datetime DEFAULT NULL,
  `saleEstado` varchar(2) COLLATE utf8_spanish_ci DEFAULT '',
  `usrId` int(11) DEFAULT NULL
) ENGINE=InnoDB DEFAULT CHARSET=utf8 COLLATE=utf8_spanish_ci;

--
-- Volcado de datos para la tabla `admsales`
--

INSERT INTO `admsales` (`saleId`, `cliId`, `saleDate`, `saleEstado`, `usrId`) VALUES
(21, 15, '2016-05-17 18:15:03', 'AC', 1);

-- --------------------------------------------------------

--
-- Estructura de tabla para la tabla `admsalesdetail`
--

CREATE TABLE `admsalesdetail` (
  `saleDetId` int(11) NOT NULL,
  `saleId` int(11) NOT NULL,
  `prodId` int(11) NOT NULL,
  `prodPrice` decimal(14,2) NOT NULL,
  `prodDescription` varchar(50) COLLATE utf8_spanish_ci NOT NULL,
  `prodCant` int(11) NOT NULL
) ENGINE=InnoDB DEFAULT CHARSET=utf8 COLLATE=utf8_spanish_ci;

--
-- Volcado de datos para la tabla `admsalesdetail`
--

INSERT INTO `admsalesdetail` (`saleDetId`, `saleId`, `prodId`, `prodPrice`, `prodDescription`, `prodCant`) VALUES
(21, 21, 9, '770.00', '2 - Microondas Philips', 2);

-- --------------------------------------------------------

--
-- Estructura de tabla para la tabla `admstock`
--

CREATE TABLE `admstock` (
  `stkId` int(11) NOT NULL,
  `prodId` int(11) NOT NULL,
  `stkCant` int(11) NOT NULL,
  `usrId` int(11) NOT NULL,
  `stkDate` datetime NOT NULL,
  `stkMotive` varchar(50) COLLATE utf8_spanish_ci DEFAULT NULL
) ENGINE=InnoDB DEFAULT CHARSET=utf8 COLLATE=utf8_spanish_ci;

--
-- Volcado de datos para la tabla `admstock`
--

INSERT INTO `admstock` (`stkId`, `prodId`, `stkCant`, `usrId`, `stkDate`, `stkMotive`) VALUES
(27, 8, 10, 1, '2016-05-13 15:59:17', 'Ajuste inicial'),
(28, 9, 5, 1, '2016-05-13 15:59:39', 'Ajuste inicial'),
(29, 10, 20, 1, '2016-05-13 15:59:57', 'Ajuste inicial'),
(30, 9, -2, 1, '2016-05-17 18:15:03', 'Venta');

-- --------------------------------------------------------

--
-- Estructura de tabla para la tabla `articles`
--

CREATE TABLE `articles` (
  `artId` int(11) NOT NULL,
  `artBarCode` varchar(250) CHARACTER SET utf8 COLLATE utf8_spanish_ci NOT NULL,
  `artDescription` varchar(250) CHARACTER SET utf8 COLLATE utf8_spanish_ci NOT NULL,
  `artCoste` decimal(14,2) NOT NULL DEFAULT '0.00',
  `artMargin` decimal(10,2) NOT NULL DEFAULT '0.00',
  `artIsByBox` bit(1) NOT NULL DEFAULT b'0',
  `artCantBox` int(11) DEFAULT NULL,
  `artMarginIsPorcent` bit(1) NOT NULL DEFAULT b'0',
  `artEstado` varchar(2) NOT NULL DEFAULT 'AC',
  `famId` int(11) DEFAULT '10'
) ENGINE=InnoDB DEFAULT CHARSET=latin1;

--
-- Volcado de datos para la tabla `articles`
--

INSERT INTO `articles` (`artId`, `artBarCode`, `artDescription`, `artCoste`, `artMargin`, `artIsByBox`, `artCantBox`, `artMarginIsPorcent`, `artEstado`, `famId`) VALUES
(2, '00000111', 'articulo test', '0.00', '0.00', b'0', 0, b'0', 'AC', 6);

-- --------------------------------------------------------

--
-- Estructura de tabla para la tabla `conffamily`
--

CREATE TABLE `conffamily` (
  `famId` int(11) NOT NULL,
  `famName` varchar(50) COLLATE utf8_spanish_ci DEFAULT NULL
) ENGINE=InnoDB DEFAULT CHARSET=utf8 COLLATE=utf8_spanish_ci;

--
-- Volcado de datos para la tabla `conffamily`
--

INSERT INTO `conffamily` (`famId`, `famName`) VALUES
(5, 'MANDO FINAL'),
(6, 'DIFERENCIAL'),
(7, 'CONVERTIDOR'),
(8, 'REP. CILINDRO'),
(9, 'REP. BOMBA HIDRAULICA'),
(10, 'Varios');

-- --------------------------------------------------------

--
-- Estructura de tabla para la tabla `confsubfamily`
--

CREATE TABLE `confsubfamily` (
  `sfamId` int(11) NOT NULL,
  `sfamName` varchar(50) COLLATE utf8_spanish_ci NOT NULL,
  `famId` int(11) DEFAULT NULL
) ENGINE=InnoDB DEFAULT CHARSET=utf8 COLLATE=utf8_spanish_ci;

--
-- Volcado de datos para la tabla `confsubfamily`
--

INSERT INTO `confsubfamily` (`sfamId`, `sfamName`, `famId`) VALUES
(8, 'Cocina', 5),
(9, 'Heladera', 5),
(10, 'Microondas', 5),
(11, 'Futón', 6),
(12, 'Alacena', 6),
(13, 'Sillas', 6),
(14, 'Taladro', 7),
(15, 'Amoladora', 7),
(16, 'LLaves', 7),
(17, 'Afeitadora', 8),
(18, 'Secador de Cabello', 8),
(19, 'Masajeador', 8);

-- --------------------------------------------------------

--
-- Estructura de tabla para la tabla `confzone`
--

CREATE TABLE `confzone` (
  `zonaId` int(11) NOT NULL,
  `zonaName` varchar(50) COLLATE utf8_spanish_ci NOT NULL
) ENGINE=InnoDB DEFAULT CHARSET=utf8 COLLATE=utf8_spanish_ci;

--
-- Volcado de datos para la tabla `confzone`
--

INSERT INTO `confzone` (`zonaId`, `zonaName`) VALUES
(10, 'Caucete'),
(11, 'Zonda'),
(12, 'Rivadavia'),
(13, 'Sarmiento'),
(14, 'Los Berros'),
(15, 'El Encón'),
(16, 'SANTA CRUZ');

-- --------------------------------------------------------

--
-- Estructura de tabla para la tabla `deta-remito`
--

CREATE TABLE `deta-remito` (
  `detaremitoid` int(11) NOT NULL,
  `id_remito` int(10) NOT NULL,
  `loteid` int(11) NOT NULL,
  `cantidad` double NOT NULL,
  `precio` double NOT NULL
) ENGINE=InnoDB DEFAULT CHARSET=utf8 COLLATE=utf8_spanish_ci;

--
-- Volcado de datos para la tabla `deta-remito`
--

INSERT INTO `deta-remito` (`detaremitoid`, `id_remito`, `loteid`, `cantidad`, `precio`) VALUES
(1, 33, 10, 30, 0),
(2, 34, 10, 30, 0);

-- --------------------------------------------------------

--
-- Estructura de tabla para la tabla `deta_ordeninsumos`
--

CREATE TABLE `deta_ordeninsumos` (
  `id_detaordeninsumo` int(11) NOT NULL,
  `id_ordeninsumo` int(11) DEFAULT NULL,
  `loteid` int(10) NOT NULL,
  `cantidad` double NOT NULL,
  `precio` double NOT NULL
) ENGINE=InnoDB DEFAULT CHARSET=utf8 COLLATE=utf8_spanish_ci;

--
-- Volcado de datos para la tabla `deta_ordeninsumos`
--

INSERT INTO `deta_ordeninsumos` (`id_detaordeninsumo`, `id_ordeninsumo`, `loteid`, `cantidad`, `precio`) VALUES
(1, 1, 10, 20, 0),
(2, 2, 10, 9, 0);

-- --------------------------------------------------------

--
-- Estructura de tabla para la tabla `frm_categorias`
--

CREATE TABLE `frm_categorias` (
  `CATE_ID` int(11) NOT NULL,
  `NOMBRE` varchar(1000) CHARACTER SET latin1 NOT NULL,
  `PISTA` varchar(2000) CHARACTER SET latin1 DEFAULT NULL,
  `FEC_CREACION` timestamp NOT NULL DEFAULT CURRENT_TIMESTAMP,
  `FORM_ID` int(11) NOT NULL,
  `ORDEN` int(11) DEFAULT NULL
) ENGINE=InnoDB DEFAULT CHARSET=utf8 COLLATE=utf8_spanish_ci;

--
-- Volcado de datos para la tabla `frm_categorias`
--

INSERT INTO `frm_categorias` (`CATE_ID`, `NOMBRE`, `PISTA`, `FEC_CREACION`, `FORM_ID`, `ORDEN`) VALUES
(1, 'Condiciones Generales:', NULL, '2018-07-28 15:51:53', 1, 1),
(2, 'Eje, Cuerpo, Placa Trasera, Aros', NULL, '2018-07-28 16:09:49', 1, 2),
(3, 'Tilde las acciones a Realizar:', NULL, '2018-07-28 17:02:54', 2, 1),
(4, 'PIEZAS O COMPONENTES A DIAGNOSTICAR', NULL, '2018-07-28 17:15:23', 3, 1),
(5, 'A-TAPAS', NULL, '2018-07-28 17:17:25', 3, 2),
(6, 'B-PIEZAS EN REVOLUCION', NULL, '2018-07-28 17:33:29', 3, 3),
(7, 'C-LUBRICACION', NULL, '2018-07-28 18:00:05', 3, 4),
(8, 'D-REFRIGERACION', NULL, '2018-07-28 18:21:47', 3, 5),
(9, 'E - SISTEMA DE COMBUSTIBLE', NULL, '2018-07-28 18:39:18', 3, 6),
(10, '14-Motores Nafteros:', NULL, '2018-07-28 19:06:57', 3, 7),
(11, '1-Ingreso de Pieza, Identificada y Limpia', NULL, '2018-07-28 23:03:59', 4, 1),
(12, '2-Control y Medicion de Apoyo y Altura de Levas', NULL, '2018-07-28 23:06:43', 4, 2),
(13, 'Observaciones:', NULL, '2018-07-28 23:12:14', 4, 3),
(14, '3-Deteccion de Fisuras Magnaflux', NULL, '2018-07-28 23:12:56', 4, 4),
(15, '4-Control de Dureza Rc o Brinell', NULL, '2018-07-28 23:15:48', 4, 5),
(16, '5-Controlar y Verificar Los Item 1, 2, 3, 4', NULL, '2018-07-28 23:21:49', 4, 6),
(17, '6-Controlar engranaje Bba. de Aceite y su Alineacion', NULL, '2018-07-28 23:22:47', 4, 7),
(18, '7-Controlar Pernos:', NULL, '2018-07-28 23:23:02', 4, 8),
(19, '1-Identificacion y Limpieza Compresor', NULL, '2018-07-28 23:29:33', 5, 1),
(20, '2-Control Visual, Estado General del Conjunto Bielas', NULL, '2018-07-28 23:30:48', 5, 2),
(21, '3-Deteccion de Fisuras Magna Flux', NULL, '2018-07-28 23:44:33', 5, 3),
(22, '4-Medicion de Diametros,4 Muñon y Ojo de Biela', NULL, '2018-07-28 23:47:56', 5, 4),
(23, '5-Medicion Longitud de Biela', NULL, '2018-07-29 00:15:03', 5, 5),
(24, '6-Control de Linealidad de Centros Muñon/Ojo de Biela', NULL, '2018-07-29 04:22:22', 5, 6),
(25, '7-Control de Pesos:', NULL, '2018-07-29 04:28:14', 5, 7),
(26, '8-Control de Planos Alaveo, Torceduras, Deformaciones', NULL, '2018-07-29 04:32:47', 5, 8),
(27, '9-Control de Encastre Tapas / Cuerpos', NULL, '2018-07-29 04:35:34', 5, 9),
(28, '10-Control de Tornillos Longitud y Filetes', NULL, '2018-07-29 04:49:55', 5, 10),
(29, '11-Bielas Perforadas, Control Conductos de Lubricacio?n', NULL, '2018-07-29 04:51:39', 5, 11),
(30, '1-Identificacion y Limpieza', NULL, '2018-07-29 14:22:13', 6, 1),
(31, '2-Diametro de Cilindros', NULL, '2018-07-29 14:22:22', 6, 2),
(32, '3-Extraccion de Camisas', NULL, '2018-07-29 14:22:33', 6, 3),
(33, '4-Busqueda de Fisuras e Incrustaciones', NULL, '2018-07-29 14:22:48', 6, 4),
(34, '5-Control Planos en 4 Costados', NULL, '2018-07-29 14:23:00', 6, 5),
(35, '6-Control de Roscas Internas y Prisioneros', NULL, '2018-07-29 14:23:08', 6, 6),
(36, '7-Control Circuitos de Agua y Aceite – Incrustaciones y/o Comunicacio?n', NULL, '2018-07-29 14:23:21', 6, 7),
(37, '8-Control de Alojamiento, Tapones y Bomba de Agua, y Bases de Conectores', NULL, '2018-07-29 14:49:39', 6, 8),
(38, '9-Control y Medicion de Cilindros (Rectificacion)', NULL, '2018-07-29 14:49:50', 6, 9),
(39, '10-Control Tornillos, Bancadas: Longitud, Perfil Rosca, Estado de Cabeza', NULL, '2018-07-29 14:50:00', 6, 10),
(40, '11-Control Tapas de Bancadas y Guias', NULL, '2018-07-29 14:50:12', 6, 11),
(41, '12-Medida de Alojamiento Arbol de Levas Sin Cojinetes', NULL, '2018-07-29 14:50:21', 6, 12),
(42, '13-Medida y Estado Reten de Bancada', NULL, '2018-07-29 14:50:36', 6, 13),
(43, '1-Ingreso de Pieza, Identificada, Limpia y Desarmada c/componentes', NULL, '2018-07-29 15:07:09', 7, 1),
(44, '2-Control y Evaluacion de Los Items 1,2,3', NULL, '2018-07-29 15:07:50', 7, 2),
(45, '3-Prueba Hidraulica (Area de Produccion)', NULL, '2018-07-29 15:19:45', 7, 3),
(46, '4-Control de Superficies de Elementos Anexos', NULL, '2018-07-29 15:28:07', 7, 4),
(47, '5-Control de Conductos', NULL, '2018-07-29 15:30:16', 7, 5),
(48, '6-Control de Superficie de Camaras de Combustion', NULL, '2018-07-29 15:35:31', 7, 6),
(49, '7-Control de Prisioneros Roscas internas y Agujeros', NULL, '2018-07-29 15:39:42', 7, 7),
(50, '8-Control y Medicion de Guias de Valvulas', NULL, '2018-07-29 15:40:55', 7, 8),
(51, '9-Alojamientos de Botadores', NULL, '2018-07-29 15:43:15', 7, 9),
(52, '10-Control Alojamiento Arbol de Levas (Tunel)', NULL, '2018-07-29 15:45:49', 7, 10),
(53, '11-Control Alojamiento Precamaras', NULL, '2018-07-29 15:49:28', 7, 11),
(54, '12-Control de Resortes Valvula', NULL, '2018-07-29 15:50:16', 7, 12),
(55, '13-Seguros y Platillos de Valvulas y Roto valvulas', NULL, '2018-07-29 15:54:06', 7, 13),
(56, '14-Asiento de Resortes Con y Sin Arandelas', NULL, '2018-07-29 16:05:25', 7, 14),
(57, '15-Bujias de Pre Calentamiento', NULL, '2018-07-29 16:06:44', 7, 15),
(58, 'A – Planilla de Control de VOLANTE', NULL, '2018-07-29 16:09:53', 8, 1),
(59, '1-Identificacion y Limpieza de la pieza', NULL, '2018-07-29 16:10:52', 8, 2),
(60, '2-Control de Fisuras y/o Deformaciones', NULL, '2018-07-29 16:11:25', 8, 3),
(61, '3-Medicion de Durezas en Espejo', NULL, '2018-07-29 16:12:04', 8, 4),
(62, '4-Control de Espesor', NULL, '2018-07-29 16:17:25', 8, 5),
(63, '5-Control Brida Acople', NULL, '2018-07-29 16:20:47', 8, 6),
(64, '6-Control Corona de Arranque Exterior-Interior', NULL, '2018-07-29 16:22:14', 8, 7),
(65, '7-Control de Roscas y Guias', NULL, '2018-07-29 17:27:59', 8, 8),
(66, 'B – Planilla de Control de PLACA DE EMBRAGUE', NULL, '2018-07-29 17:28:43', 8, 9),
(67, '1-Identificacion y Limpieza de la pieza', NULL, '2018-07-29 17:29:57', 8, 10),
(68, '2-Control de Elementos de Accionamiento', NULL, '2018-07-29 17:30:36', 8, 11),
(69, '3-Control de espejo de presion', NULL, '2018-07-29 17:35:51', 8, 12),
(70, '4-Control de Dureza', NULL, '2018-07-29 17:36:55', 8, 13),
(71, 'C – Planilla de Control de POLEA', NULL, '2018-07-29 17:38:37', 8, 14),
(72, '1-Identificacion y Limpieza de la pieza', NULL, '2018-07-29 17:39:09', 8, 15),
(73, '2-Control Alojamiento de Cigueñal', NULL, '2018-07-29 17:39:50', 8, 16),
(74, '3-Control Chavetero', NULL, '2018-07-29 17:40:58', 8, 17),
(75, '4-Control Canal de Correas', NULL, '2018-07-29 17:42:05', 8, 18),
(76, '1-Identificacion y Limpieza', NULL, '2018-07-29 17:52:00', 9, 1),
(77, '2-Control y Medida de Bancadas y Muñones.', NULL, '2018-07-29 18:00:45', 9, 2),
(78, '3-Medicion de Dureza de Bancada y Muñon', NULL, '2018-07-29 21:14:16', 9, 3),
(79, '4-Medicion de Radios de Bancadas y Muñon', NULL, '2018-07-29 21:41:00', 9, 4),
(80, '5-Control de MAGNAFLUX', NULL, '2018-07-29 23:14:50', 9, 5),
(81, '6-Control y Medicion de los Items A, B, C, D, E, F', NULL, '2018-07-29 23:21:07', 9, 6),
(83, '7-Control de Alineacion (Pandeo)', NULL, '2018-07-29 23:38:13', 9, 7),
(84, '8-Estado de Roscas y Alojamientos Tapones', NULL, '2018-07-29 23:39:13', 9, 8),
(85, '9-Control de Alojamiento Axial', NULL, '2018-07-29 23:43:44', 9, 9),
(1000, '', NULL, '2018-07-30 00:36:02', 1000, 1),
(1200, 'Registro de Control de Calidad', NULL, '2018-07-31 12:51:37', 1200, 1),
(1202, 'Bancada', NULL, '2018-07-31 14:30:45', 1200, 2),
(1203, 'Bielas', NULL, '2018-07-31 14:38:42', 1200, 3),
(1204, 'Cilindros', NULL, '2018-07-31 14:46:57', 1200, 4),
(1205, 'Levas', NULL, '2018-07-31 14:55:15', 1200, 5),
(1211, 'Cigueñal:', NULL, '2018-07-31 15:47:06', 1200, 6),
(1212, 'Balanceo de Biela:', NULL, '2018-07-31 16:05:21', 1200, 7),
(1213, 'Otros:', NULL, '2018-07-31 16:13:22', 1200, 8),
(1214, 'CONTROLAR', NULL, '2018-07-31 17:28:38', 1200, 9),
(1215, 'Control de Calidad', NULL, '2018-07-31 18:06:22', 1201, 1),
(1217, 'Block Cigueñal', NULL, '2018-07-31 18:07:59', 1201, 2),
(1218, 'Paro de armado:', NULL, '2018-07-31 18:35:10', 1201, 3),
(1219, 'Control de Calidad', NULL, '2018-07-31 18:42:35', 1202, 1),
(1220, 'Bielas y Pistones', NULL, '2018-07-31 18:45:47', 1202, 2),
(1221, 'Paro el armado', NULL, '2018-07-31 19:18:22', 1202, 3),
(1222, 'Control de Calidad', NULL, '2018-07-31 19:21:56', 1203, 1),
(1223, 'Tapa de Cilindro', NULL, '2018-07-31 19:22:11', 1203, 2),
(1224, 'Paro el armado', NULL, '2018-07-31 19:55:00', 1203, 3),
(1225, 'Control de Calidad', NULL, '2018-07-31 19:59:54', 1204, 1),
(1226, 'Inyeccion Complemento', NULL, '2018-07-31 20:01:01', 1204, 2),
(1227, 'Paro el armado', NULL, '2018-07-31 20:05:13', 1204, 3),
(1228, 'Observaciones en General:', NULL, '2018-08-03 20:19:56', 7, 16),
(2000, '1er Etapa:', NULL, '2018-08-07 14:39:44', 2000, 1),
(2001, '2da Etapa:', NULL, '2018-08-07 14:47:54', 2000, 2),
(2002, '3ra etapa: Solo para motor armado.', NULL, '2018-08-07 14:58:39', 2000, 3),
(2003, '4ta Etapa:', NULL, '2018-08-07 15:01:25', 2000, 4),
(2004, '5ta Etapa:', NULL, '2018-08-07 15:02:26', 2000, 5),
(2005, 'Comentario final:', NULL, '2018-08-07 15:03:20', 2000, 6),
(2006, 'TAPA DE CILINDRO', NULL, '2018-08-07 15:08:30', 2001, 1),
(2007, '1ra Etapa - Controles Previos A Cada Puesta En Marcha', NULL, '2018-08-07 16:26:38', 2003, 1),
(2008, 'IMPORTANTE (conexiones y/o cambios extraordinarios)', NULL, '2018-08-07 20:08:31', 2003, 2),
(2009, '2da Etapa - Prueba del motor', NULL, '2018-08-07 20:15:47', 2003, 3),
(2010, 'Tipo de ensayo: Vacio/ Duracion: 2hs', NULL, '2018-08-08 15:05:11', 2003, 4),
(2011, 'Tipo de ensayo: 25% / Duracion: 2hs', NULL, '2018-08-08 15:23:56', 2003, 5),
(2012, 'Tipo de ensayo: 50% a 70% / Duracion: 6hs', NULL, '2018-08-08 15:38:31', 2003, 6),
(2013, 'DESCARGA Y DETENCION DEL MOTOR', NULL, '2018-08-08 15:50:59', 2003, 7),
(2014, 'Tipo de ensayo: 25% / Duracion: 10min', NULL, '2018-08-08 15:58:52', 2003, 8),
(2015, 'Tipo de ensayo: vacio / Duracion: 10min', NULL, '2018-08-08 16:15:12', 2003, 9),
(2016, 'Apagado', NULL, '2018-08-08 17:08:10', 2003, 10),
(2017, 'Tipo de ensayo: vacio/ Duracion: 30min', NULL, '2018-08-08 17:34:29', 2003, 11),
(2018, 'Tipo de ensayo: 25% / Duracion: 15min', NULL, '2018-08-08 18:02:48', 2003, 12),
(2019, 'Tipo de ensayo: 50% a 70% / Duracion: 15min', NULL, '2018-08-08 18:35:08', 2003, 13),
(2020, 'Tipo de ensayo: 100% / 1er / Duracion: 5min', NULL, '2018-08-08 19:19:47', 2003, 14),
(2021, 'Tipo de ensayo: 100% / 2do / Duracion: 5min', NULL, '2018-08-08 19:32:50', 2003, 15),
(2022, 'Tipo de ensayo: 100% / 3er / Duracion: 5 min', NULL, '2018-08-11 23:32:00', 2003, 16),
(2023, '3ra Etapa - Finalizacion de Blanqueo y Realizacion de Informe', NULL, '2018-08-11 23:50:39', 2003, 17),
(2024, 'DESCARGA Y DETENCION DEL MOTOR', NULL, '2018-08-13 03:05:55', 2003, 18),
(2025, 'Tipo de ensayo: 25% / Duracion: 10min', NULL, '2018-08-13 03:07:40', 2003, 19),
(2026, 'Tipo de ensayo: vacio / Duracion: 10min', NULL, '2018-08-13 03:16:55', 2003, 20),
(2027, 'Apagado Motor: DESMONTAJE', NULL, '2018-08-13 03:23:45', 2003, 21),
(2028, 'INFORME:', NULL, '2018-08-13 03:25:37', 2003, 22),
(2500, 'DETALLE DE TRABAJOS A REALIZAR', NULL, '2018-08-23 14:39:32', 2500, 1),
(5000, 'Cotizacion ', NULL, '2018-08-27 15:52:46', 5000, 1),
(6000, 'Presupuesto', NULL, '2018-08-30 13:54:10', 6000, 1);

-- --------------------------------------------------------

--
-- Estructura de tabla para la tabla `frm_formularios`
--

CREATE TABLE `frm_formularios` (
  `form_id` int(11) NOT NULL,
  `nombre` varchar(1000) NOT NULL,
  `descripcion` varchar(3000) DEFAULT NULL,
  `habilitado` tinyint(1) NOT NULL DEFAULT '1',
  `fec_creacion` timestamp NOT NULL DEFAULT CURRENT_TIMESTAMP,
  `fec_deprecado` timestamp NULL DEFAULT NULL,
  `usuario` varchar(100) DEFAULT NULL
) ENGINE=InnoDB DEFAULT CHARSET=latin1;

--
-- Volcado de datos para la tabla `frm_formularios`
--

INSERT INTO `frm_formularios` (`form_id`, `nombre`, `descripcion`, `habilitado`, `fec_creacion`, `fec_deprecado`, `usuario`) VALUES
(1, 'Registro de Diagnostico y Reparacion de turbo RE-TAL-031', NULL, 1, '2018-07-28 15:50:08', NULL, NULL),
(2, 'Registro de diagnostico de bombas inyectoras RE-TAL-030', NULL, 1, '2018-07-28 17:02:02', NULL, NULL),
(3, 'Registro diagnostico piezas no mecanizadas RE-TAL-008', NULL, 1, '2018-07-28 17:12:16', NULL, NULL),
(4, 'Registro diagnostico arbol de levas RE-TAL-007', NULL, 1, '2018-07-28 23:03:00', NULL, NULL),
(5, 'Registro diagnostico compresor RE-TAL-006', NULL, 1, '2018-07-28 23:29:06', NULL, NULL),
(6, 'Registro diagnostico block de motor RE-TAL-005', NULL, 1, '2018-07-29 14:21:34', NULL, NULL),
(7, 'Registro diagnostico tapa de cilindro RE-TAL-004', NULL, 1, '2018-07-29 15:04:59', NULL, NULL),
(8, 'Registro diagnostico Volante Placa y Polea RE-TAL-003', NULL, 1, '2018-07-29 16:08:45', NULL, NULL),
(9, 'Registro diagnostico cigueñal RE-TAL-001', NULL, 1, '2018-07-29 17:50:14', NULL, NULL),
(1000, 'Registro Recepcion de componente RE-TAL-009', NULL, 1, '2018-07-30 00:35:27', NULL, NULL),
(1200, 'Registro de control de calidad RE-TAL-016', NULL, 1, '2018-07-31 12:50:43', NULL, NULL),
(1201, 'Registro de control de calidad block RE-TAL-017', NULL, 1, '2018-07-31 18:06:09', NULL, NULL),
(1202, 'Registro de control de calidad bielas y pistones RE-TAL-018', NULL, 1, '2018-07-31 18:42:08', NULL, NULL),
(1203, 'Registro de control de calidad tapa de cilindro RE-TAL-019', NULL, 1, '2018-07-31 19:21:33', NULL, NULL),
(1204, 'Registro de control de calidad inyeccion complemento RE-TAL-020', NULL, 1, '2018-07-31 19:59:21', NULL, NULL),
(2000, 'Registro check list de despacho RE-TAL-034', NULL, 1, '2018-08-07 14:38:15', NULL, NULL),
(2001, 'Registro de Armado de Tapa Cilindro RE-TAL-035', NULL, 1, '2018-08-07 15:08:09', NULL, NULL),
(2003, 'Registro check list de banco de prueba RE-TAL-037', NULL, 1, '2018-08-07 16:24:50', NULL, NULL),
(2500, 'Registro Trabajos a realizar RE-TAL-010', NULL, 1, '2018-08-23 14:39:11', NULL, NULL),
(5000, 'Adjunto de Cotizacion', NULL, 1, '2018-08-27 15:52:03', NULL, NULL),
(6000, 'Presupuesto', NULL, 1, '2018-08-30 13:48:40', NULL, NULL);

-- --------------------------------------------------------

--
-- Estructura de tabla para la tabla `frm_formularios_completados`
--

CREATE TABLE `frm_formularios_completados` (
  `FOCO_ID` int(11) NOT NULL,
  `FORM_NOMBRE` varchar(1000) NOT NULL,
  `CATE_NOMBRE` varchar(1000) NOT NULL,
  `GRUP_NOMBRE` varchar(1000) NOT NULL,
  `VALO_NOMBRE` varchar(2000) NOT NULL,
  `TIDA_NOMBRE` varchar(100) NOT NULL,
  `VALOR` longtext NOT NULL,
  `FORM_ID` int(11) NOT NULL,
  `REFERENCIA` text,
  `FEC_CREACION` timestamp NOT NULL DEFAULT CURRENT_TIMESTAMP,
  `USUARIO` varchar(100) NOT NULL,
  `ORDEN` int(11) DEFAULT NULL,
  `PETR_ID` int(11) NOT NULL,
  `NOM_VAR` varchar(20) CHARACTER SET utf8 COLLATE utf8_spanish_ci NOT NULL,
  `LITA_ID` int(11) NOT NULL,
  `TIDA_ID` int(11) NOT NULL,
  `VALO_ID` int(11) NOT NULL,
  `VALIDADO` tinyint(1) NOT NULL
) ENGINE=InnoDB DEFAULT CHARSET=latin1;

--
-- Volcado de datos para la tabla `frm_formularios_completados`
--

INSERT INTO `frm_formularios_completados` (`FOCO_ID`, `FORM_NOMBRE`, `CATE_NOMBRE`, `GRUP_NOMBRE`, `VALO_NOMBRE`, `TIDA_NOMBRE`, `VALOR`, `FORM_ID`, `REFERENCIA`, `FEC_CREACION`, `USUARIO`, `ORDEN`, `PETR_ID`, `NOM_VAR`, `LITA_ID`, `TIDA_ID`, `VALO_ID`, `VALIDADO`) VALUES
(1, 'Registro Recepcion de componente RE-TAL-009', '', 'PARTES RECIBIDAS', 'Arnes', 'checkbox', '', 1000, NULL, '2018-07-30 00:35:27', '28', 0, 0, '', 20111, 3, 1118, 0),
(2, 'Registro Recepcion de componente RE-TAL-009', '', 'PARTES RECIBIDAS', 'Abrazadera caño de gases', 'checkbox', '', 1000, NULL, '2018-07-30 00:35:27', '28', 1, 0, '', 20111, 3, 1000, 0),
(3, 'Registro Recepcion de componente RE-TAL-009', '', 'PARTES RECIBIDAS', 'Alternador', 'checkbox', '', 1000, NULL, '2018-07-30 00:35:27', '28', 2, 0, '', 20111, 3, 1001, 0),
(4, 'Registro Recepcion de componente RE-TAL-009', '', 'PARTES RECIBIDAS', 'Arbol auxiliar', 'checkbox', '', 1000, NULL, '2018-07-30 00:35:27', '28', 3, 0, '', 20111, 3, 1002, 0),
(5, 'Registro Recepcion de componente RE-TAL-009', '', 'PARTES RECIBIDAS', 'Arbol de levas', 'checkbox', '', 1000, NULL, '2018-07-30 00:35:27', '28', 4, 0, '', 20111, 3, 1003, 0),
(6, 'Registro Recepcion de componente RE-TAL-009', '', 'PARTES RECIBIDAS', 'Balancines', 'checkbox', '', 1000, NULL, '2018-07-30 00:35:27', '28', 5, 0, '', 20111, 3, 1004, 0),
(7, 'Registro Recepcion de componente RE-TAL-009', '', 'PARTES RECIBIDAS', 'Biela de compresor', 'checkbox', '', 1000, NULL, '2018-07-30 00:35:27', '28', 6, 0, '', 20111, 3, 1005, 0),
(8, 'Registro Recepcion de componente RE-TAL-009', '', 'PARTES RECIBIDAS', 'Bielas', 'checkbox', '', 1000, NULL, '2018-07-30 00:35:27', '28', 7, 0, '', 20111, 3, 1006, 0),
(9, 'Registro Recepcion de componente RE-TAL-009', '', 'PARTES RECIBIDAS', 'Block de motor', 'checkbox', '', 1000, NULL, '2018-07-30 00:35:27', '28', 8, 0, '', 20111, 3, 1007, 0),
(10, 'Registro Recepcion de componente RE-TAL-009', '', 'PARTES RECIBIDAS', 'Bomba de aceite', 'checkbox', '', 1000, NULL, '2018-07-30 00:35:27', '28', 9, 0, '', 20111, 3, 1008, 0),
(11, 'Registro Recepcion de componente RE-TAL-009', '', 'PARTES RECIBIDAS', 'Bomba de agua', 'checkbox', '', 1000, NULL, '2018-07-30 00:35:27', '28', 10, 0, '', 20111, 3, 1009, 0),
(12, 'Registro Recepcion de componente RE-TAL-009', '', 'PARTES RECIBIDAS', 'Bomba de nafta', 'checkbox', '', 1000, NULL, '2018-07-30 00:35:27', '28', 11, 0, '', 20111, 3, 1010, 0),
(13, 'Registro Recepcion de componente RE-TAL-009', '', 'PARTES RECIBIDAS', 'Bomba Inyectora No', 'checkbox', '', 1000, NULL, '2018-07-30 00:35:27', '28', 12, 0, '', 20111, 3, 1011, 0),
(14, 'Registro Recepcion de componente RE-TAL-009', '', 'PARTES RECIBIDAS', 'Botadores', 'checkbox', '', 1000, NULL, '2018-07-30 00:35:27', '28', 13, 0, '', 20111, 3, 1012, 0),
(15, 'Registro Recepcion de componente RE-TAL-009', '', 'PARTES RECIBIDAS', 'Brida de arbol de levas', 'checkbox', '', 1000, NULL, '2018-07-30 00:35:27', '28', 14, 0, '', 20111, 3, 1013, 0),
(16, 'Registro Recepcion de componente RE-TAL-009', '', 'PARTES RECIBIDAS', 'Bujias', 'checkbox', '', 1000, NULL, '2018-07-30 00:35:27', '28', 15, 0, '', 20111, 3, 1014, 0),
(17, 'Registro Recepcion de componente RE-TAL-009', '', 'PARTES RECIBIDAS', 'Bulbo de aceite de vigia', 'checkbox', '', 1000, NULL, '2018-07-30 00:35:27', '28', 16, 0, '', 20111, 3, 1015, 0),
(18, 'Registro Recepcion de componente RE-TAL-009', '', 'PARTES RECIBIDAS', 'Bulbo temperatura de vigia', 'checkbox', '', 1000, NULL, '2018-07-30 00:35:27', '28', 17, 0, '', 20111, 3, 1016, 0),
(19, 'Registro Recepcion de componente RE-TAL-009', '', 'PARTES RECIBIDAS', 'Bulon punta de cigueñal', 'checkbox', '', 1000, NULL, '2018-07-30 00:35:27', '28', 18, 0, '', 20111, 3, 1017, 0),
(20, 'Registro Recepcion de componente RE-TAL-009', '', 'PARTES RECIBIDAS', 'Bulones de retorno', 'checkbox', '', 1000, NULL, '2018-07-30 00:35:27', '28', 19, 0, '', 20111, 3, 1018, 0),
(21, 'Registro Recepcion de componente RE-TAL-009', '', 'PARTES RECIBIDAS', 'Bulones de tapa de bancada ', 'checkbox', '', 1000, NULL, '2018-07-30 00:35:27', '28', 20, 0, '', 20111, 3, 1019, 0),
(22, 'Registro Recepcion de componente RE-TAL-009', '', 'PARTES RECIBIDAS', 'Bulones de tapa de cilindros', 'checkbox', '', 1000, NULL, '2018-07-30 00:35:27', '28', 21, 0, '', 20111, 3, 1020, 0),
(23, 'Registro Recepcion de componente RE-TAL-009', '', 'PARTES RECIBIDAS', 'Caño col.de adm.de turb.(alu.)', 'checkbox', '', 1000, NULL, '2018-07-30 00:35:27', '28', 22, 0, '', 20111, 3, 1021, 0),
(24, 'Registro Recepcion de componente RE-TAL-009', '', 'PARTES RECIBIDAS', 'Caño colec.de escape', 'checkbox', '', 1000, NULL, '2018-07-30 00:35:27', '28', 23, 0, '', 20111, 3, 1022, 0),
(25, 'Registro Recepcion de componente RE-TAL-009', '', 'PARTES RECIBIDAS', 'Caño de alim.aceite de turbo', 'checkbox', '', 1000, NULL, '2018-07-30 00:35:27', '28', 24, 0, '', 20111, 3, 1023, 0),
(26, 'Registro Recepcion de componente RE-TAL-009', '', 'PARTES RECIBIDAS', 'Caño de combustible', 'checkbox', '', 1000, NULL, '2018-07-30 00:35:27', '28', 25, 0, '', 20111, 3, 1024, 0),
(27, 'Registro Recepcion de componente RE-TAL-009', '', 'PARTES RECIBIDAS', 'Caño de entrada de aceite', 'checkbox', '', 1000, NULL, '2018-07-30 00:35:27', '28', 26, 0, '', 20111, 3, 1025, 0),
(28, 'Registro Recepcion de componente RE-TAL-009', '', 'PARTES RECIBIDAS', 'Caño de retorno', 'checkbox', '', 1000, NULL, '2018-07-30 00:35:27', '28', 27, 0, '', 20111, 3, 1026, 0),
(29, 'Registro Recepcion de componente RE-TAL-009', '', 'PARTES RECIBIDAS', 'Caño superior retorno de tubo', 'checkbox', '', 1000, NULL, '2018-07-30 00:35:27', '28', 28, 0, '', 20111, 3, 1060, 0),
(30, 'Registro Recepcion de componente RE-TAL-009', '', 'PARTES RECIBIDAS', 'Caño inferior retorno de tubo', 'checkbox', '', 1000, NULL, '2018-07-30 00:35:27', '28', 28, 0, '', 20111, 3, 1027, 0),
(31, 'Registro Recepcion de componente RE-TAL-009', '', 'PARTES RECIBIDAS', 'Caños de inyector', 'checkbox', '', 1000, NULL, '2018-07-30 00:35:27', '28', 29, 0, '', 20111, 3, 1028, 0),
(32, 'Registro Recepcion de componente RE-TAL-009', '', 'PARTES RECIBIDAS', 'Carburador', 'checkbox', '', 1000, NULL, '2018-07-30 00:35:27', '28', 30, 0, '', 20111, 3, 1029, 0),
(33, 'Registro Recepcion de componente RE-TAL-009', '', 'PARTES RECIBIDAS', 'Carcaza cubre volante', 'checkbox', '', 1000, NULL, '2018-07-30 00:35:27', '28', 31, 0, '', 20111, 3, 1030, 0),
(34, 'Registro Recepcion de componente RE-TAL-009', '', 'PARTES RECIBIDAS', 'Carcaza de distribucion', 'checkbox', '', 1000, NULL, '2018-07-30 00:35:27', '28', 32, 0, '', 20111, 3, 1031, 0),
(35, 'Registro Recepcion de componente RE-TAL-009', '', 'PARTES RECIBIDAS', 'Carters c/bulones', 'checkbox', '', 1000, NULL, '2018-07-30 00:35:27', '28', 33, 0, '', 20111, 3, 1032, 0),
(36, 'Registro Recepcion de componente RE-TAL-009', '', 'PARTES RECIBIDAS', 'Chapa cubre volante chica', 'checkbox', '', 1000, NULL, '2018-07-30 00:35:27', '28', 35, 0, '', 20111, 3, 1033, 0),
(37, 'Registro Recepcion de componente RE-TAL-009', '', 'PARTES RECIBIDAS', 'Chapa cubre volante grande', 'checkbox', '', 1000, NULL, '2018-07-30 00:35:27', '28', 36, 0, '', 20111, 3, 1034, 0),
(38, 'Registro Recepcion de componente RE-TAL-009', '', 'PARTES RECIBIDAS', 'Chaveta de arbol de levas', 'checkbox', '', 1000, NULL, '2018-07-30 00:35:27', '28', 37, 0, '', 20111, 3, 1035, 0),
(39, 'Registro Recepcion de componente RE-TAL-009', '', 'PARTES RECIBIDAS', 'Chaveta de cigueñal', 'checkbox', '', 1000, NULL, '2018-07-30 00:35:27', '28', 38, 0, '', 20111, 3, 1036, 0),
(40, 'Registro Recepcion de componente RE-TAL-009', '', 'PARTES RECIBIDAS', 'Cigueñal del compresor', 'checkbox', '', 1000, NULL, '2018-07-30 00:35:27', '28', 39, 0, '', 20111, 3, 1037, 0),
(41, 'Registro Recepcion de componente RE-TAL-009', '', 'PARTES RECIBIDAS', 'Cigueñal', 'checkbox', '', 1000, NULL, '2018-07-30 00:35:27', '28', 40, 0, '', 20111, 3, 1038, 0),
(42, 'Registro Recepcion de componente RE-TAL-009', '', 'PARTES RECIBIDAS', 'Chupador de bomba de aceite', 'checkbox', '', 1000, NULL, '2018-07-30 00:35:27', '28', 41, 0, '', 20111, 3, 1039, 0),
(43, 'Registro Recepcion de componente RE-TAL-009', '', 'PARTES RECIBIDAS', 'Cilindro de compresor', 'checkbox', '', 1000, NULL, '2018-07-30 00:35:27', '28', 42, 0, '', 20111, 3, 1041, 0),
(44, 'Registro Recepcion de componente RE-TAL-009', '', 'PARTES RECIBIDAS', 'Contrapesos', 'checkbox', '', 1000, NULL, '2018-07-30 00:35:27', '28', 43, 0, '', 20111, 3, 1042, 0),
(45, 'Registro Recepcion de componente RE-TAL-009', '', 'PARTES RECIBIDAS', 'Corona de arranque', 'checkbox', '', 1000, NULL, '2018-07-30 00:35:27', '28', 44, 0, '', 20111, 3, 1043, 0),
(46, 'Registro Recepcion de componente RE-TAL-009', '', 'PARTES RECIBIDAS', 'Depresor', 'checkbox', '', 1000, NULL, '2018-07-30 00:35:27', '28', 45, 0, '', 20111, 3, 1044, 0),
(47, 'Registro Recepcion de componente RE-TAL-009', '', 'PARTES RECIBIDAS', 'Disco de embrague', 'checkbox', '', 1000, NULL, '2018-07-30 00:35:27', '28', 46, 0, '', 20111, 3, 1045, 0),
(48, 'Registro Recepcion de componente RE-TAL-009', '', 'PARTES RECIBIDAS', 'Distribuidor', 'checkbox', '', 1000, NULL, '2018-07-30 00:35:27', '28', 47, 0, '', 20111, 3, 1046, 0),
(49, 'Registro Recepcion de componente RE-TAL-009', '', 'PARTES RECIBIDAS', 'Eje de balancines', 'checkbox', '', 1000, NULL, '2018-07-30 00:35:27', '28', 48, 0, '', 20111, 3, 1047, 0),
(50, 'Registro Recepcion de componente RE-TAL-009', '', 'PARTES RECIBIDAS', 'Engranaje de arbol de levas', 'checkbox', '', 1000, NULL, '2018-07-30 00:35:27', '28', 49, 0, '', 20111, 3, 1048, 0),
(51, 'Registro Recepcion de componente RE-TAL-009', '', 'PARTES RECIBIDAS', 'Engranaje de cigueñal', 'checkbox', '', 1000, NULL, '2018-07-30 00:35:27', '28', 50, 0, '', 20111, 3, 1049, 0),
(52, 'Registro Recepcion de componente RE-TAL-009', '', 'PARTES RECIBIDAS', 'Esparragos de tapa de cilindros', 'checkbox', '', 1000, NULL, '2018-07-30 00:35:27', '28', 51, 0, '', 20111, 3, 1050, 0),
(53, 'Registro Recepcion de componente RE-TAL-009', '', 'PARTES RECIBIDAS', 'Filtro de aire', 'checkbox', '', 1000, NULL, '2018-07-30 00:35:27', '28', 52, 0, '', 20111, 3, 1051, 0),
(54, 'Registro Recepcion de componente RE-TAL-009', '', 'PARTES RECIBIDAS', 'Filtro de combustible', 'checkbox', '', 1000, NULL, '2018-07-30 00:35:27', '28', 53, 0, '', 20111, 3, 1052, 0),
(55, 'Registro Recepcion de componente RE-TAL-009', '', 'PARTES RECIBIDAS', 'Gancho de motor delantero', 'checkbox', '', 1000, NULL, '2018-07-30 00:35:27', '28', 54, 0, '', 20111, 3, 1053, 0),
(56, 'Registro Recepcion de componente RE-TAL-009', '', 'PARTES RECIBIDAS', 'Gancho de motor trasero', 'checkbox', '', 1000, NULL, '2018-07-30 00:35:27', '28', 55, 0, '', 20111, 3, 1054, 0),
(57, 'Registro Recepcion de componente RE-TAL-009', '', 'PARTES RECIBIDAS', 'Indicador de puestas a punto', 'checkbox', '', 1000, NULL, '2018-07-30 00:35:27', '28', 56, 0, '', 20111, 3, 1055, 0),
(58, 'Registro Recepcion de componente RE-TAL-009', '', 'PARTES RECIBIDAS', 'Inyectores', 'checkbox', '', 1000, NULL, '2018-07-30 00:35:27', '28', 57, 0, '', 20111, 3, 1056, 0),
(59, 'Registro Recepcion de componente RE-TAL-009', '', 'PARTES RECIBIDAS', 'Leva de embrague', 'checkbox', '', 1000, NULL, '2018-07-30 00:35:27', '28', 58, 0, '', 20111, 3, 1057, 0),
(60, 'Registro Recepcion de componente RE-TAL-009', '', 'PARTES RECIBIDAS', 'Montantes de motor', 'checkbox', '', 1000, NULL, '2018-07-30 00:35:27', '28', 59, 0, '', 20111, 3, 1058, 0),
(61, 'Registro Recepcion de componente RE-TAL-009', '', 'PARTES RECIBIDAS', 'Motor de arranque', 'checkbox', '', 1000, NULL, '2018-07-30 00:35:27', '28', 60, 0, '', 20111, 3, 1059, 0),
(62, 'Registro Recepcion de componente RE-TAL-009', '', 'PARTES RECIBIDAS', 'Mecanismo de aceleracion', 'checkbox', '', 1000, NULL, '2018-07-30 00:35:27', '28', 62, 0, '', 20111, 3, 1061, 0),
(63, 'Registro Recepcion de componente RE-TAL-009', '', 'PARTES RECIBIDAS', 'Multiple de admision', 'checkbox', '', 1000, NULL, '2018-07-30 00:35:27', '28', 63, 0, '', 20111, 3, 1062, 0),
(64, 'Registro Recepcion de componente RE-TAL-009', '', 'PARTES RECIBIDAS', 'Multiple de escape', 'checkbox', '', 1000, NULL, '2018-07-30 00:35:27', '28', 64, 0, '', 20111, 3, 1063, 0),
(65, 'Registro Recepcion de componente RE-TAL-009', '', 'PARTES RECIBIDAS', 'Pernos de presion', 'checkbox', '', 1000, NULL, '2018-07-30 00:35:27', '28', 65, 0, '', 20111, 3, 1064, 0),
(66, 'Registro Recepcion de componente RE-TAL-009', '', 'PARTES RECIBIDAS', 'Porta filtro aceite inferior', 'checkbox', '', 1000, NULL, '2018-07-30 00:35:27', '28', 66, 0, '', 20111, 3, 1065, 0),
(67, 'Registro Recepcion de componente RE-TAL-009', '', 'PARTES RECIBIDAS', 'Porta filtro aceite superior', 'checkbox', '', 1000, NULL, '2018-07-30 00:35:27', '28', 67, 0, '', 20111, 3, 1066, 0),
(68, 'Registro Recepcion de componente RE-TAL-009', '', 'PARTES RECIBIDAS', 'Pista reten', 'checkbox', '', 1000, NULL, '2018-07-30 00:35:27', '28', 68, 0, '', 20111, 3, 1067, 0),
(69, 'Registro Recepcion de componente RE-TAL-009', '', 'PARTES RECIBIDAS', 'Piston de compresor', 'checkbox', '', 1000, NULL, '2018-07-30 00:35:27', '28', 69, 0, '', 20111, 3, 1068, 0),
(70, 'Registro Recepcion de componente RE-TAL-009', '', 'PARTES RECIBIDAS', 'Pistones', 'checkbox', '', 1000, NULL, '2018-07-30 00:35:27', '28', 70, 0, '', 20111, 3, 1069, 0),
(71, 'Registro Recepcion de componente RE-TAL-009', '', 'PARTES RECIBIDAS', 'Placa de embrague', 'checkbox', '', 1000, NULL, '2018-07-30 00:35:27', '28', 71, 0, '', 20111, 3, 1070, 0),
(72, 'Registro Recepcion de componente RE-TAL-009', '', 'PARTES RECIBIDAS', 'Platillos de valvulas', 'checkbox', '', 1000, NULL, '2018-07-30 00:35:27', '28', 72, 0, '', 20111, 3, 1071, 0),
(73, 'Registro Recepcion de componente RE-TAL-009', '', 'PARTES RECIBIDAS', 'Polea balanceadora D/3', 'checkbox', '', 1000, NULL, '2018-07-30 00:35:27', '28', 73, 0, '', 20111, 3, 1072, 0),
(74, 'Registro Recepcion de componente RE-TAL-009', '', 'PARTES RECIBIDAS', 'Polea bomba de agua', 'checkbox', '', 1000, NULL, '2018-07-30 00:35:27', '28', 74, 0, '', 20111, 3, 1073, 0),
(75, 'Registro Recepcion de componente RE-TAL-009', '', 'PARTES RECIBIDAS', 'Porta termostato inferior', 'checkbox', '', 1000, NULL, '2018-07-30 00:35:27', '28', 75, 0, '', 20111, 3, 1074, 0),
(76, 'Registro Recepcion de componente RE-TAL-009', '', 'PARTES RECIBIDAS', 'Porta termostato superior', 'checkbox', '', 1000, NULL, '2018-07-30 00:35:27', '28', 76, 0, '', 20111, 3, 1075, 0),
(77, 'Registro Recepcion de componente RE-TAL-009', '', 'PARTES RECIBIDAS', 'Prisioneros soporte balancin', 'checkbox', '', 1000, NULL, '2018-07-30 00:35:27', '28', 77, 0, '', 20111, 3, 1076, 0),
(78, 'Registro Recepcion de componente RE-TAL-009', '', 'PARTES RECIBIDAS', ' Radiadores de aceite con tornillos', 'checkbox', '', 1000, NULL, '2018-07-30 00:35:27', '28', 78, 0, '', 20111, 3, 1077, 0),
(79, 'Registro Recepcion de componente RE-TAL-009', '', 'PARTES RECIBIDAS', 'Reguladores de balancines', 'checkbox', '', 1000, NULL, '2018-07-30 00:35:27', '28', 79, 0, '', 20111, 3, 1078, 0),
(80, 'Registro Recepcion de componente RE-TAL-009', '', 'PARTES RECIBIDAS', 'Resorte de valvulas', 'checkbox', '', 1000, NULL, '2018-07-30 00:35:27', '28', 80, 0, '', 20111, 3, 1079, 0),
(81, 'Registro Recepcion de componente RE-TAL-009', '', 'PARTES RECIBIDAS', 'Resortes de balancines', 'checkbox', '', 1000, NULL, '2018-07-30 00:35:27', '28', 81, 0, '', 20111, 3, 1080, 0),
(82, 'Registro Recepcion de componente RE-TAL-009', '', 'PARTES RECIBIDAS', 'Rompe olas', 'checkbox', '', 1000, NULL, '2018-07-30 00:35:27', '28', 82, 0, '', 20111, 3, 1040, 0),
(83, 'Registro Recepcion de componente RE-TAL-009', '', 'PARTES RECIBIDAS', 'Seguro de valvulas', 'checkbox', '', 1000, NULL, '2018-07-30 00:35:27', '28', 83, 0, '', 20111, 3, 1081, 0),
(84, 'Registro Recepcion de componente RE-TAL-009', '', 'PARTES RECIBIDAS', 'Sensor', 'checkbox', '', 1000, NULL, '2018-07-30 00:35:27', '28', 84, 0, '', 20111, 3, 1120, 0),
(85, 'Registro Recepcion de componente RE-TAL-009', '', 'PARTES RECIBIDAS', 'Sensor de presion de aceite', 'checkbox', '', 1000, NULL, '2018-07-30 00:35:27', '28', 84, 0, '', 20111, 3, 1082, 0),
(86, 'Registro Recepcion de componente RE-TAL-009', '', 'PARTES RECIBIDAS', 'Sensor de temperatura', 'checkbox', '', 1000, NULL, '2018-07-30 00:35:27', '28', 85, 0, '', 20111, 3, 1083, 0),
(87, 'Registro Recepcion de componente RE-TAL-009', '', 'PARTES RECIBIDAS', 'Separador de bomba de agua', 'checkbox', '', 1000, NULL, '2018-07-30 00:35:27', '28', 86, 0, '', 20111, 3, 1084, 0),
(88, 'Registro Recepcion de componente RE-TAL-009', '', 'PARTES RECIBIDAS', 'Separador de motor de arranque', 'checkbox', '', 1000, NULL, '2018-07-30 00:35:27', '28', 87, 0, '', 20111, 3, 1085, 0),
(89, 'Registro Recepcion de componente RE-TAL-009', '', 'PARTES RECIBIDAS', 'Soporte de alternador', 'checkbox', '', 1000, NULL, '2018-07-30 00:35:27', '28', 88, 0, '', 20111, 3, 1086, 0),
(90, 'Registro Recepcion de componente RE-TAL-009', '', 'PARTES RECIBIDAS', 'Soporte de motor', 'checkbox', '', 1000, NULL, '2018-07-30 00:35:27', '28', 89, 0, '', 20111, 3, 1087, 0),
(91, 'Registro Recepcion de componente RE-TAL-009', '', 'PARTES RECIBIDAS', 'Soporte de multiple de escape', 'checkbox', '', 1000, NULL, '2018-07-30 00:35:27', '28', 90, 0, '', 20111, 3, 1088, 0),
(92, 'Registro Recepcion de componente RE-TAL-009', '', 'PARTES RECIBIDAS', 'Soporte filtro de gasoil DH', 'checkbox', '', 1000, NULL, '2018-07-30 00:35:27', '28', 91, 0, '', 20111, 3, 1089, 0),
(93, 'Registro Recepcion de componente RE-TAL-009', '', 'PARTES RECIBIDAS', 'Tapa de carcaza cubre volante', 'checkbox', '', 1000, NULL, '2018-07-30 00:35:27', '28', 92, 0, '', 20111, 3, 1090, 0),
(94, 'Registro Recepcion de componente RE-TAL-009', '', 'PARTES RECIBIDAS', 'Tapa de cilindros', 'checkbox', '', 1000, NULL, '2018-07-30 00:35:27', '28', 93, 0, '', 20111, 3, 1091, 0),
(95, 'Registro Recepcion de componente RE-TAL-009', '', 'PARTES RECIBIDAS', 'Tapa de compresor M/V M/N', 'checkbox', '', 1000, NULL, '2018-07-30 00:35:27', '28', 94, 0, '', 20111, 3, 1092, 0),
(96, 'Registro Recepcion de componente RE-TAL-009', '', 'PARTES RECIBIDAS', 'Tapa de distribucion', 'checkbox', '', 1000, NULL, '2018-07-30 00:35:27', '28', 95, 0, '', 20111, 3, 1093, 0),
(97, 'Registro Recepcion de componente RE-TAL-009', '', 'PARTES RECIBIDAS', 'Tapa de inspeccion', 'checkbox', '', 1000, NULL, '2018-07-30 00:35:27', '28', 96, 0, '', 20111, 3, 1094, 0),
(98, 'Registro Recepcion de componente RE-TAL-009', '', 'PARTES RECIBIDAS', 'Tapa de inspeccion con respirador', 'checkbox', '', 1000, NULL, '2018-07-30 00:35:27', '28', 97, 0, '', 20111, 3, 1095, 0),
(99, 'Registro Recepcion de componente RE-TAL-009', '', 'PARTES RECIBIDAS', 'Tapa lateral', 'checkbox', '', 1000, NULL, '2018-07-30 00:35:27', '28', 98, 0, '', 20111, 3, 1096, 0),
(100, 'Registro Recepcion de componente RE-TAL-009', '', 'PARTES RECIBIDAS', 'Tapa balancines M/N - M/V', 'checkbox', '', 1000, NULL, '2018-07-30 00:35:27', '28', 99, 0, '', 20111, 3, 1097, 0),
(101, 'Registro Recepcion de componente RE-TAL-009', '', 'PARTES RECIBIDAS', 'Tapa de distribucion', 'checkbox', '', 1000, NULL, '2018-07-30 00:35:27', '28', 100, 0, '', 20111, 3, 1098, 0),
(102, 'Registro Recepcion de componente RE-TAL-009', '', 'PARTES RECIBIDAS', 'Tapa de inspeccion', 'checkbox', '', 1000, NULL, '2018-07-30 00:35:27', '28', 101, 0, '', 20111, 3, 1099, 0),
(103, 'Registro Recepcion de componente RE-TAL-009', '', 'PARTES RECIBIDAS', 'Tapa de inspeccion con respirador', 'checkbox', '', 1000, NULL, '2018-07-30 00:35:27', '28', 102, 0, '', 20111, 3, 1100, 0),
(104, 'Registro Recepcion de componente RE-TAL-009', '', 'PARTES RECIBIDAS', 'Tapa lateral', 'checkbox', '', 1000, NULL, '2018-07-30 00:35:27', '28', 103, 0, '', 20111, 3, 1101, 0),
(105, 'Registro Recepcion de componente RE-TAL-009', '', 'PARTES RECIBIDAS', 'Tapa balancines M/N - M/V', 'checkbox', '', 1000, NULL, '2018-07-30 00:35:27', '28', 104, 0, '', 20111, 3, 1102, 0),
(106, 'Registro Recepcion de componente RE-TAL-009', '', 'PARTES RECIBIDAS', 'Tapas de bancada', 'checkbox', '', 1000, NULL, '2018-07-30 00:35:27', '28', 105, 0, '', 20111, 3, 1104, 0),
(107, 'Registro Recepcion de componente RE-TAL-009', '', 'PARTES RECIBIDAS', 'Tuercas de inyectores', 'checkbox', '', 1000, NULL, '2018-07-30 00:35:27', '28', 106, 0, '', 20111, 3, 1110, 0),
(108, 'Registro Recepcion de componente RE-TAL-009', '', 'PARTES RECIBIDAS', 'Tuercas de tapas de cilindros', 'checkbox', '', 1000, NULL, '2018-07-30 00:35:27', '28', 106, 0, '', 20111, 3, 1111, 0),
(109, 'Registro Recepcion de componente RE-TAL-009', '', 'PARTES RECIBIDAS', 'Tapon de block', 'checkbox', '', 1000, NULL, '2018-07-30 00:35:27', '28', 106, 0, '', 20111, 3, 1105, 0),
(110, 'Registro Recepcion de componente RE-TAL-009', '', 'PARTES RECIBIDAS', 'Tensor de alternador', 'checkbox', '', 1000, NULL, '2018-07-30 00:35:27', '28', 107, 0, '', 20111, 3, 1106, 0),
(111, 'Registro Recepcion de componente RE-TAL-009', '', 'PARTES RECIBIDAS', 'Turbo', 'checkbox', '', 1000, NULL, '2018-07-30 00:35:27', '28', 107, 0, '', 20111, 3, 1117, 0),
(112, 'Registro Recepcion de componente RE-TAL-009', '', 'PARTES RECIBIDAS', 'Union ejes de balancines', 'checkbox', '', 1000, NULL, '2018-07-30 00:35:27', '28', 107, 0, '', 20111, 3, 1112, 0),
(113, 'Registro Recepcion de componente RE-TAL-009', '', 'PARTES RECIBIDAS', 'Vaina varilla de aceite', 'checkbox', '', 1000, NULL, '2018-07-30 00:35:27', '28', 108, 0, '', 20111, 3, 1103, 0),
(114, 'Registro Recepcion de componente RE-TAL-009', '', 'PARTES RECIBIDAS', 'Varilla nivel de aceite', 'checkbox', '', 1000, NULL, '2018-07-30 00:35:27', '28', 109, 0, '', 20111, 3, 1107, 0),
(115, 'Registro Recepcion de componente RE-TAL-009', '', 'PARTES RECIBIDAS', 'Varilla alza valvulas', 'checkbox', '', 1000, NULL, '2018-07-30 00:35:27', '28', 110, 0, '', 20111, 3, 1108, 0),
(116, 'Registro Recepcion de componente RE-TAL-009', '', 'PARTES RECIBIDAS', 'Torre de balancines', 'checkbox', '', 1000, NULL, '2018-07-30 00:35:27', '28', 111, 0, '', 20111, 3, 1109, 0),
(117, 'Registro Recepcion de componente RE-TAL-009', '', 'PARTES RECIBIDAS', 'Valvula corte de gas-oil vigia', 'checkbox', '', 1000, NULL, '2018-07-30 00:35:27', '28', 115, 0, '', 20111, 3, 1113, 0),
(118, 'Registro Recepcion de componente RE-TAL-009', '', 'PARTES RECIBIDAS', 'Valvulas', 'checkbox', '', 1000, NULL, '2018-07-30 00:35:27', '28', 116, 0, '', 20111, 3, 1114, 0),
(119, 'Registro Recepcion de componente RE-TAL-009', '', 'PARTES RECIBIDAS', 'Ventilador con tornillos', 'checkbox', '', 1000, NULL, '2018-07-30 00:35:27', '28', 117, 0, '', 20111, 3, 1115, 0),
(120, 'Registro Recepcion de componente RE-TAL-009', '', 'PARTES RECIBIDAS', 'Volante con bulones', 'checkbox', '', 1000, NULL, '2018-07-30 00:35:27', '28', 118, 0, '', 20111, 3, 1116, 0),
(121, 'Registro Recepcion de componente RE-TAL-009', '', 'PARTES RECIBIDAS', 'ECM o ECU', 'checkbox', '', 1000, NULL, '2018-07-30 00:35:27', '28', 120, 0, '', 20111, 3, 1119, 0);

-- --------------------------------------------------------

--
-- Estructura de tabla para la tabla `frm_grupos`
--

CREATE TABLE `frm_grupos` (
  `GRUP_ID` int(11) NOT NULL,
  `NOMBRE` varchar(1000) NOT NULL,
  `PISTA` varchar(1000) DEFAULT NULL,
  `FEC_CREACION` timestamp NOT NULL DEFAULT CURRENT_TIMESTAMP,
  `CATE_ID` int(11) DEFAULT NULL,
  `ORDEN` int(11) DEFAULT NULL
) ENGINE=InnoDB DEFAULT CHARSET=latin1;

--
-- Volcado de datos para la tabla `frm_grupos`
--

INSERT INTO `frm_grupos` (`GRUP_ID`, `NOMBRE`, `PISTA`, `FEC_CREACION`, `CATE_ID`, `ORDEN`) VALUES
(1, 'A-Turbina', NULL, '2018-07-28 15:53:39', 1, 1),
(2, 'B-Rueda Compresora', NULL, '2018-07-28 16:01:40', 1, 2),
(3, 'C-Carcaza de Admision', NULL, '2018-07-28 16:03:06', 1, 3),
(4, 'D-Carcaza de Escape', NULL, '2018-07-28 16:04:05', 1, 4),
(5, 'E-Valvula WG', NULL, '2018-07-28 16:05:18', 1, 5),
(6, 'F-Valvula Electronica Geo Variable', NULL, '2018-07-28 16:06:03', 1, 6),
(7, 'G-Valvula Comandada por WG', NULL, '2018-07-28 16:07:51', 1, 7),
(8, 'H-Mecanismo de Geo Variable', NULL, '2018-07-28 16:08:38', 1, 8),
(9, '1-Eje:', NULL, '2018-07-28 16:16:25', 2, 1),
(10, '2-Cuerpo', NULL, '2018-07-28 16:20:01', 2, 2),
(11, '3-Placa Trasera ', NULL, '2018-07-28 16:21:47', 2, 3),
(12, '4-Sistema Axial', NULL, '2018-07-28 16:23:15', 2, 4),
(13, '5-Aros', NULL, '2018-07-28 16:24:22', 2, 5),
(14, '6-Bujes', NULL, '2018-07-28 16:24:28', 2, 6),
(15, 'Descripcion De Bomba:', NULL, '2018-07-28 17:04:30', 3, 1),
(16, 'Descripcio de Inyectores:', NULL, '2018-07-28 17:06:55', 3, 2),
(17, '', NULL, '2018-07-28 17:15:26', 4, 1),
(18, '1-Tapa Valvula', NULL, '2018-07-28 17:18:20', 5, 1),
(19, '2-Tapa Distribucion', NULL, '2018-07-28 17:21:38', 5, 2),
(20, '3-Carter', NULL, '2018-07-28 17:23:19', 5, 3),
(21, '4-Carcaza Cubre Volante', NULL, '2018-07-28 17:24:48', 5, 4),
(22, '5-Laterales de Block (inspeccion)', NULL, '2018-07-28 17:26:34', 5, 5),
(23, '1-Volante', NULL, '2018-07-28 17:33:40', 6, 1),
(24, '2-Corona de Arranque', NULL, '2018-07-28 17:33:56', 6, 2),
(25, '3-Polea de Cigueñal', NULL, '2018-07-28 17:34:10', 6, 3),
(26, '4-Engranaje de Distribucion', NULL, '2018-07-28 17:35:12', 6, 4),
(27, '5-Cadena de Distribucion ', NULL, '2018-07-28 17:35:32', 6, 5),
(28, '6-Tensor y Patin de Cadena', NULL, '2018-07-28 17:42:47', 6, 6),
(29, '7-Placa y Disco Embrague', NULL, '2018-07-28 17:43:53', 6, 7),
(30, '8-Paleta de Ventilador', NULL, '2018-07-28 17:45:59', 6, 8),
(31, '9-Poleas de Accesorios (Bomba de Agua)', NULL, '2018-07-28 17:51:54', 6, 9),
(32, '10-Polea Multicanal', NULL, '2018-07-28 17:56:28', 6, 10),
(33, '11-Tensores Multicanal', NULL, '2018-07-28 17:56:38', 6, 11),
(34, '1-Bomba de Aceite', NULL, '2018-07-28 18:00:26', 7, 1),
(35, '2-Bulbo Presion de Aceite', NULL, '2018-07-28 18:01:13', 7, 2),
(36, '3-Tubo Carga de Aceite', NULL, '2018-07-28 18:01:24', 7, 3),
(37, '4-Tubo de Alimentacion de Turbo', NULL, '2018-07-28 18:01:33', 7, 4),
(38, '5-Tubo Retorno de Turbo', NULL, '2018-07-28 18:01:45', 7, 5),
(39, '6-Tubo Porta Varilla de Aceite', NULL, '2018-07-28 18:01:53', 7, 6),
(40, '7- Varilla de Aceite', NULL, '2018-07-28 18:02:25', 7, 7),
(41, '8-Porta Filtro de Aceite Inferior', NULL, '2018-07-28 18:07:04', 7, 8),
(42, '9-Porta Filtro de Aceite Superior', NULL, '2018-07-28 18:07:16', 7, 9),
(43, '10-Respiradero de Motor', NULL, '2018-07-28 18:07:27', 7, 10),
(44, '11-Tubos de Lubricacion de Accesorios', NULL, '2018-07-28 18:07:44', 7, 11),
(45, '12-Chupador de Bomba de Aceite', NULL, '2018-07-28 18:08:04', 7, 12),
(46, '13-Radiador de Aceite', NULL, '2018-07-28 18:08:18', 7, 13),
(47, '1-Bomba de Agua', NULL, '2018-07-28 18:22:31', 8, 1),
(48, '2-Bulbo de Temperatura', NULL, '2018-07-28 18:22:47', 8, 2),
(49, '3-Termostato', NULL, '2018-07-28 18:22:54', 8, 3),
(50, '4-Porta Termostato Inferior', NULL, '2018-07-28 18:23:03', 8, 4),
(51, '5-Porta Termostato Superior', NULL, '2018-07-28 18:23:13', 8, 5),
(52, '6-Inter Cooler', NULL, '2018-07-28 18:23:24', 8, 6),
(53, '7-Polea de Ventilador', NULL, '2018-07-28 18:23:35', 8, 7),
(54, '8-Tuberia de Accesorios de Agua', NULL, '2018-07-28 18:23:44', 8, 8),
(55, '9-Tuberia de Agua Turbo', NULL, '2018-07-28 18:23:55', 8, 9),
(56, '10- Mangueras de Agua', NULL, '2018-07-28 18:24:11', 8, 10),
(57, '1-Bomba Inyectora', NULL, '2018-07-28 18:39:54', 9, 1),
(58, '2-Bomba de Presion Principal', NULL, '2018-07-28 18:41:44', 9, 2),
(59, '3-Inyectores', NULL, '2018-07-28 18:43:54', 9, 3),
(60, '4-Bujias de Precalentamiento', NULL, '2018-07-28 18:45:06', 9, 4),
(61, '5-Tubos de Inyectores', NULL, '2018-07-28 18:46:51', 9, 5),
(62, '6-Tubo Alimentador Comb.', NULL, '2018-07-28 18:48:20', 9, 6),
(63, '7-Tubo Retorno Comb.', NULL, '2018-07-28 18:51:39', 9, 7),
(64, '8-Porta Filtro de Aire', NULL, '2018-07-28 18:53:49', 9, 8),
(65, '9-Sistema de Aceleracion', NULL, '2018-07-28 18:54:46', 9, 9),
(66, '10-Sistema de Arranque y Parada', NULL, '2018-07-28 18:56:05', 9, 10),
(67, '11-Sistema de Purgado', NULL, '2018-07-28 18:57:53', 9, 11),
(68, '12-Porta Filtro de Combustible', NULL, '2018-07-28 18:59:52', 9, 12),
(69, '13-Multiple de Admision', NULL, '2018-07-28 19:01:33', 9, 13),
(70, 'a)Inyectores', NULL, '2018-07-28 19:07:18', 10, 1),
(71, 'b)Motores PAP', NULL, '2018-07-28 19:07:33', 10, 2),
(72, 'c)Bomba Alimentador', NULL, '2018-07-28 19:07:52', 10, 3),
(73, 'd)Tubos Distribucion', NULL, '2018-07-28 19:08:06', 10, 4),
(74, 'e)Porta Filtros', NULL, '2018-07-28 19:08:24', 10, 5),
(75, 'f)Tubos de Retorno', NULL, '2018-07-28 19:08:38', 10, 6),
(77, '15-Bomba Alimentadora', NULL, '2018-07-28 22:42:55', 10, 8),
(78, '16-Cañerias de Combustible en General', NULL, '2018-07-28 22:43:15', 10, 9),
(79, '17-Valvulas de Sobre Presion de Combustible', NULL, '2018-07-28 22:43:28', 10, 10),
(80, '', NULL, '2018-07-28 23:04:07', 11, 1),
(81, 'Levas Admision', NULL, '2018-07-28 23:07:10', 12, 1),
(82, 'Levas Escape', NULL, '2018-07-28 23:07:17', 12, 2),
(83, 'Apoyo de Levas', NULL, '2018-07-28 23:07:25', 12, 3),
(85, '', NULL, '2018-07-28 23:12:17', 13, 1),
(86, '', NULL, '2018-07-28 23:13:47', 14, 1),
(87, 'Levas Admision', NULL, '2018-07-28 23:17:10', 15, 1),
(88, 'Levas Escape:', NULL, '2018-07-28 23:17:57', 15, 2),
(89, 'Apoyo de Leva:', NULL, '2018-07-28 23:18:49', 15, 3),
(90, '1 – Roscas Internas', NULL, '2018-07-28 23:21:58', 16, 1),
(91, '2 – Chavetero', NULL, '2018-07-28 23:22:04', 16, 2),
(92, ' 3 – Brida', NULL, '2018-07-28 23:22:10', 16, 3),
(93, '4 – Otros', NULL, '2018-07-28 23:22:17', 16, 4),
(94, '', NULL, '2018-07-28 23:23:05', 17, 1),
(95, '', NULL, '2018-07-28 23:23:11', 18, 1),
(96, '', NULL, '2018-07-28 23:29:50', 19, 1),
(97, '01', NULL, '2018-07-28 23:30:59', 20, 1),
(98, '02', NULL, '2018-07-28 23:31:01', 20, 2),
(99, '03', NULL, '2018-07-28 23:31:04', 20, 3),
(101, '04', NULL, '2018-07-28 23:33:30', 20, 4),
(102, '05', NULL, '2018-07-28 23:33:32', 20, 5),
(103, '06', NULL, '2018-07-28 23:33:35', 20, 6),
(104, '07', NULL, '2018-07-28 23:33:40', 20, 7),
(105, '08', NULL, '2018-07-28 23:33:47', 20, 8),
(106, '09', NULL, '2018-07-28 23:33:51', 20, 9),
(107, '10', NULL, '2018-07-28 23:33:54', 20, 10),
(108, '11', NULL, '2018-07-28 23:33:56', 20, 11),
(109, '12', NULL, '2018-07-28 23:33:58', 20, 12),
(110, '13', NULL, '2018-07-28 23:34:00', 20, 13),
(111, '14', NULL, '2018-07-28 23:34:03', 20, 14),
(112, '15', NULL, '2018-07-28 23:34:06', 20, 15),
(113, '16', NULL, '2018-07-28 23:34:09', 20, 16),
(114, 'n', NULL, '2018-07-28 23:34:12', 20, 17),
(122, '01', NULL, '2018-07-28 23:45:30', 21, 1),
(123, '02', NULL, '2018-07-28 23:45:32', 21, 2),
(124, '03', NULL, '2018-07-28 23:45:35', 21, 3),
(125, '04', NULL, '2018-07-28 23:45:37', 21, 4),
(126, '05', NULL, '2018-07-28 23:45:39', 21, 5),
(127, '06', NULL, '2018-07-28 23:45:41', 21, 6),
(128, '07', NULL, '2018-07-28 23:45:45', 21, 7),
(129, '08', NULL, '2018-07-28 23:45:48', 21, 8),
(130, '09', NULL, '2018-07-28 23:45:51', 21, 9),
(131, '10', NULL, '2018-07-28 23:45:53', 21, 10),
(132, '11', NULL, '2018-07-28 23:45:55', 21, 11),
(133, '12', NULL, '2018-07-28 23:45:57', 21, 12),
(134, '13', NULL, '2018-07-28 23:46:00', 21, 13),
(135, '14', NULL, '2018-07-28 23:46:03', 21, 14),
(136, '15', NULL, '2018-07-28 23:46:06', 21, 15),
(137, '16', NULL, '2018-07-28 23:46:09', 21, 16),
(138, 'n', NULL, '2018-07-28 23:46:11', 21, 17),
(140, '', NULL, '2018-07-28 23:50:10', 22, 1),
(141, '01', NULL, '2018-07-28 23:51:32', 22, 2),
(142, '02', NULL, '2018-07-28 23:51:34', 22, 3),
(143, '03', NULL, '2018-07-29 00:01:37', 22, 4),
(144, '04', NULL, '2018-07-29 00:01:42', 22, 5),
(145, '05', NULL, '2018-07-29 00:01:45', 22, 6),
(146, '06', NULL, '2018-07-29 00:01:48', 22, 7),
(147, '07', NULL, '2018-07-29 00:02:04', 22, 8),
(148, '08', NULL, '2018-07-29 00:02:07', 22, 9),
(149, '09', NULL, '2018-07-29 00:02:11', 22, 10),
(150, '10', NULL, '2018-07-29 00:02:15', 22, 11),
(151, '11', NULL, '2018-07-29 00:02:17', 22, 12),
(152, '12', NULL, '2018-07-29 00:02:19', 22, 13),
(153, '13', NULL, '2018-07-29 00:02:22', 22, 14),
(154, '14', NULL, '2018-07-29 00:02:25', 22, 15),
(155, '15', NULL, '2018-07-29 00:02:28', 22, 16),
(156, '16', NULL, '2018-07-29 00:02:32', 22, 17),
(157, 'N', NULL, '2018-07-29 00:02:35', 22, 18),
(158, '', NULL, '2018-07-29 00:15:10', 23, 1),
(159, '01', NULL, '2018-07-29 00:15:44', 23, 2),
(160, '02', NULL, '2018-07-29 00:15:48', 23, 3),
(161, '03', NULL, '2018-07-29 00:15:52', 23, 4),
(162, '04', NULL, '2018-07-29 00:15:56', 23, 5),
(163, '05', NULL, '2018-07-29 00:15:59', 23, 6),
(164, '06', NULL, '2018-07-29 00:16:05', 23, 7),
(165, '07', NULL, '2018-07-29 00:16:08', 23, 8),
(166, '08', NULL, '2018-07-29 00:16:10', 23, 9),
(167, '09', NULL, '2018-07-29 00:16:13', 23, 10),
(168, '10', NULL, '2018-07-29 00:16:16', 23, 11),
(169, '11', NULL, '2018-07-29 00:16:18', 23, 12),
(170, '12', NULL, '2018-07-29 00:16:20', 23, 13),
(171, '13', NULL, '2018-07-29 00:16:22', 23, 14),
(172, '14', NULL, '2018-07-29 00:16:24', 23, 15),
(173, '15', NULL, '2018-07-29 00:16:27', 23, 16),
(174, '16', NULL, '2018-07-29 00:16:30', 23, 17),
(175, 'n', NULL, '2018-07-29 00:16:32', 23, 18),
(176, '01', NULL, '2018-07-29 04:22:29', 24, 1),
(177, '02', NULL, '2018-07-29 04:22:46', 24, 2),
(178, '03', NULL, '2018-07-29 04:22:54', 24, 3),
(179, '04', NULL, '2018-07-29 04:23:05', 24, 4),
(180, '05', NULL, '2018-07-29 04:23:13', 24, 5),
(181, '06', NULL, '2018-07-29 04:25:22', 24, 6),
(182, '07', NULL, '2018-07-29 04:25:30', 24, 7),
(183, '08', NULL, '2018-07-29 04:25:38', 24, 8),
(184, '09', NULL, '2018-07-29 04:25:49', 24, 9),
(185, '10', NULL, '2018-07-29 04:25:59', 24, 10),
(186, '11', NULL, '2018-07-29 04:26:05', 24, 11),
(187, '12', NULL, '2018-07-29 04:26:12', 24, 12),
(188, '13', NULL, '2018-07-29 04:26:20', 24, 13),
(189, '14', NULL, '2018-07-29 04:26:30', 24, 14),
(190, '15', NULL, '2018-07-29 04:26:39', 24, 15),
(191, '16', NULL, '2018-07-29 04:26:48', 24, 16),
(192, 'n', NULL, '2018-07-29 04:26:57', 24, 17),
(193, '', NULL, '2018-07-29 04:28:23', 25, 1),
(194, '01', NULL, '2018-07-29 04:29:28', 25, 2),
(195, '02', NULL, '2018-07-29 04:29:34', 25, 3),
(196, '03', NULL, '2018-07-29 04:30:06', 25, 4),
(197, '04', NULL, '2018-07-29 04:30:13', 25, 5),
(198, '05', NULL, '2018-07-29 04:30:24', 25, 6),
(199, '06', NULL, '2018-07-29 04:30:33', 25, 7),
(200, '07', NULL, '2018-07-29 04:30:38', 25, 8),
(201, '08', NULL, '2018-07-29 04:30:43', 25, 9),
(202, '09', NULL, '2018-07-29 04:30:47', 25, 10),
(203, '10', NULL, '2018-07-29 04:30:50', 25, 11),
(204, '11', NULL, '2018-07-29 04:30:52', 25, 12),
(205, '12', NULL, '2018-07-29 04:30:54', 25, 13),
(206, '13', NULL, '2018-07-29 04:30:57', 25, 14),
(207, '14', NULL, '2018-07-29 04:31:00', 25, 15),
(208, '15', NULL, '2018-07-29 04:31:04', 25, 16),
(209, '16', NULL, '2018-07-29 04:31:07', 25, 17),
(210, 'n', NULL, '2018-07-29 04:31:10', 25, 18),
(211, '01', NULL, '2018-07-29 04:32:56', 26, 1),
(212, '02', NULL, '2018-07-29 04:32:59', 26, 2),
(213, '03', NULL, '2018-07-29 04:33:02', 26, 3),
(214, '04', NULL, '2018-07-29 04:33:04', 26, 4),
(215, '05', NULL, '2018-07-29 04:33:07', 26, 5),
(216, '06', NULL, '2018-07-29 04:33:10', 26, 6),
(217, '07', NULL, '2018-07-29 04:33:13', 26, 7),
(218, '08', NULL, '2018-07-29 04:33:17', 26, 8),
(219, '09', NULL, '2018-07-29 04:33:20', 26, 9),
(220, '10', NULL, '2018-07-29 04:33:25', 26, 10),
(221, '11', NULL, '2018-07-29 04:33:26', 26, 11),
(222, '12', NULL, '2018-07-29 04:33:28', 26, 12),
(223, '13', NULL, '2018-07-29 04:33:31', 26, 13),
(224, '14', NULL, '2018-07-29 04:33:34', 26, 14),
(225, '15', NULL, '2018-07-29 04:33:36', 26, 15),
(226, '16', NULL, '2018-07-29 04:33:43', 26, 16),
(227, 'n', NULL, '2018-07-29 04:33:46', 26, 17),
(228, '01', NULL, '2018-07-29 04:35:48', 27, 1),
(229, '02', NULL, '2018-07-29 04:35:51', 27, 2),
(230, '03', NULL, '2018-07-29 04:35:56', 27, 3),
(231, '04', NULL, '2018-07-29 04:35:59', 27, 4),
(232, '05', NULL, '2018-07-29 04:36:03', 27, 5),
(233, '06', NULL, '2018-07-29 04:36:06', 27, 6),
(234, '07', NULL, '2018-07-29 04:36:13', 27, 7),
(235, '08', NULL, '2018-07-29 04:36:16', 27, 8),
(236, '09', NULL, '2018-07-29 04:36:20', 27, 9),
(237, '10', NULL, '2018-07-29 04:36:23', 27, 10),
(238, '11', NULL, '2018-07-29 04:36:25', 27, 11),
(239, '12', NULL, '2018-07-29 04:36:27', 27, 12),
(240, '13', NULL, '2018-07-29 04:36:29', 27, 13),
(241, '14', NULL, '2018-07-29 04:36:32', 27, 14),
(242, '15', NULL, '2018-07-29 04:36:35', 27, 15),
(243, '16', NULL, '2018-07-29 04:36:38', 27, 16),
(244, 'n', NULL, '2018-07-29 04:36:41', 27, 17),
(245, '01', NULL, '2018-07-29 04:50:09', 28, 1),
(246, '02', NULL, '2018-07-29 04:50:12', 28, 2),
(247, '03', NULL, '2018-07-29 04:50:15', 28, 3),
(248, '04', NULL, '2018-07-29 04:50:18', 28, 4),
(249, '05', NULL, '2018-07-29 04:50:20', 28, 5),
(250, '06', NULL, '2018-07-29 04:50:22', 28, 6),
(251, '07', NULL, '2018-07-29 04:50:25', 28, 7),
(252, '08', NULL, '2018-07-29 04:50:27', 28, 8),
(253, '09', NULL, '2018-07-29 04:50:30', 28, 9),
(254, '10', NULL, '2018-07-29 04:50:32', 28, 10),
(255, '11', NULL, '2018-07-29 04:50:34', 28, 11),
(256, '12', NULL, '2018-07-29 04:50:36', 28, 12),
(257, '13', NULL, '2018-07-29 04:50:38', 28, 13),
(258, '14', NULL, '2018-07-29 04:50:40', 28, 14),
(259, '15', NULL, '2018-07-29 04:50:42', 28, 15),
(260, '16', NULL, '2018-07-29 04:50:44', 28, 16),
(261, 'n', NULL, '2018-07-29 04:50:46', 28, 17),
(262, '01', NULL, '2018-07-29 04:52:05', 29, 1),
(263, '02', NULL, '2018-07-29 04:52:09', 29, 2),
(264, '03', NULL, '2018-07-29 04:52:16', 29, 3),
(265, '04', NULL, '2018-07-29 04:52:22', 29, 4),
(266, '05', NULL, '2018-07-29 04:52:27', 29, 5),
(267, '06', NULL, '2018-07-29 04:52:33', 29, 6),
(268, '07', NULL, '2018-07-29 04:52:39', 29, 7),
(269, '08', NULL, '2018-07-29 04:52:45', 29, 8),
(270, '09', NULL, '2018-07-29 04:52:53', 29, 9),
(271, '10', NULL, '2018-07-29 04:52:59', 29, 10),
(272, '11', NULL, '2018-07-29 04:53:04', 29, 11),
(273, '12', NULL, '2018-07-29 04:53:09', 29, 12),
(274, '13', NULL, '2018-07-29 04:53:15', 29, 13),
(275, '14', NULL, '2018-07-29 04:53:23', 29, 14),
(276, '15', NULL, '2018-07-29 04:53:30', 29, 15),
(277, '16', NULL, '2018-07-29 04:53:38', 29, 16),
(278, 'n', NULL, '2018-07-29 04:53:43', 29, 17),
(279, '', NULL, '2018-07-29 14:23:41', 30, 1),
(292, 'Medida:', NULL, '2018-07-29 14:27:00', 31, 1),
(293, 'Medida:', NULL, '2018-07-29 14:27:02', 31, 2),
(294, 'Medida:', NULL, '2018-07-29 14:27:09', 31, 3),
(295, 'Medida:', NULL, '2018-07-29 14:27:11', 31, 4),
(296, 'Medida:', NULL, '2018-07-29 14:27:13', 31, 5),
(297, 'Medida:', NULL, '2018-07-29 14:27:15', 31, 6),
(298, 'Medida:', NULL, '2018-07-29 14:27:16', 31, 7),
(299, 'Medida:', NULL, '2018-07-29 14:27:19', 31, 8),
(300, 'Medida:', NULL, '2018-07-29 14:27:22', 31, 9),
(301, 'Medida:', NULL, '2018-07-29 14:27:24', 31, 10),
(302, '', NULL, '2018-07-29 14:28:41', 31, 11),
(303, 'Medida:', NULL, '2018-07-29 14:31:50', 32, 1),
(304, 'Medida:', NULL, '2018-07-29 14:31:52', 32, 2),
(305, 'Medida:', NULL, '2018-07-29 14:31:54', 32, 3),
(306, 'Medida:', NULL, '2018-07-29 14:31:55', 32, 4),
(307, 'Medida:', NULL, '2018-07-29 14:31:57', 32, 5),
(308, 'Medida:', NULL, '2018-07-29 14:31:59', 32, 6),
(309, 'Medida:', NULL, '2018-07-29 14:32:01', 32, 7),
(310, 'Medida:', NULL, '2018-07-29 14:32:02', 32, 8),
(311, 'Medida:', NULL, '2018-07-29 14:32:04', 32, 9),
(312, 'Medida:', NULL, '2018-07-29 14:32:06', 32, 10),
(313, '', NULL, '2018-07-29 14:34:13', 32, 11),
(314, '', NULL, '2018-07-29 14:43:33', 33, 1),
(327, 'Superior:', NULL, '2018-07-29 14:47:14', 34, 1),
(328, 'Inferior:', NULL, '2018-07-29 14:47:19', 34, 2),
(329, 'Frontal:', NULL, '2018-07-29 14:47:24', 34, 3),
(330, 'Trasero:', NULL, '2018-07-29 14:47:30', 34, 4),
(331, 'Planos Multiples:', NULL, '2018-07-29 14:47:39', 34, 5),
(332, 'Roscas Internas:', NULL, '2018-07-29 14:48:16', 35, 1),
(333, 'Prisioneros:', NULL, '2018-07-29 14:48:25', 35, 2),
(334, 'Agua:', NULL, '2018-07-29 14:48:55', 36, 1),
(335, 'Aceite:', NULL, '2018-07-29 14:49:01', 36, 2),
(336, 'Alojamiento:', NULL, '2018-07-29 14:50:55', 37, 1),
(337, 'Bases:', NULL, '2018-07-29 14:50:59', 37, 2),
(338, 'Medida:', NULL, '2018-07-29 14:51:52', 38, 1),
(339, 'Medida:', NULL, '2018-07-29 14:52:14', 38, 2),
(340, 'Medida:', NULL, '2018-07-29 14:52:16', 38, 3),
(341, 'Medida:', NULL, '2018-07-29 14:52:18', 38, 4),
(342, 'Medida:', NULL, '2018-07-29 14:52:20', 38, 5),
(343, 'Medida:', NULL, '2018-07-29 14:52:22', 38, 6),
(344, 'Medida:', NULL, '2018-07-29 14:52:25', 38, 7),
(345, 'Medida:', NULL, '2018-07-29 14:52:27', 38, 8),
(346, 'Medida:', NULL, '2018-07-29 14:52:30', 38, 9),
(349, 'Banc 1', NULL, '2018-07-29 14:55:11', 39, 1),
(350, 'Banc 2', NULL, '2018-07-29 14:55:14', 39, 2),
(351, 'Banc 3', NULL, '2018-07-29 14:55:19', 39, 3),
(352, 'Banc 4', NULL, '2018-07-29 14:55:22', 39, 4),
(353, 'Banc 5', NULL, '2018-07-29 14:55:25', 39, 5),
(354, 'Banc 6', NULL, '2018-07-29 14:55:28', 39, 6),
(355, 'Banc 7', NULL, '2018-07-29 14:55:34', 39, 7),
(356, 'Banc n', NULL, '2018-07-29 14:55:39', 39, 8),
(357, 'Banc 1', NULL, '2018-07-29 14:58:27', 40, 1),
(358, 'Banc 2', NULL, '2018-07-29 14:58:30', 40, 2),
(359, 'Banc 3', NULL, '2018-07-29 14:58:34', 40, 3),
(360, 'Banc 4 ', NULL, '2018-07-29 14:58:37', 40, 4),
(361, 'Banc 5', NULL, '2018-07-29 14:58:40', 40, 5),
(362, 'Banc 6', NULL, '2018-07-29 14:58:44', 40, 6),
(363, 'Banc n', NULL, '2018-07-29 14:58:48', 40, 7),
(364, 'Indique Estado de Guias:', NULL, '2018-07-29 14:59:58', 40, 8),
(365, 'Medida:', NULL, '2018-07-29 15:01:12', 41, 1),
(366, 'Medida:', NULL, '2018-07-29 15:01:14', 41, 2),
(367, 'Medida:', NULL, '2018-07-29 15:01:16', 41, 3),
(368, 'Medida:', NULL, '2018-07-29 15:01:18', 41, 4),
(369, 'Medida:', NULL, '2018-07-29 15:01:21', 41, 5),
(370, '', NULL, '2018-07-29 15:02:51', 42, 1),
(371, '', NULL, '2018-07-29 15:07:16', 43, 1),
(372, '1 - Altura de Tapa', NULL, '2018-07-29 15:08:07', 44, 1),
(373, '2 - Control de Planos', NULL, '2018-07-29 15:08:28', 44, 2),
(374, '3 – Fisuras Expuestas', NULL, '2018-07-29 15:08:41', 44, 3),
(375, '', NULL, '2018-07-29 15:22:46', 45, 1),
(376, 'Sup. Base Bomba de Agua', NULL, '2018-07-29 15:28:19', 46, 1),
(377, 'Sup. Base Admision – Escape', NULL, '2018-07-29 15:28:26', 46, 2),
(378, 'Sup. Base Taba Valvulas', NULL, '2018-07-29 15:28:34', 46, 3),
(379, 'Otros', NULL, '2018-07-29 15:28:42', 46, 4),
(380, 'Conductos de Lubricacion:', NULL, '2018-07-29 15:30:58', 47, 1),
(381, 'Conductos de Refrigeracion:', NULL, '2018-07-29 15:31:13', 47, 2),
(382, 'Comunicados', NULL, '2018-07-29 15:31:24', 47, 3),
(383, '', NULL, '2018-07-29 15:35:40', 48, 1),
(384, 'Observaciones:', NULL, '2018-07-29 15:35:52', 48, 2),
(385, 'Prisioneros:', NULL, '2018-07-29 15:39:57', 49, 1),
(386, 'Roscas Internas:', NULL, '2018-07-29 15:40:06', 49, 2),
(387, 'Agujeros:', NULL, '2018-07-29 15:40:14', 49, 3),
(388, '', NULL, '2018-07-29 15:41:59', 50, 1),
(389, 'Observaciones:', NULL, '2018-07-29 15:42:46', 50, 2),
(390, '', NULL, '2018-07-29 15:43:36', 51, 1),
(391, '', NULL, '2018-07-29 15:46:02', 52, 1),
(392, '', NULL, '2018-07-29 15:49:36', 53, 1),
(393, 'Tension de Precamara:', NULL, '2018-07-29 15:50:45', 54, 1),
(394, 'Tension de Carga:', NULL, '2018-07-29 15:50:52', 54, 2),
(395, 'Cambiar:', NULL, '2018-07-29 15:50:59', 54, 3),
(396, 'Observaciones:', NULL, '2018-07-29 15:51:06', 54, 4),
(397, 'Seguros:', NULL, '2018-07-29 15:54:21', 55, 1),
(398, 'Platillos:', NULL, '2018-07-29 15:54:29', 55, 2),
(399, '', NULL, '2018-07-29 16:05:50', 56, 1),
(400, '', NULL, '2018-07-29 16:06:50', 57, 1),
(401, '', NULL, '2018-07-29 16:11:04', 59, 1),
(402, '', NULL, '2018-07-29 16:11:30', 60, 1),
(403, 'Medir dureza en cuatro puntos del espejo, a 90o c/u', NULL, '2018-07-29 16:12:20', 61, 1),
(410, 'Valor Obtenido:', NULL, '2018-07-29 16:15:46', 61, 2),
(411, 'Observaciones:', NULL, '2018-07-29 16:16:44', 61, 3),
(412, '', NULL, '2018-07-29 16:17:38', 62, 1),
(414, 'Pista:', NULL, '2018-07-29 16:20:57', 63, 1),
(415, 'Respaldo:', NULL, '2018-07-29 16:21:08', 63, 2),
(416, 'Agujeros:', NULL, '2018-07-29 16:21:38', 63, 3),
(417, 'Altura de Dientes:', NULL, '2018-07-29 16:22:31', 64, 1),
(418, 'Angulo de Entrada:', NULL, '2018-07-29 16:22:39', 64, 2),
(420, 'Fisura:', NULL, '2018-07-29 16:24:10', 64, 3),
(421, 'Linealidad:', NULL, '2018-07-29 16:24:21', 64, 4),
(422, 'Roscas:', NULL, '2018-07-29 17:28:13', 65, 1),
(423, 'Guias:', NULL, '2018-07-29 17:28:17', 65, 2),
(424, 'Observaciones:', NULL, '2018-07-29 17:28:26', 65, 3),
(425, '', NULL, '2018-07-29 17:30:03', 67, 1),
(426, '', NULL, '2018-07-29 17:33:57', 68, 1),
(427, '', NULL, '2018-07-29 17:36:02', 69, 1),
(428, 'Medir dureza en cuatro puntos del espejo a 90o c/u', NULL, '2018-07-29 17:37:10', 70, 1),
(429, 'Valor Obtenido:', NULL, '2018-07-29 17:37:44', 70, 2),
(430, '', NULL, '2018-07-29 17:39:16', 72, 1),
(431, '', NULL, '2018-07-29 17:39:56', 73, 1),
(432, '', NULL, '2018-07-29 17:41:03', 74, 1),
(433, '', NULL, '2018-07-29 17:42:08', 75, 1),
(434, '', NULL, '2018-07-29 17:52:05', 76, 1),
(435, 'B1', NULL, '2018-07-29 18:05:18', 77, 1),
(436, 'B2', NULL, '2018-07-29 18:05:29', 77, 2),
(437, 'B3', NULL, '2018-07-29 18:05:32', 77, 3),
(438, 'B4', NULL, '2018-07-29 18:05:35', 77, 4),
(439, 'B5', NULL, '2018-07-29 18:05:38', 77, 5),
(440, 'B6', NULL, '2018-07-29 18:05:42', 77, 6),
(441, 'B7', NULL, '2018-07-29 18:05:46', 77, 7),
(442, 'B8', NULL, '2018-07-29 18:05:50', 77, 8),
(443, 'B9', NULL, '2018-07-29 18:06:00', 77, 9),
(444, 'B10', NULL, '2018-07-29 18:06:05', 77, 10),
(445, 'Bn', NULL, '2018-07-29 18:06:13', 77, 11),
(446, 'M1', NULL, '2018-07-29 19:17:56', 77, 12),
(447, 'M2', NULL, '2018-07-29 19:17:59', 77, 13),
(448, 'M3', NULL, '2018-07-29 19:18:02', 77, 14),
(449, 'M4', NULL, '2018-07-29 19:18:05', 77, 15),
(450, 'M5', NULL, '2018-07-29 19:18:07', 77, 16),
(451, 'M6', NULL, '2018-07-29 19:18:10', 77, 17),
(452, 'M7', NULL, '2018-07-29 19:18:12', 77, 18),
(453, 'M8', NULL, '2018-07-29 19:18:14', 77, 19),
(454, 'M9', NULL, '2018-07-29 19:18:18', 77, 20),
(455, 'M10', NULL, '2018-07-29 19:18:23', 77, 21),
(456, 'M11', NULL, '2018-07-29 19:18:31', 77, 22),
(457, 'M12', NULL, '2018-07-29 19:18:45', 77, 23),
(458, 'M13', NULL, '2018-07-29 19:18:49', 77, 24),
(459, 'M14', NULL, '2018-07-29 19:18:53', 77, 25),
(460, 'M15', NULL, '2018-07-29 19:18:57', 77, 26),
(461, 'M16', NULL, '2018-07-29 19:19:01', 77, 27),
(462, 'Mn', NULL, '2018-07-29 19:19:06', 77, 28),
(463, 'B1', NULL, '2018-07-29 21:24:12', 78, 1),
(464, 'B2', NULL, '2018-07-29 21:24:16', 78, 2),
(465, 'B3', NULL, '2018-07-29 21:24:20', 78, 3),
(466, 'B4', NULL, '2018-07-29 21:24:24', 78, 4),
(467, 'B5', NULL, '2018-07-29 21:24:27', 78, 5),
(468, 'B6', NULL, '2018-07-29 21:24:37', 78, 6),
(469, 'B7', NULL, '2018-07-29 21:24:41', 78, 7),
(470, 'B8', NULL, '2018-07-29 21:24:45', 78, 8),
(471, 'B9', NULL, '2018-07-29 21:24:51', 78, 9),
(472, 'B10', NULL, '2018-07-29 21:24:55', 78, 10),
(473, 'M1', NULL, '2018-07-29 21:29:01', 78, 11),
(474, 'M2', NULL, '2018-07-29 21:29:04', 78, 12),
(475, 'M3', NULL, '2018-07-29 21:29:09', 78, 13),
(476, 'M4', NULL, '2018-07-29 21:29:12', 78, 14),
(477, 'M5', NULL, '2018-07-29 21:29:14', 78, 15),
(478, 'M6', NULL, '2018-07-29 21:29:16', 78, 16),
(479, 'M7', NULL, '2018-07-29 21:30:12', 78, 17),
(480, 'M8', NULL, '2018-07-29 21:30:16', 78, 18),
(481, 'M9', NULL, '2018-07-29 21:30:22', 78, 19),
(482, 'M10', NULL, '2018-07-29 21:31:04', 78, 20),
(483, 'M11', NULL, '2018-07-29 21:31:07', 78, 21),
(484, 'M12', NULL, '2018-07-29 21:31:11', 78, 22),
(485, 'M13', NULL, '2018-07-29 21:31:13', 78, 23),
(486, 'M14', NULL, '2018-07-29 21:31:19', 78, 24),
(487, 'M15', NULL, '2018-07-29 21:31:24', 78, 25),
(488, 'M16', NULL, '2018-07-29 21:31:27', 78, 26),
(489, 'Mn', NULL, '2018-07-29 21:31:31', 78, 27),
(490, 'B1', NULL, '2018-07-29 21:41:52', 79, 1),
(491, 'B2', NULL, '2018-07-29 21:41:56', 79, 2),
(492, 'B3', NULL, '2018-07-29 21:42:25', 79, 3),
(493, 'B4', NULL, '2018-07-29 21:42:27', 79, 4),
(494, 'B5', NULL, '2018-07-29 21:42:31', 79, 5),
(495, 'B6', NULL, '2018-07-29 21:42:33', 79, 6),
(496, 'B7', NULL, '2018-07-29 21:42:38', 79, 7),
(497, 'B8', NULL, '2018-07-29 21:42:42', 79, 8),
(498, 'B9', NULL, '2018-07-29 21:42:46', 79, 9),
(499, 'B10', NULL, '2018-07-29 21:42:48', 79, 10),
(500, 'Bn', NULL, '2018-07-29 21:42:52', 79, 11),
(501, 'M1', NULL, '2018-07-29 21:46:36', 79, 12),
(502, 'M2', NULL, '2018-07-29 21:46:41', 79, 13),
(503, 'M3', NULL, '2018-07-29 21:46:43', 79, 14),
(504, 'M4', NULL, '2018-07-29 21:46:45', 79, 15),
(505, 'M5', NULL, '2018-07-29 21:46:47', 79, 16),
(506, 'M6', NULL, '2018-07-29 21:46:51', 79, 17),
(507, 'M7', NULL, '2018-07-29 21:46:55', 79, 18),
(508, 'M8', NULL, '2018-07-29 21:46:58', 79, 19),
(509, 'M9', NULL, '2018-07-29 21:47:00', 79, 20),
(510, 'M10', NULL, '2018-07-29 21:47:04', 79, 21),
(511, 'M11', NULL, '2018-07-29 21:47:08', 79, 22),
(512, 'M12', NULL, '2018-07-29 21:47:10', 79, 23),
(513, 'M13', NULL, '2018-07-29 21:47:13', 79, 24),
(514, 'M14', NULL, '2018-07-29 21:47:16', 79, 25),
(515, 'M15', NULL, '2018-07-29 21:47:19', 79, 26),
(516, 'M16', NULL, '2018-07-29 21:47:25', 79, 27),
(517, 'Mn', NULL, '2018-07-29 21:47:29', 79, 28),
(518, 'Bancada', NULL, '2018-07-29 23:15:00', 80, 1),
(519, 'Muñon', NULL, '2018-07-29 23:15:04', 80, 2),
(520, 'A: Rosca Interna Punta de Cigueñal', NULL, '2018-07-29 23:21:34', 81, 1),
(521, 'B: Chavetero', NULL, '2018-07-29 23:21:41', 81, 2),
(522, 'C: Cono Interferencia Polea Reconstruir a:', NULL, '2018-07-29 23:21:52', 81, 3),
(523, 'D: Pista de Reten', NULL, '2018-07-29 23:31:34', 81, 4),
(524, 'E: Alojamiento Ruleman Directa', NULL, '2018-07-29 23:31:42', 81, 5),
(525, 'Observaciones:', NULL, '2018-07-29 23:32:06', 81, 6),
(526, 'F: Marcado de Contrapesos y Estado de Tornillos', NULL, '2018-07-29 23:33:47', 81, 7),
(527, '01', NULL, '2018-07-29 23:34:07', 81, 8),
(528, '02', NULL, '2018-07-29 23:34:09', 81, 9),
(529, '03', NULL, '2018-07-29 23:34:13', 81, 10),
(530, '04', NULL, '2018-07-29 23:34:15', 81, 11),
(531, '05', NULL, '2018-07-29 23:34:17', 81, 12),
(532, '06', NULL, '2018-07-29 23:34:20', 81, 13),
(533, '07', NULL, '2018-07-29 23:34:24', 81, 14),
(534, '08', NULL, '2018-07-29 23:34:26', 81, 15),
(535, '09', NULL, '2018-07-29 23:34:30', 81, 16),
(536, '10', NULL, '2018-07-29 23:34:33', 81, 17),
(537, 'n', NULL, '2018-07-29 23:34:35', 81, 18),
(538, 'Observaciones:', NULL, '2018-07-29 23:37:33', 81, 19),
(539, '', NULL, '2018-07-29 23:38:25', 83, 1),
(540, '', NULL, '2018-07-29 23:43:13', 84, 1),
(541, '', NULL, '2018-07-29 23:43:48', 85, 1),
(1000, 'PARTES RECIBIDAS', NULL, '2018-07-30 00:36:15', 1000, 1),
(1201, 'Caracteristicas:', NULL, '2018-07-31 12:52:02', 1200, 1),
(1210, 'Luz de Aceite', NULL, '2018-07-31 14:30:54', 1202, 1),
(1212, 'Luz de aceite', NULL, '2018-07-31 14:41:04', 1203, 1),
(1213, '', NULL, '2018-07-31 14:50:20', 1204, 1),
(1215, 'Luz de aceite:', NULL, '2018-07-31 15:17:28', 1205, 1),
(1216, 'Medidas del Ap. Levas:', NULL, '2018-07-31 15:21:06', 1205, 2),
(1217, 'Eje de mando:', NULL, '2018-07-31 15:21:56', 1205, 3),
(1218, 'Fabrica pide maxima y minima', NULL, '2018-07-31 15:23:02', 1205, 4),
(1226, 'Reten:', NULL, '2018-07-31 15:47:22', 1211, 1),
(1229, 'Axial:', NULL, '2018-07-31 15:51:01', 1211, 2),
(1230, 'Biela de Compresor:', NULL, '2018-07-31 15:53:16', 1211, 3),
(1231, 'Cilindro de Compresor:', NULL, '2018-07-31 15:54:43', 1211, 4),
(1233, 'Otros:', NULL, '2018-07-31 15:59:17', 1211, 5),
(1234, 'Control de peso:', NULL, '2018-07-31 16:05:33', 1212, 1),
(1235, 'Control de Bomba de Aceite con Arbol de Levas:', NULL, '2018-07-31 16:13:58', 1213, 1),
(1236, 'Luz de Axial:', NULL, '2018-07-31 16:17:38', 1213, 2),
(1237, 'Block:', NULL, '2018-07-31 16:18:00', 1213, 3),
(1238, 'Botadores:', NULL, '2018-07-31 16:20:28', 1213, 4),
(1239, 'Engranajes:', NULL, '2018-07-31 16:21:10', 1213, 5),
(1240, 'Conductos de agua:', NULL, '2018-07-31 16:22:15', 1213, 6),
(1241, 'Controlar:', NULL, '2018-07-31 16:22:51', 1213, 7),
(1242, 'Luz de Canaletas de Aros:', NULL, '2018-07-31 16:23:56', 1213, 8),
(1243, 'Balanceo de:', NULL, '2018-07-31 16:24:14', 1213, 9),
(1244, 'Escuadra de:', NULL, '2018-07-31 16:25:21', 1213, 10),
(1245, 'Altura de:', NULL, '2018-07-31 16:25:48', 1213, 11),
(1246, 'Repasar rosca de tapa distribucion de:', NULL, '2018-07-31 16:26:56', 1213, 12),
(1247, '', NULL, '2018-07-31 17:28:41', 1214, 1),
(1248, 'Caracteristicas:', NULL, '2018-07-31 18:06:50', 1215, 1),
(1249, 'Operacion:', NULL, '2018-07-31 18:09:10', 1217, 1),
(1250, '1-Lavado de Block', NULL, '2018-07-31 18:16:48', 1217, 2),
(1251, 'Control de Limpieza de Conductor de Aceite', NULL, '2018-07-31 18:18:04', 1217, 3),
(1252, 'Colocar tapones de Lubricacion y refrigeracion (Pegamento)', NULL, '2018-07-31 18:19:30', 1217, 4),
(1253, '2-Hacer limpieza fina de cojinetes', NULL, '2018-07-31 18:21:02', 1217, 5),
(1254, 'Friccionar con lubricante Molykote Limpiar y lubricar con Bardhal', NULL, '2018-07-31 18:22:04', 1217, 6),
(1255, 'Colocar cojinetes en sus alojamientos', NULL, '2018-07-31 18:23:01', 1217, 7),
(1256, '3. Limpieza de Cigueñal. Verificar limpieza de conductos de aceite', NULL, '2018-07-31 18:24:16', 1217, 8),
(1257, 'Montar el cigueñal. Verificar el chavetero y trinquero', NULL, '2018-07-31 18:25:41', 1217, 9),
(1258, 'Ajustar tapas de bancadas.', NULL, '2018-07-31 18:26:59', 1217, 10),
(1259, 'Controlar el giro liviano de cigueñal', NULL, '2018-07-31 18:27:57', 1217, 11),
(1260, 'Ajustar contrapesos correspondientes', NULL, '2018-07-31 18:29:21', 1217, 12),
(1261, 'Controlar Alojamiento de O\'ring de camisas', NULL, '2018-07-31 18:30:20', 1217, 13),
(1262, '* Colocar Camisas Humedas', NULL, '2018-07-31 18:32:02', 1217, 14),
(1263, 'Controlar su ubicacion y altura', NULL, '2018-07-31 18:32:51', 1217, 15),
(1264, 'Marcar si lleva juntas de camisas (laminas)', NULL, '2018-07-31 18:33:51', 1217, 16),
(1265, 'Descripcion:', NULL, '2018-07-31 18:35:26', 1218, 1),
(1266, 'Descripcion 2:', NULL, '2018-07-31 18:36:08', 1218, 2),
(1267, 'Descripcion 3:', NULL, '2018-07-31 18:36:31', 1218, 3),
(1268, 'Caracteristicas:', NULL, '2018-07-31 18:44:54', 1219, 1),
(1269, '1. Hacer limpieza fina de bielas y pistones', NULL, '2018-07-31 18:46:01', 1220, 1),
(1270, 'Verificar seguros de pernos de piston', NULL, '2018-07-31 18:48:22', 1220, 2),
(1271, 'Colocar aros correspondientes en pistones', NULL, '2018-07-31 18:50:05', 1220, 3),
(1272, 'Lubricar cilindros', NULL, '2018-07-31 18:52:34', 1220, 4),
(1273, 'Colocar conjunto biela piston', NULL, '2018-07-31 18:53:47', 1220, 5),
(1274, '2. Lubricar muñones de bielas', NULL, '2018-07-31 18:54:52', 1220, 6),
(1275, 'Colocar tapas de bielas', NULL, '2018-07-31 18:55:48', 1220, 7),
(1276, 'Ajustar tapa de bielas segun normas', NULL, '2018-07-31 18:57:13', 1220, 8),
(1277, 'Controlar altura de pistones', NULL, '2018-07-31 18:58:36', 1220, 9),
(1278, 'Reapretar los tornillos de avance de la bomba en la distribucion y Controlar el seguro', NULL, '2018-07-31 18:59:25', 1220, 10),
(1279, '3. Lavado de bomba de aceite', NULL, '2018-07-31 19:00:12', 1220, 11),
(1280, 'Colocacion y control de luz de engranajes.', NULL, '2018-07-31 19:01:12', 1220, 12),
(1281, 'Ajustes de tornillos sobre el block', NULL, '2018-07-31 19:03:56', 1220, 13),
(1282, 'Control estado del chupon', NULL, '2018-07-31 19:12:05', 1220, 14),
(1283, 'Colocar chupon, verificar ajuste de tornillos', NULL, '2018-07-31 19:12:55', 1220, 15),
(1284, 'Controlar si lleva chapa rompe ola en block o carter', NULL, '2018-07-31 19:14:18', 1220, 16),
(1285, 'Colocar carter con junta y cemento', NULL, '2018-07-31 19:15:27', 1220, 17),
(1286, 'Controlar ajuste de tornillos de carter y tapon', NULL, '2018-07-31 19:16:43', 1220, 18),
(1287, 'Descripcion:', NULL, '2018-07-31 19:18:30', 1221, 1),
(1289, 'Descripcion 2:', NULL, '2018-07-31 19:19:01', 1221, 2),
(1290, 'Descripcion 3:', NULL, '2018-07-31 19:19:06', 1221, 3),
(1291, 'Caracteristicas:', NULL, '2018-07-31 19:22:29', 1222, 1),
(1292, '1. Lavado de caja de distribucion y elementos correspondientes.', NULL, '2018-07-31 19:23:16', 1223, 1),
(1293, 'Colocar caja de distribucion', NULL, '2018-07-31 19:24:11', 1223, 2),
(1294, 'Ajustar tornillos.', NULL, '2018-07-31 19:25:44', 1223, 3),
(1295, 'Lavado de arbol de levas.', NULL, '2018-07-31 19:28:29', 1223, 4),
(1296, 'Lavado de engranajes de distribucion', NULL, '2018-07-31 19:29:44', 1223, 5),
(1297, 'Armado de conjunto y puesta a punto', NULL, '2018-07-31 19:30:33', 1223, 6),
(1298, 'Verificar la puesta a punto final x 2', NULL, '2018-07-31 19:31:23', 1223, 7),
(1299, 'Colocar el motor, ajustar tornillos de bridas', NULL, '2018-07-31 19:32:34', 1223, 8),
(1300, 'Colocar reten en tapa de distribucion', NULL, '2018-07-31 19:33:36', 1223, 9),
(1301, 'Colocar tapa de distribucion y ajustar tornillos', NULL, '2018-07-31 19:34:31', 1223, 10),
(1302, '2. Colocar botadores.', NULL, '2018-07-31 19:36:05', 1223, 11),
(1303, 'Colocar juntas tapa de cilindros , verificar posicio?n y colocar marca de juntas', NULL, '2018-07-31 19:37:07', 1223, 12),
(1304, 'Armar tapa de cilindro', NULL, '2018-07-31 19:39:08', 1223, 13),
(1305, 'Colocar tapa, ajustar tornillos, reapretar,etc', NULL, '2018-07-31 19:40:29', 1223, 14),
(1306, 'Verifique operaciones anteriores', NULL, '2018-07-31 19:41:55', 1223, 15),
(1307, '3. Limpieza y prueba de estanqueidad de radiador de aceite, si se probo coloque si', NULL, '2018-07-31 19:42:51', 1223, 16),
(1308, 'Colocar radiador, ajustar tonillos.', NULL, '2018-07-31 19:43:52', 1223, 17),
(1309, '4. Limpieza de volante, verificar corona y superficie de trabajo', NULL, '2018-07-31 19:45:23', 1223, 18),
(1310, 'Colocar volante, ajustar tornillos', NULL, '2018-07-31 19:46:19', 1223, 19),
(1311, 'Colocar placa y disco de embrague', NULL, '2018-07-31 19:47:24', 1223, 20),
(1312, 'Controlar con una directa', NULL, '2018-07-31 19:48:35', 1223, 21),
(1313, 'Controlar cojinetes guia de directa', NULL, '2018-07-31 19:49:35', 1223, 22),
(1314, 'Ajustar tornillos de placa', NULL, '2018-07-31 19:50:35', 1223, 23),
(1315, '5. Colocar polea, ajustar trinquete.', NULL, '2018-07-31 19:51:22', 1223, 24),
(1316, 'Colocar cubre volante, ajustar tornillos', NULL, '2018-07-31 19:52:18', 1223, 25),
(1317, '6. Colocar compresor', NULL, '2018-07-31 19:53:35', 1223, 26),
(1318, 'Descripcion:', NULL, '2018-07-31 19:55:09', 1224, 1),
(1319, 'Descripcion 2:', NULL, '2018-07-31 19:55:12', 1224, 2),
(1320, 'Descripcion 3:', NULL, '2018-07-31 19:55:15', 1224, 3),
(1321, 'Caracteristica:', NULL, '2018-07-31 20:00:06', 1225, 1),
(1322, '1. Verificar limpieza de bomba inyectora', NULL, '2018-07-31 20:01:09', 1226, 1),
(1323, 'Verificar todos los elementos exteriores y sellos', NULL, '2018-07-31 20:01:15', 1226, 2),
(1324, 'Colocar bomba, ajustar tornillos.', NULL, '2018-07-31 20:01:20', 1226, 3),
(1325, 'Verificar punto final', NULL, '2018-07-31 20:01:26', 1226, 4),
(1326, 'Verificar juego de engranajes, conductor y conducido', NULL, '2018-07-31 20:01:32', 1226, 5),
(1327, 'Colocar caños de inyectores (verificar ajuste), caños de descarga', NULL, '2018-07-31 20:01:39', 1226, 6),
(1328, '2. Colocar multiple de escape.', NULL, '2018-07-31 20:01:44', 1226, 7),
(1329, 'Colocar multiple', NULL, '2018-07-31 20:01:51', 1226, 8),
(1330, 'Controlar estado de bomba de agua', NULL, '2018-07-31 20:01:57', 1226, 9),
(1331, 'Colocar bomba, ajustar tornillos.', NULL, '2018-07-31 20:02:03', 1226, 10),
(1332, 'Colocar polea y paleta de ventilador', NULL, '2018-07-31 20:02:08', 1226, 11),
(1333, 'Colocar alternador', NULL, '2018-07-31 20:02:13', 1226, 12),
(1334, 'Colocar motor de arranque', NULL, '2018-07-31 20:02:19', 1226, 3),
(1335, 'Colocar patas de motor', NULL, '2018-07-31 20:02:26', 1226, 4),
(1336, 'Verificacion de todas las operaciones anteriores', NULL, '2018-07-31 20:02:36', 1226, 5),
(1337, '3. Verificar corte de combustible de la bomba', NULL, '2018-07-31 20:02:42', 1226, 6),
(1338, 'Lavar soportes de filtros', NULL, '2018-07-31 20:03:11', 1226, 7),
(1339, 'Colocar soportes de filtros', NULL, '2018-07-31 20:03:15', 1226, 8),
(1340, 'Verificar valvulas de alivio de filtro de aceite', NULL, '2018-07-31 20:03:21', 1226, 9),
(1341, 'Colocar filtros en general.', NULL, '2018-07-31 20:03:27', 1226, 10),
(1342, '4. Colocar varillas levanta valvulas', NULL, '2018-07-31 20:03:34', 1226, 11),
(1343, 'Colocar balancines y eje de balancines', NULL, '2018-07-31 20:03:38', 1226, 12),
(1344, 'Regular luz de valvulas', NULL, '2018-07-31 20:03:43', 1226, 13),
(1345, 'Colocar tapa de valvulas', NULL, '2018-07-31 20:03:53', 1226, 14),
(1346, '5. Puesta a punto inyeccion o ignicion', NULL, '2018-07-31 20:04:03', 1226, 15),
(1347, 'Colocar aceite segun caracteristicas', NULL, '2018-07-31 20:04:10', 1226, 16),
(1348, 'Colocar medidas de aceite a la bomba', NULL, '2018-07-31 20:04:15', 1226, 17),
(1349, 'Verificacion de las operaciones anteriores', NULL, '2018-07-31 20:04:21', 1226, 18),
(1350, 'Emision a sala de banco de prueba', NULL, '2018-07-31 20:04:27', 1226, 19),
(1351, 'Verificar Asiento al inyector electronico', NULL, '2018-07-31 20:04:36', 1226, 20),
(1352, 'Colocar Inyector y apretar segun manual', NULL, '2018-07-31 20:04:41', 1226, 21),
(1353, 'Regular altura de Inyectores', NULL, '2018-07-31 20:04:46', 1226, 22),
(1354, 'Colocar Harnes de inyectores: corroborar que este bien', NULL, '2018-07-31 20:04:52', 1226, 23),
(1355, 'Se Pre lubrico', NULL, '2018-07-31 20:05:00', 1226, 24),
(1356, 'Se hizo prueba hidraulica de agua', NULL, '2018-07-31 20:05:07', 1226, 25),
(1357, 'Descripcion:', NULL, '2018-07-31 20:05:34', 1227, 1),
(1359, 'Descripcion 2:', NULL, '2018-07-31 20:05:50', 1227, 2),
(1360, 'Descripcion 3:', NULL, '2018-07-31 20:05:54', 1227, 3),
(1362, '', NULL, '2018-08-03 20:20:10', 1228, 1),
(1363, '1) Estado de casquillos y alojamientos de válvulas de admision y escape (Altura)    2) Control de estado de válvulas de admisión y escape                         3) Estado de precamaras (Alturas)', NULL, '2018-08-03 20:20:46', 1228, 2),
(2000, 'Documemntacion necesaria para el despacho:', NULL, '2018-08-07 14:44:39', 2000, 1),
(2002, 'a) Controle el motor o componente con la planilla de “Registro de recepcion de componente”', NULL, '2018-08-07 14:52:03', 2001, 2),
(2003, 'b) Si el legajo tiene anexado un Remito del cliente, entonces comparar con este:', NULL, '2018-08-07 14:55:31', 2001, 3),
(2004, 'c) Controle el motor con la planilla de “Registro de pedido de materiales interior y exterior”', NULL, '2018-08-07 14:56:28', 2001, 4),
(2005, 'd) Compare con las fotos', NULL, '2018-08-07 14:56:53', 2001, 5),
(2006, 'e) Consultar en almacen si ha quedado algun repuesto, insumo, componente, etc.', NULL, '2018-08-07 14:57:25', 2001, 6),
(2007, 'a) Controle visualmente si encuentra alguna anomalia, a saber:', NULL, '2018-08-07 14:58:49', 2002, 1),
(2008, 'Tomar Fotos:', NULL, '2018-08-07 15:01:36', 2003, 1),
(2009, 'Confeccionar remito de salida:', NULL, '2018-08-07 15:02:36', 2004, 1),
(2010, '', NULL, '2018-08-07 15:03:24', 2005, 1),
(2013, '1. Verificar y controlar limpieza total. Exterior e Interior. Libre de polvillo, aceites, manchas en general.', NULL, '2018-08-07 15:23:34', 2006, 1),
(2014, '2. Verificar superficie', NULL, '2018-08-07 15:24:14', 2006, 2),
(2016, '3. Verificar roscas', NULL, '2018-08-07 15:25:03', 2006, 3),
(2017, '4. Verificar tapones', NULL, '2018-08-07 15:32:21', 2006, 4),
(2018, '5. Verificar precamaras y asientos de inyector', NULL, '2018-08-07 15:35:13', 2006, 5),
(2019, '6. Controlar guias', NULL, '2018-08-07 15:36:04', 2006, 6),
(2020, '7. Controlar alineacion de valvula', NULL, '2018-08-07 15:36:50', 2006, 7),
(2021, '8. Medir presion de resortes', NULL, '2018-08-07 15:37:46', 2006, 8),
(2022, '9. Arandelas - Asientos Resortes', NULL, '2018-08-07 15:39:28', 2006, 9),
(2023, '10. Retenes', NULL, '2018-08-07 15:41:40', 2006, 10),
(2024, '11. Armar resortes', NULL, '2018-08-07 15:43:40', 2006, 11),
(2025, '12. Controlar si giran los platillos', NULL, '2018-08-07 15:45:55', 2006, 12),
(2026, '13. Platillos', NULL, '2018-08-07 15:46:49', 2006, 13),
(2027, '14. Seguros', NULL, '2018-08-07 15:47:52', 2006, 14),
(2028, '15. Regular valvulas', NULL, '2018-08-07 15:49:03', 2006, 15),
(2029, 'Realizar descarga de datos del ECM y/o chequeo de codigos de falla', NULL, '2018-08-07 16:26:52', 2007, 1),
(2030, 'Cargar codigos E-trim, solo para motores CAT', NULL, '2018-08-07 16:28:20', 2007, 2),
(2031, 'Disponer de los datos del motor (en caso de no tenerlos pedirlo a Coordinador y/o Jefe Tecnico) Estos datos son necesarios para banquear el motor.', NULL, '2018-08-07 16:29:31', 2007, 3),
(2032, 'Acoplar motor a banco (Conectar cardan y verificar el acoplamiento (buloneria, aprietes, estado de cardan, etc.), chequear juego axial y niveles del mismo)', NULL, '2018-08-07 16:31:30', 2007, 4),
(2033, 'Realizar y/o chequear conexiones de circuito de aceite', NULL, '2018-08-07 16:32:05', 2007, 5),
(2034, 'Chequear circuito de aceite externo (mangueras, caños, conexiones varias), inspeccionar que no tenga perdidas y/o tapones que puedan obstruir la lubricacion.', NULL, '2018-08-07 16:33:12', 2007, 6),
(2035, 'Rellenar aceite al motor y controlar nivel (dejar a medida)', NULL, '2018-08-07 16:34:23', 2007, 7),
(2036, 'Realizar y/o chequear conexiones de circuito de refrigeracion (bridas, can?os, uniones)', NULL, '2018-08-07 16:35:07', 2007, 8),
(2037, 'Armar intercooler', NULL, '2018-08-07 16:36:03', 2007, 9),
(2038, 'Rellenar y/o chequear niveles de refrigerante (dejar en rango adecuado)', NULL, '2018-08-07 18:28:20', 2007, 10),
(2039, 'Chequear presion de agua', NULL, '2018-08-07 18:31:31', 2007, 11),
(2040, 'Conectar sensor presion de combustible', NULL, '2018-08-07 18:34:32', 2007, 12),
(2041, 'Conectar sensor de temperatura de agua', NULL, '2018-08-07 18:38:12', 2007, 13),
(2042, 'Conectar sensor de temperatura de escape', NULL, '2018-08-07 19:11:19', 2007, 14),
(2043, 'Conectar sensor de temperatura de aceite', NULL, '2018-08-07 19:13:48', 2007, 15),
(2044, 'Conectar sensor de presion de aceite', NULL, '2018-08-07 19:15:29', 2007, 16),
(2045, 'Conectar sensor de presion de turbo', NULL, '2018-08-07 19:23:28', 2007, 17),
(2046, 'Controlar informacion del diagrama electrico', NULL, '2018-08-07 19:48:48', 2007, 5),
(2047, 'Realizar y Chequear Conexiones electricas (bateria, ECM, Intercomunicador, PC, etc.)', NULL, '2018-08-07 19:49:42', 2007, 6),
(2048, 'Verificar y chequear arnes de motor y sus conexiones', NULL, '2018-08-07 19:51:26', 2007, 7),
(2049, 'Realizar y/o chequear conexiones de circuito de combustible (caños, mangueras, porta filtros, filtros, etc.)', NULL, '2018-08-07 19:52:44', 2007, 8),
(2050, 'Chequear Nivel de combustible', NULL, '2018-08-07 19:55:15', 2007, 9),
(2051, 'Chequear presion de combustible', NULL, '2018-08-07 19:55:52', 2007, 10),
(2052, 'Chequear conexion y estado de carga de bateria', NULL, '2018-08-07 19:57:27', 2007, 11),
(2053, 'Chequear que el motor no tenga bloqueos mecanicos y/o hidraulicos', NULL, '2018-08-07 20:00:14', 2007, 12),
(2054, 'Despejar area en general (retirar herramienta, trapos, tachos, carros, etc.)', NULL, '2018-08-07 20:02:51', 2007, 13),
(2055, 'Chequear presencia de perdidas de fluido en Gral.', NULL, '2018-08-07 20:03:31', 2007, 14),
(2056, 'Controlar solenoide de inyectores (solo para linea CAT)', NULL, '2018-08-07 20:04:22', 2007, 15),
(2057, 'Verificar que no existan partes sueltas.', NULL, '2018-08-07 20:05:00', 2007, 16),
(2058, 'Conexiones o cambios extraordinarios (informar sobre cualquier conexion, by-pass, tapones, bloqueo de mangueras, cambio de piezas, etc.) que se realicen antes del arranque. En caso de existir observaciones informar a coordinador / Jefe tecnico antes del arranque. Se debera firmar su conformidad', NULL, '2018-08-07 20:13:04', 2008, 1),
(2060, 'Control de Fugas:', NULL, '2018-08-08 15:05:30', 2010, 1),
(2061, 'Control de Temperatura de admision:', NULL, '2018-08-08 15:06:53', 2010, 2),
(2062, 'Control de Temperatura de aceite:', NULL, '2018-08-08 15:07:48', 2010, 3),
(2063, 'Controlar Temperatura de escape:', NULL, '2018-08-08 15:13:21', 2010, 4),
(2064, 'Control de Presion de turbo:', NULL, '2018-08-08 15:14:50', 2010, 5),
(2065, 'Controlar Cardan de acoplamiento:', NULL, '2018-08-08 15:15:41', 2010, 6),
(2066, 'Control de Fugas:', NULL, '2018-08-08 15:24:16', 2011, 1),
(2067, 'Control de Temperatura de admision:', NULL, '2018-08-08 15:25:41', 2011, 2),
(2068, 'Control de Temperatura de aceite:', NULL, '2018-08-08 15:26:26', 2011, 3),
(2069, 'Control de Temperatura de escape:', NULL, '2018-08-08 15:27:59', 2011, 4),
(2070, 'Control de Presion de Turbo:', NULL, '2018-08-08 15:31:32', 2011, 5),
(2071, 'Control de Potencia:', NULL, '2018-08-08 15:32:17', 2011, 6),
(2072, 'Control de Torque:', NULL, '2018-08-08 15:33:38', 2011, 7),
(2073, 'Control de Fugas:', NULL, '2018-08-08 15:38:50', 2012, 1),
(2074, 'Control de Temperatura de admision:', NULL, '2018-08-08 15:42:26', 2012, 2),
(2075, 'Control de Temperatura de aceite:', NULL, '2018-08-08 15:45:29', 2012, 3),
(2076, 'Control de Temperatura de escape:', NULL, '2018-08-08 15:46:19', 2012, 4),
(2077, 'Controlar Presion de Turbo:', NULL, '2018-08-08 15:47:26', 2012, 5),
(2078, 'Control de Potencia:', NULL, '2018-08-08 15:49:00', 2012, 6),
(2079, 'Control de Torque:', NULL, '2018-08-08 15:49:43', 2012, 7),
(2082, 'Control de Fugas:', NULL, '2018-08-08 15:59:13', 2014, 1),
(2083, 'Control de Temperatura de admision:', NULL, '2018-08-08 16:05:38', 2014, 2),
(2084, 'Control de Temperatura de aceite:', NULL, '2018-08-08 16:06:19', 2014, 3),
(2085, 'Control de Temperatura de escape:', NULL, '2018-08-08 16:07:12', 2014, 4),
(2086, 'Control de Presion de Turbo:', NULL, '2018-08-08 16:08:01', 2014, 5),
(2087, 'Control de Potencia:', NULL, '2018-08-08 16:09:01', 2014, 6),
(2088, 'Control de Torque:', NULL, '2018-08-08 16:09:48', 2014, 7),
(2089, 'Control de Fugas:', NULL, '2018-08-08 16:15:25', 2015, 1),
(2090, 'Control de Temperatura de Admision:', NULL, '2018-08-08 16:18:01', 2015, 2),
(2091, 'Control de Temperatura de aceite:', NULL, '2018-08-08 16:21:52', 2015, 3),
(2092, 'Control de Temperatura de escape:', NULL, '2018-08-08 16:59:42', 2015, 4),
(2093, 'Control de Presion de turbo:', NULL, '2018-08-08 17:00:32', 2015, 5),
(2094, 'Control de Cardan de acoplamiento:', NULL, '2018-08-08 17:07:31', 2015, 6),
(2095, 'Regular Valvulas:', NULL, '2018-08-08 17:08:26', 2016, 1),
(2096, 'Re torqueo:', NULL, '2018-08-08 17:08:33', 2016, 2),
(2097, 'Prueba de inyectores:', NULL, '2018-08-08 17:08:39', 2016, 3),
(2098, 'Chequeo de fugas y niveles:', NULL, '2018-08-08 17:08:47', 2016, 4),
(2099, 'Control de Fugas:', NULL, '2018-08-08 17:41:55', 2017, 1),
(2100, 'Control de Temperatura de admision:', NULL, '2018-08-08 17:45:21', 2017, 2),
(2101, 'Control de Temperatura de aceite:', NULL, '2018-08-08 17:46:20', 2017, 3),
(2102, 'Control de Temperatura de escape:', NULL, '2018-08-08 17:48:01', 2017, 4),
(2103, 'Control de Presion de turbo:', NULL, '2018-08-08 17:59:51', 2017, 5),
(2104, 'Control de Cardan de acoplamiento:', NULL, '2018-08-08 18:01:03', 2017, 6),
(2105, 'Control de Fugas:', NULL, '2018-08-08 18:03:02', 2018, 1),
(2106, 'Control de Temperatura de admision:', NULL, '2018-08-08 18:19:18', 2018, 2),
(2107, 'Control de Temperatura de aceite:', NULL, '2018-08-08 18:20:04', 2018, 3),
(2108, 'Contorl de Temperatura de escape:', NULL, '2018-08-08 18:20:40', 2018, 4),
(2109, 'Control de Presion de turbo:', NULL, '2018-08-08 18:21:23', 2018, 5),
(2110, 'Control de Potencia:', NULL, '2018-08-08 18:23:20', 2018, 6),
(2111, 'Control de Torque:', NULL, '2018-08-08 18:24:40', 2018, 7),
(2112, 'Control de Fugas:', NULL, '2018-08-08 18:56:54', 2019, 1),
(2113, 'Control de Temperaturas de admision:', NULL, '2018-08-08 18:58:28', 2019, 2),
(2114, 'Control de Temperatura de aceite:', NULL, '2018-08-08 18:59:23', 2019, 3),
(2115, 'Control de Temperatura de escape:', NULL, '2018-08-08 19:00:56', 2019, 4),
(2116, 'Control de Presion de turbo:', NULL, '2018-08-08 19:04:52', 2019, 5),
(2117, 'Control de Potencia:', NULL, '2018-08-08 19:06:18', 2019, 6),
(2118, 'Control de Torque:', NULL, '2018-08-08 19:07:47', 2019, 7),
(2119, 'Control de Fugas:', NULL, '2018-08-08 19:20:20', 2020, 1),
(2120, 'Control de Temperatura de admision:', NULL, '2018-08-08 19:22:15', 2020, 2),
(2121, 'Control de Temperatura de aceite:', NULL, '2018-08-08 19:23:05', 2020, 3),
(2122, 'Control de Temperatura de escape:', NULL, '2018-08-08 19:23:42', 2020, 4),
(2124, 'Control de Presion de Turbo:', NULL, '2018-08-08 19:26:24', 2020, 5),
(2125, 'Control de Potencia:', NULL, '2018-08-08 19:27:08', 2020, 6),
(2126, 'Control de Torque:', NULL, '2018-08-08 19:28:33', 2020, 7),
(2127, 'Control de Fugas:', NULL, '2018-08-08 19:33:31', 2021, 1),
(2128, 'Control de Temperatura de admision:', NULL, '2018-08-08 19:36:38', 2021, 2),
(2129, 'Control de Temperatura de aceite:', NULL, '2018-08-08 19:38:13', 2021, 3),
(2131, 'Control de Temperatura de escape:', NULL, '2018-08-08 19:39:53', 2021, 4),
(2132, 'Control de Presion de turbo:', NULL, '2018-08-08 19:41:40', 2021, 5),
(2133, 'Control de Potencia:', NULL, '2018-08-08 19:43:20', 2021, 6),
(2134, 'Control de Torque:', NULL, '2018-08-08 19:44:59', 2021, 7),
(2135, 'Control de Fugas:', NULL, '2018-08-11 23:33:44', 2022, 1),
(2136, 'Control de Temperaturas de admision:', NULL, '2018-08-11 23:34:06', 2022, 2),
(2137, 'Control de Temperatura de Aceite:', NULL, '2018-08-11 23:34:33', 2022, 3),
(2138, 'Control de Temperatura de escape:', NULL, '2018-08-11 23:34:46', 2022, 4),
(2139, 'Control de Presion de Turbo:', NULL, '2018-08-11 23:35:00', 2022, 5),
(2140, 'Control de Potencia:', NULL, '2018-08-11 23:37:12', 2022, 6),
(2141, 'Control de Torque:', NULL, '2018-08-11 23:37:20', 2022, 7),
(2143, 'Datos:', NULL, '2018-08-13 03:00:47', 2023, 1),
(2144, 'Control de Fugas:', NULL, '2018-08-13 03:08:59', 2025, 1),
(2145, 'Control de Temperatura de admision:', NULL, '2018-08-13 03:09:14', 2025, 2),
(2146, 'Control de Temperatura de aceite:', NULL, '2018-08-13 03:09:30', 2025, 3),
(2147, 'Control de Temperatura de escape:', NULL, '2018-08-13 03:09:42', 2025, 4),
(2148, 'Control de Presion de turbo:', NULL, '2018-08-13 03:09:53', 2025, 5),
(2149, 'Control de Potencia:', NULL, '2018-08-13 03:10:02', 2025, 6),
(2150, 'Control de Torque:', NULL, '2018-08-13 03:10:09', 2025, 7),
(2151, 'Control de Fugas:', NULL, '2018-08-13 03:17:43', 2026, 1),
(2152, 'Control de Temperatura de admision:', NULL, '2018-08-13 03:18:04', 2026, 2),
(2153, 'Control de Temperatura de aceite:', NULL, '2018-08-13 03:18:16', 2026, 3),
(2154, 'Control de Temperatura de escape:', NULL, '2018-08-13 03:18:32', 2026, 4),
(2155, 'Control de Presion de turbo:', NULL, '2018-08-13 03:18:43', 2026, 5),
(2156, 'Control de Cardan de acoplamiento:', NULL, '2018-08-13 03:18:57', 2026, 6),
(2157, 'Desconectar motor mecanica y electronicamente:', NULL, '2018-08-13 03:24:31', 2027, 1),
(2158, 'Desconectar cardan:', NULL, '2018-08-13 03:24:40', 2027, 2);
INSERT INTO `frm_grupos` (`GRUP_ID`, `NOMBRE`, `PISTA`, `FEC_CREACION`, `CATE_ID`, `ORDEN`) VALUES
(2159, 'Drenar aceite; solo si corresponde:', NULL, '2018-08-13 03:24:50', 2027, 3),
(2160, 'Drenar agua:', NULL, '2018-08-13 03:24:59', 2027, 4),
(2161, 'Dializar con refrigerante:', NULL, '2018-08-13 03:25:07', 2027, 5),
(2162, 'Desmontar motor de banco:', NULL, '2018-08-13 03:25:18', 2027, 6),
(2163, 'Compilar y realizar infrome de banqueo:', NULL, '2018-08-13 03:25:51', 2028, 1),
(2164, 'Grabar CD:', NULL, '2018-08-13 03:25:58', 2028, 2),
(2165, 'Imprimir Informe:', NULL, '2018-08-13 03:26:06', 2028, 3),
(2166, 'Datos:', NULL, '2018-08-13 03:33:43', 2009, 2),
(2167, 'Datos:', NULL, '2018-08-13 03:34:24', 2024, 1),
(2500, 'LAVADO', NULL, '2018-08-23 14:41:53', 2500, 1),
(2501, 'CILINDRO', NULL, '2018-08-23 14:45:44', 2500, 2),
(2502, 'COMPRESOR', NULL, '2018-08-23 15:04:43', 2500, 3),
(2503, 'BOMBA ACEITE BOTAD. Y BALANCINES', NULL, '2018-08-23 15:10:26', 2500, 4),
(2504, 'SOLDADURAS', NULL, '2018-08-23 15:26:17', 2500, 5),
(2505, 'TAPA DE CILINDRO', NULL, '2018-08-23 15:33:20', 2500, 6),
(2506, 'BANCADA', NULL, '2018-08-23 16:06:32', 2500, 7),
(2507, 'BIELAS', NULL, '2018-08-26 23:11:32', 2500, 8),
(2508, 'PRUEBAS HIDRAULICAS', NULL, '2018-08-26 23:19:22', 2500, 9),
(2509, 'CIGUEÑAL', NULL, '2018-08-27 00:59:09', 2500, 10),
(2510, 'SUPERFICIES', NULL, '2018-08-27 01:03:44', 2500, 11),
(2511, 'CIGUEÑAL', NULL, '2018-08-27 04:15:40', 2500, 12),
(2512, 'TORNERIA', NULL, '2018-08-27 04:23:11', 2500, 13),
(2513, 'BALANCEO', NULL, '2018-08-27 04:30:58', 2500, 14),
(2514, 'ARBOL DE LEVAS', NULL, '2018-08-27 04:39:18', 2500, 15),
(2516, 'SEMI-ARMADO DE MOTOR', NULL, '2018-08-27 04:42:41', 2500, 16),
(2517, 'ARMADO PUESTA EN MARCHA', NULL, '2018-08-27 04:47:08', 2500, 17),
(2518, 'ARMADO DE MOTOR', NULL, '2018-08-27 04:53:08', 2500, 18),
(2519, 'BOMBA INYEC. E INYECTORES', NULL, '2018-08-27 05:02:08', 2500, 19),
(2520, 'DIFERENCIAL', NULL, '2018-08-27 05:03:40', 2500, 20),
(2521, 'SERVICIOS EN CAMPO', NULL, '2018-08-27 05:04:30', 2500, 21),
(2522, 'TURBOS', NULL, '2018-08-27 05:06:52', 2500, 22),
(2523, 'CARDAN', NULL, '2018-08-27 05:08:12', 2500, 23),
(2524, 'VARIOS', NULL, '2018-08-27 05:09:17', 2500, 24),
(5000, '', NULL, '2018-08-27 15:53:35', 5000, 1),
(6000, '', NULL, '2018-08-30 13:49:54', 6000, 1);

-- --------------------------------------------------------

--
-- Estructura de tabla para la tabla `frm_tipos_dato`
--

CREATE TABLE `frm_tipos_dato` (
  `TIDA_ID` int(11) NOT NULL,
  `NOMBRE` varchar(100) NOT NULL,
  `FEC_CREACION` timestamp NOT NULL DEFAULT CURRENT_TIMESTAMP
) ENGINE=InnoDB DEFAULT CHARSET=latin1;

--
-- Volcado de datos para la tabla `frm_tipos_dato`
--

INSERT INTO `frm_tipos_dato` (`TIDA_ID`, `NOMBRE`, `FEC_CREACION`) VALUES
(1, 'input', '2018-07-05 14:41:04'),
(2, 'select', '2018-07-05 15:06:02'),
(3, 'checkbox', '2018-07-08 22:45:17'),
(4, 'textarea', '2018-07-13 13:16:26'),
(5, 'input_numerico', '2018-08-28 02:40:51'),
(6, 'input_fecha', '2018-08-28 02:40:51'),
(7, 'input_archivo', '2018-08-28 02:41:58');

-- --------------------------------------------------------

--
-- Estructura de tabla para la tabla `frm_valores`
--

CREATE TABLE `frm_valores` (
  `VALO_ID` int(11) NOT NULL,
  `NOMBRE` varchar(2000) CHARACTER SET latin1 NOT NULL,
  `PISTA` varchar(2000) CHARACTER SET latin1 DEFAULT NULL,
  `LONGITUD` int(11) DEFAULT NULL,
  `VALOR_DEFECTO` varchar(1000) CHARACTER SET latin1 DEFAULT NULL,
  `OBLIGATORIO` tinyint(1) NOT NULL DEFAULT '0',
  `FEC_CREACION` timestamp NOT NULL DEFAULT CURRENT_TIMESTAMP,
  `TIDA_ID` int(11) NOT NULL,
  `GRUP_ID` int(11) NOT NULL,
  `ORDEN` int(11) DEFAULT NULL
) ENGINE=InnoDB DEFAULT CHARSET=utf8 COLLATE=utf8_spanish_ci;

--
-- Volcado de datos para la tabla `frm_valores`
--

INSERT INTO `frm_valores` (`VALO_ID`, `NOMBRE`, `PISTA`, `LONGITUD`, `VALOR_DEFECTO`, `OBLIGATORIO`, `FEC_CREACION`, `TIDA_ID`, `GRUP_ID`, `ORDEN`) VALUES
(1, 'Estado:', NULL, NULL, NULL, 0, '2018-07-28 15:53:54', 2, 1, 1),
(2, 'Estado:', NULL, NULL, NULL, 0, '2018-07-28 16:02:21', 2, 2, 1),
(3, 'Estado:', NULL, NULL, NULL, 0, '2018-07-28 16:03:23', 2, 3, 1),
(4, 'Estado:', NULL, NULL, NULL, 0, '2018-07-28 16:04:23', 2, 4, 1),
(5, 'Estado', NULL, NULL, NULL, 0, '2018-07-28 16:05:27', 2, 5, 1),
(6, 'Estado:', NULL, NULL, NULL, 0, '2018-07-28 16:06:14', 2, 6, 1),
(7, 'Estado:', NULL, NULL, NULL, 0, '2018-07-28 16:08:00', 2, 7, 1),
(8, 'Estado:', NULL, NULL, NULL, 0, '2018-07-28 16:08:49', 2, 8, 1),
(9, 'Pieza:', NULL, NULL, NULL, 0, '2018-07-28 16:18:21', 2, 9, 1),
(10, 'Estado:', NULL, NULL, NULL, 0, '2018-07-28 16:18:29', 2, 9, 2),
(11, 'Comentario:', NULL, NULL, NULL, 0, '2018-07-28 16:18:39', 4, 9, 3),
(12, 'Pieza:', NULL, NULL, NULL, 0, '2018-07-28 16:20:10', 2, 10, 1),
(13, 'Estado:', NULL, NULL, NULL, 0, '2018-07-28 16:20:19', 2, 10, 2),
(14, 'Comentario:', NULL, NULL, NULL, 0, '2018-07-28 16:20:32', 4, 10, 3),
(15, 'Pieza', NULL, NULL, NULL, 0, '2018-07-28 16:22:06', 2, 11, 1),
(16, 'Estado:', NULL, NULL, NULL, 0, '2018-07-28 16:22:14', 2, 11, 2),
(17, 'Comentario:', NULL, NULL, NULL, 0, '2018-07-28 16:22:22', 4, 11, 3),
(18, 'Pieza:', NULL, NULL, NULL, 0, '2018-07-28 16:23:27', 2, 12, 1),
(19, 'Estado:', NULL, NULL, NULL, 0, '2018-07-28 16:23:35', 2, 12, 2),
(20, 'Comentario:', NULL, NULL, NULL, 0, '2018-07-28 16:23:46', 4, 12, 3),
(21, 'Pieza:', NULL, NULL, NULL, 0, '2018-07-28 16:24:37', 2, 13, 1),
(22, 'Estado:', NULL, NULL, NULL, 0, '2018-07-28 16:24:47', 2, 13, 2),
(23, 'Comentario:', NULL, NULL, NULL, 0, '2018-07-28 16:24:56', 4, 13, 3),
(24, 'Pieza:', NULL, NULL, NULL, 0, '2018-07-28 16:25:04', 2, 14, 1),
(25, 'Estado:', NULL, NULL, NULL, 0, '2018-07-28 16:25:10', 2, 14, 2),
(26, 'Comentario:', NULL, NULL, NULL, 0, '2018-07-28 16:25:17', 4, 14, 3),
(27, 'Cod:2065 Desarmar y Armar', NULL, NULL, NULL, 0, '2018-07-28 17:05:59', 3, 15, 1),
(28, 'Cod:3066 Controlar y Calibrar', NULL, NULL, NULL, 0, '2018-07-28 17:06:34', 3, 15, 2),
(29, 'Cod:2068 Desarmar y Armar', NULL, NULL, NULL, 0, '2018-07-28 17:07:33', 3, 16, 1),
(30, 'Cod:2069 Controlar y Calibrar', NULL, NULL, NULL, 0, '2018-07-28 17:08:07', 3, 16, 2),
(31, 'Cod.2070 Asentar Toberas', NULL, NULL, NULL, 0, '2018-07-28 17:08:27', 3, 16, 3),
(32, 'Motor:', NULL, NULL, NULL, 0, '2018-07-28 17:15:28', 4, 17, 1),
(33, 'Caracteristica:', NULL, NULL, NULL, 0, '2018-07-28 17:18:38', 2, 18, 1),
(34, 'Estado:', NULL, NULL, NULL, 0, '2018-07-28 17:18:45', 2, 18, 2),
(35, '(*) Indicar en Orden de Reparacion, Trabajos a Realizar:', NULL, NULL, NULL, 0, '2018-07-28 17:20:38', 4, 18, 3),
(36, 'Caracteristica:', NULL, NULL, NULL, 0, '2018-07-28 17:21:47', 2, 19, 1),
(37, 'Estado:', NULL, NULL, NULL, 0, '2018-07-28 17:21:54', 2, 19, 2),
(38, '(*) Indicar en Orden de Reparacion, Trabajos a Realizar:', NULL, NULL, NULL, 0, '2018-07-28 17:21:59', 4, 19, 3),
(39, 'Caracteristica:', NULL, NULL, NULL, 0, '2018-07-28 17:23:29', 2, 20, 1),
(40, 'Estado:', NULL, NULL, NULL, 0, '2018-07-28 17:23:37', 2, 20, 2),
(41, '(*) Indicar en Orden de Reparacion, Trabajos a Realizar:', NULL, NULL, NULL, 0, '2018-07-28 17:23:46', 4, 20, 3),
(42, 'Caracteristica:', NULL, NULL, NULL, 0, '2018-07-28 17:24:58', 2, 21, 1),
(43, 'Estado:', NULL, NULL, NULL, 0, '2018-07-28 17:25:06', 2, 21, 2),
(44, '(*) Indicar en Orden de Reparacion, Trabajos a Realizar:', NULL, NULL, NULL, 0, '2018-07-28 17:25:15', 4, 21, 3),
(45, 'Caracteristicas:', NULL, NULL, NULL, 0, '2018-07-28 17:26:51', 2, 22, 1),
(46, 'Estado:', NULL, NULL, NULL, 0, '2018-07-28 17:26:57', 2, 22, 2),
(47, '(*) Indicar en Orden de Reparacion, Trabajos a Realizar:', NULL, NULL, NULL, 0, '2018-07-28 17:27:01', 4, 22, 3),
(48, 'Caracteristica:', NULL, NULL, NULL, 0, '2018-07-28 17:35:55', 2, 23, 1),
(49, 'Estado:', NULL, NULL, NULL, 0, '2018-07-28 17:36:23', 2, 23, 2),
(50, '(*) Indicar en Orden de Reparacion, Trabajos a Realizar:', NULL, NULL, NULL, 0, '2018-07-28 17:37:28', 4, 23, 3),
(51, 'Caracteristica:', NULL, NULL, NULL, 0, '2018-07-28 17:37:44', 2, 24, 1),
(52, 'Estado:', NULL, NULL, NULL, 0, '2018-07-28 17:37:56', 2, 24, 2),
(53, '(*) Indicar en Orden de Reparacion, Trabajos a Realizar:', NULL, NULL, NULL, 0, '2018-07-28 17:38:00', 4, 24, 3),
(54, 'Caracteristica:', NULL, NULL, NULL, 0, '2018-07-28 17:38:52', 2, 25, 1),
(55, 'Estado:', NULL, NULL, NULL, 0, '2018-07-28 17:39:01', 2, 25, 2),
(56, '(*) Indicar en Orden de Reparacion, Trabajos a Realizar:', NULL, NULL, NULL, 0, '2018-07-28 17:39:05', 4, 25, 3),
(57, 'Caracteristica:', NULL, NULL, NULL, 0, '2018-07-28 17:39:54', 2, 26, 1),
(58, 'Estado:', NULL, NULL, NULL, 0, '2018-07-28 17:39:59', 2, 26, 2),
(59, '(*) Indicar en Orden de Reparacion, Trabajos a Realizar:', NULL, NULL, NULL, 0, '2018-07-28 17:40:05', 4, 26, 3),
(60, 'Caracteristica:', NULL, NULL, NULL, 0, '2018-07-28 17:41:28', 2, 27, 1),
(61, 'Estado:', NULL, NULL, NULL, 0, '2018-07-28 17:41:41', 2, 27, 2),
(62, '(*) Indicar en Orden de Reparacion, Trabajos a Realizar:', NULL, NULL, NULL, 0, '2018-07-28 17:41:45', 4, 27, 3),
(63, 'Estado:', NULL, NULL, NULL, 0, '2018-07-28 17:43:02', 2, 28, 1),
(64, '(*) Indicar en Orden de Reparacion, Trabajos a Realizar:', NULL, NULL, NULL, 0, '2018-07-28 17:43:17', 4, 28, 2),
(65, 'Estado:', NULL, NULL, NULL, 0, '2018-07-28 17:44:07', 2, 29, 1),
(66, '(*) Indicar en Orden de Reparacion, Trabajos a Realizar:', NULL, NULL, NULL, 0, '2018-07-28 17:44:11', 4, 29, 2),
(67, 'Caracteristica:', NULL, NULL, NULL, 0, '2018-07-28 17:46:27', 2, 30, 1),
(68, 'Estado:', NULL, NULL, NULL, 0, '2018-07-28 17:46:37', 2, 30, 2),
(69, '(*) Indicar en Orden de Reparacion, Trabajos a Realizar:', NULL, NULL, NULL, 0, '2018-07-28 17:46:40', 4, 30, 3),
(70, 'Caracteristicas:', NULL, NULL, NULL, 0, '2018-07-28 17:52:08', 2, 31, 1),
(71, 'Estado:', NULL, NULL, NULL, 0, '2018-07-28 17:52:15', 2, 31, 2),
(72, '(*) Indique en Orden de Reparacion Trabajos a Realizar:', NULL, NULL, NULL, 0, '2018-07-28 17:54:19', 4, 31, 3),
(73, 'Estado:', NULL, NULL, NULL, 0, '2018-07-28 17:57:29', 2, 32, 1),
(74, '(*) Indique en Orden de Reparacion Trabajos a Realizar:', NULL, NULL, NULL, 0, '2018-07-28 17:57:33', 4, 32, 2),
(75, 'Estado:', NULL, NULL, NULL, 0, '2018-07-28 17:57:40', 2, 33, 1),
(76, '(*) Indique en Orden de Reparacion Trabajos a Realizar:', NULL, NULL, NULL, 0, '2018-07-28 17:57:44', 4, 33, 2),
(77, 'Caracteristica:', NULL, NULL, NULL, 0, '2018-07-28 18:02:44', 2, 34, 1),
(78, 'Estado:', NULL, NULL, NULL, 0, '2018-07-28 18:02:51', 2, 34, 2),
(79, '(*) Indique en Orden de Reparacion Trabajos a Realizar:', NULL, NULL, NULL, 0, '2018-07-28 18:03:03', 4, 34, 3),
(80, 'Caracteristica:', NULL, NULL, NULL, 0, '2018-07-28 18:03:42', 2, 35, 1),
(81, 'Estado:', NULL, NULL, NULL, 0, '2018-07-28 18:03:49', 2, 35, 2),
(82, '(*) Indique en Orden de Reparacion Trabajos a Realizar:', NULL, NULL, NULL, 0, '2018-07-28 18:03:53', 4, 35, 3),
(83, 'Caracteristica:', NULL, NULL, NULL, 0, '2018-07-28 18:04:18', 2, 36, 1),
(84, 'Estado:', NULL, NULL, NULL, 0, '2018-07-28 18:04:34', 2, 36, 2),
(85, '(*) Indique en Orden de Reparacion Trabajos a Realizar:', NULL, NULL, NULL, 0, '2018-07-28 18:04:38', 4, 36, 3),
(86, 'Caracteristica:', NULL, NULL, NULL, 0, '2018-07-28 18:05:27', 2, 37, 1),
(87, 'Estado:', NULL, NULL, NULL, 0, '2018-07-28 18:05:34', 2, 37, 2),
(88, '(*) Indique en Orden de Reparacion Trabajos a Realizar:', NULL, NULL, NULL, 0, '2018-07-28 18:05:38', 4, 37, 3),
(89, 'Caracteristica:', NULL, NULL, NULL, 0, '2018-07-28 18:05:49', 2, 38, 1),
(90, 'Estado:', NULL, NULL, NULL, 0, '2018-07-28 18:05:56', 2, 38, 2),
(91, '(*) Indique en Orden de Reparacion Trabajos a Realizar:', NULL, NULL, NULL, 0, '2018-07-28 18:05:59', 4, 38, 3),
(92, 'Caracteristica:', NULL, NULL, NULL, 0, '2018-07-28 18:06:12', 2, 39, 1),
(93, 'Estado:', NULL, NULL, NULL, 0, '2018-07-28 18:06:20', 2, 39, 2),
(94, '(*) Indique en Orden de Reparacion Trabajos a Realizar:', NULL, NULL, NULL, 0, '2018-07-28 18:06:24', 4, 39, 3),
(95, 'Caracteristica:', NULL, NULL, NULL, 0, '2018-07-28 18:06:36', 2, 40, 1),
(96, 'Estado:', NULL, NULL, NULL, 0, '2018-07-28 18:06:44', 2, 40, 2),
(97, '(*) Indique en Orden de Reparacion Trabajos a Realizar:', NULL, NULL, NULL, 0, '2018-07-28 18:06:47', 4, 40, 3),
(98, 'Caracteristica:', NULL, NULL, NULL, 0, '2018-07-28 18:08:36', 2, 41, 1),
(99, 'Estado:', NULL, NULL, NULL, 0, '2018-07-28 18:08:44', 2, 41, 2),
(100, '(*) Indicar en Orden de Reparacion, Trabajos a Realizar:', NULL, NULL, NULL, 0, '2018-07-28 18:08:47', 4, 41, 3),
(101, 'Caracteristica:', NULL, NULL, NULL, 0, '2018-07-28 18:08:59', 2, 42, 1),
(102, 'Estado:', NULL, NULL, NULL, 0, '2018-07-28 18:09:08', 2, 42, 2),
(103, '(*) Indicar en Orden de Reparacion, Trabajos a Realizar:', NULL, NULL, NULL, 0, '2018-07-28 18:09:13', 4, 42, 3),
(104, 'Caracteristica:', NULL, NULL, NULL, 0, '2018-07-28 18:09:38', 2, 43, 1),
(105, 'Estados', NULL, NULL, NULL, 0, '2018-07-28 18:09:44', 2, 43, 2),
(106, '(*) Indicar en Orden de Reparacion, Trabajos a Realizar:', NULL, NULL, NULL, 0, '2018-07-28 18:09:49', 4, 43, 3),
(107, 'Caracteristicas:', NULL, NULL, NULL, 0, '2018-07-28 18:10:01', 2, 44, 1),
(108, 'Estado:', NULL, NULL, NULL, 0, '2018-07-28 18:10:09', 2, 44, 2),
(109, '(*) Indicar en Orden de Reparacion, Trabajos a Realizar:', NULL, NULL, NULL, 0, '2018-07-28 18:10:13', 4, 44, 3),
(110, 'Caracteristica:', NULL, NULL, NULL, 0, '2018-07-28 18:10:26', 2, 45, 1),
(111, 'Estado:', NULL, NULL, NULL, 0, '2018-07-28 18:10:36', 2, 45, 2),
(112, '(*) Indicar en Orden de Reparacion, Trabajos a Realizar:', NULL, NULL, NULL, 0, '2018-07-28 18:10:40', 4, 45, 3),
(113, 'Caracteristica:', NULL, NULL, NULL, 0, '2018-07-28 18:10:51', 2, 46, 1),
(114, 'Estado:', NULL, NULL, NULL, 0, '2018-07-28 18:10:56', 2, 46, 2),
(115, '(*) Indicar en Orden de Reparacion, Trabajos a Realizar:', NULL, NULL, NULL, 0, '2018-07-28 18:10:59', 4, 46, 3),
(116, 'Caracteristica:', NULL, NULL, NULL, 0, '2018-07-28 18:24:33', 2, 47, 1),
(117, 'Estado:', NULL, NULL, NULL, 0, '2018-07-28 18:24:42', 2, 47, 2),
(118, '(*) Indicar en Orden de Reparacion, Trabajos a Realizar:', NULL, NULL, NULL, 0, '2018-07-28 18:24:58', 4, 47, 3),
(119, 'Caracteristica:', NULL, NULL, NULL, 0, '2018-07-28 18:25:06', 2, 48, 1),
(120, 'Estado:', NULL, NULL, NULL, 0, '2018-07-28 18:25:14', 2, 48, 2),
(121, '(*) Indicar en Orden de Reparacion, Trabajos a Realizar:', NULL, NULL, NULL, 0, '2018-07-28 18:25:18', 4, 48, 3),
(122, 'Caracteristica:', NULL, NULL, NULL, 0, '2018-07-28 18:25:26', 2, 49, 1),
(123, 'Estado:', NULL, NULL, NULL, 0, '2018-07-28 18:25:33', 2, 49, 2),
(124, '(*) Indicar en Orden de Reparacion, Trabajos a Realizar:', NULL, NULL, NULL, 0, '2018-07-28 18:25:37', 2, 49, 3),
(125, 'Caracteristica:', NULL, NULL, NULL, 0, '2018-07-28 18:25:47', 2, 50, 1),
(126, 'Estado:', NULL, NULL, NULL, 0, '2018-07-28 18:25:54', 2, 50, 2),
(127, '(*) Indicar en Orden de Reparacion, Trabajos a Realizar:', NULL, NULL, NULL, 0, '2018-07-28 18:25:58', 4, 50, 3),
(128, 'Caractreristica:', NULL, NULL, NULL, 0, '2018-07-28 18:26:07', 2, 51, 1),
(129, 'Estado:', NULL, NULL, NULL, 0, '2018-07-28 18:26:16', 2, 51, 2),
(130, '(*) Indicar en Orden de Reparacion, Trabajos a Realizar:', NULL, NULL, NULL, 0, '2018-07-28 18:26:20', 4, 51, 3),
(131, 'Caracteristica:', NULL, NULL, NULL, 0, '2018-07-28 18:26:30', 2, 52, 1),
(132, 'Estado:', NULL, NULL, NULL, 0, '2018-07-28 18:26:36', 2, 52, 2),
(133, '(*) Indicar en Orden de Reparacion, Trabajos a Realizar:', NULL, NULL, NULL, 0, '2018-07-28 18:26:39', 4, 52, 3),
(134, 'Caracteristica:', NULL, NULL, NULL, 0, '2018-07-28 18:26:48', 2, 53, 1),
(135, 'Estado:', NULL, NULL, NULL, 0, '2018-07-28 18:26:54', 2, 53, 2),
(136, '(*) Indicar en Orden de Reparacion, Trabajos a Realizar:', NULL, NULL, NULL, 0, '2018-07-28 18:26:59', 4, 53, 3),
(137, 'Caracterisitica:', NULL, NULL, NULL, 0, '2018-07-28 18:27:40', 2, 54, 1),
(138, 'Estados:', NULL, NULL, NULL, 0, '2018-07-28 18:27:51', 2, 54, 2),
(139, '(*) Indicar en Orden de Reparacion, Trabajos a Realizar:', NULL, NULL, NULL, 0, '2018-07-28 18:27:55', 4, 54, 3),
(141, 'Estado:', NULL, NULL, NULL, 0, '2018-07-28 18:28:24', 2, 55, 2),
(142, '(*) Indicar en Orden de Reparacion, Trabajos a Realizar:', NULL, NULL, NULL, 0, '2018-07-28 18:28:28', 4, 55, 3),
(144, 'Estado:', NULL, NULL, NULL, 0, '2018-07-28 18:28:43', 2, 56, 2),
(145, '(*) Indicar en Orden de Reparacion, Trabajos a Realizar:', NULL, NULL, NULL, 0, '2018-07-28 18:28:46', 4, 56, 3),
(146, 'Caracteristica:', NULL, NULL, NULL, 0, '2018-07-28 18:40:07', 2, 57, 1),
(147, 'Estado:', NULL, NULL, NULL, 0, '2018-07-28 18:40:16', 2, 57, 2),
(148, '(*) Indicar en Orden de Reparacion, Trabajos a Realizar:', NULL, NULL, NULL, 0, '2018-07-28 18:40:31', 4, 57, 3),
(149, 'Caracteristica:', NULL, NULL, NULL, 0, '2018-07-28 18:42:00', 2, 58, 1),
(150, 'Estado:', NULL, NULL, NULL, 0, '2018-07-28 18:43:05', 2, 58, 2),
(151, '(*) Indicar en Orden de Reparacion, Trabajos a Realizar:', NULL, NULL, NULL, 0, '2018-07-28 18:43:09', 4, 58, 3),
(152, 'Caracteristica:', NULL, NULL, NULL, 0, '2018-07-28 18:44:06', 2, 59, 1),
(153, 'Estado:', NULL, NULL, NULL, 0, '2018-07-28 18:44:12', 2, 59, 2),
(154, '(*) Indicar en Orden de Reparacion, Trabajos a Realizar:', NULL, NULL, NULL, 0, '2018-07-28 18:44:15', 4, 59, 3),
(155, 'Caracteristica:', NULL, NULL, NULL, 0, '2018-07-28 18:45:28', 2, 60, 1),
(156, 'Estado:', NULL, NULL, NULL, 0, '2018-07-28 18:45:35', 2, 60, 2),
(157, '(*) Indicar en Orden de Reparacion, Trabajos a Realizar:', NULL, NULL, NULL, 0, '2018-07-28 18:45:54', 4, 60, 3),
(158, 'Estado:', NULL, NULL, NULL, 0, '2018-07-28 18:47:03', 2, 61, 1),
(159, '(*) Indicar en Orden de Reparacion, Trabajos a Realizar:', NULL, NULL, NULL, 0, '2018-07-28 18:47:16', 4, 61, 2),
(160, 'Estado:', NULL, NULL, NULL, 0, '2018-07-28 18:48:28', 2, 62, 1),
(161, '(*) Indicar en Orden de Reparacion, Trabajos a Realizar:', NULL, NULL, NULL, 0, '2018-07-28 18:48:36', 4, 62, 2),
(163, 'Estado:', NULL, NULL, NULL, 0, '2018-07-28 18:52:20', 2, 63, 2),
(164, '(*) Indicar en Orden de Reparacion, Trabajos a Realizar:', NULL, NULL, NULL, 0, '2018-07-28 18:52:25', 4, 63, 3),
(165, 'Estado:', NULL, NULL, NULL, 0, '2018-07-28 18:53:57', 2, 64, 1),
(166, '(*) Indicar en Orden de Reparacion, Trabajos a Realizar:', NULL, NULL, NULL, 0, '2018-07-28 18:54:02', 4, 64, 2),
(167, 'Caracterisitica:', NULL, NULL, NULL, 0, '2018-07-28 18:54:55', 2, 65, 1),
(168, 'Estado:', NULL, NULL, NULL, 0, '2018-07-28 18:55:01', 2, 65, 2),
(169, '(*) Indicar en Orden de Reparacion, Trabajos a Realizar:', NULL, NULL, NULL, 0, '2018-07-28 18:55:04', 4, 65, 3),
(170, 'Caracteristica:', NULL, NULL, NULL, 0, '2018-07-28 18:56:14', 2, 66, 1),
(171, 'Estado:', NULL, NULL, NULL, 0, '2018-07-28 18:56:19', 2, 66, 2),
(172, '(*) Indicar en Orden de Reparacion, Trabajos a Realizar:', NULL, NULL, NULL, 0, '2018-07-28 18:56:23', 4, 66, 3),
(173, 'Caracteristica:', NULL, NULL, NULL, 0, '2018-07-28 18:58:06', 2, 67, 1),
(174, 'Estado:', NULL, NULL, NULL, 0, '2018-07-28 18:58:14', 2, 67, 2),
(175, '(*) Indicar en Orden de Reparacion, Trabajos a Realizar:', NULL, NULL, NULL, 0, '2018-07-28 18:58:18', 4, 67, 3),
(176, 'Caracterisitica:', NULL, NULL, NULL, 0, '2018-07-28 19:00:00', 2, 68, 1),
(177, 'Estado:', NULL, NULL, NULL, 0, '2018-07-28 19:00:07', 2, 68, 2),
(178, '(*) Indicar en Orden de Reparacion, Trabajos a Realizar:', NULL, NULL, NULL, 0, '2018-07-28 19:00:16', 4, 68, 3),
(179, 'Caracteristica:', NULL, NULL, NULL, 0, '2018-07-28 19:01:48', 2, 69, 1),
(180, 'Estado:', NULL, NULL, NULL, 0, '2018-07-28 19:01:55', 2, 69, 2),
(181, '(*) Indicar en Orden de Reparacion, Trabajos a Realizar:', NULL, NULL, NULL, 0, '2018-07-28 19:01:58', 4, 69, 3),
(182, 'Caracteristica:', NULL, NULL, NULL, 0, '2018-07-28 22:23:48', 1, 70, 1),
(183, 'Estado:', NULL, NULL, NULL, 0, '2018-07-28 22:24:44', 2, 70, 2),
(184, 'Caracteristica:', NULL, NULL, NULL, 0, '2018-07-28 22:26:19', 1, 71, 1),
(185, 'Estado:', NULL, NULL, NULL, 0, '2018-07-28 22:26:32', 2, 71, 2),
(186, 'Caracteristica:', NULL, NULL, NULL, 0, '2018-07-28 22:27:44', 1, 72, 1),
(187, 'Estado:', NULL, NULL, NULL, 0, '2018-07-28 22:27:52', 2, 72, 2),
(188, 'Caracteristica:', NULL, NULL, NULL, 0, '2018-07-28 22:29:23', 1, 73, 1),
(189, 'Estado:', NULL, NULL, NULL, 0, '2018-07-28 22:29:29', 2, 73, 2),
(190, 'Caracteristica:', NULL, NULL, NULL, 0, '2018-07-28 22:30:31', 1, 74, 1),
(191, 'Estado:', NULL, NULL, NULL, 0, '2018-07-28 22:30:38', 2, 74, 2),
(192, 'Caracteristica:', NULL, NULL, NULL, 0, '2018-07-28 22:33:02', 1, 75, 1),
(193, 'Estado:', NULL, NULL, NULL, 0, '2018-07-28 22:37:51', 2, 75, 2),
(194, 'Caracteristica:', NULL, NULL, NULL, 0, '2018-07-28 22:43:44', 1, 77, 1),
(195, 'Estado:', NULL, NULL, NULL, 0, '2018-07-28 22:43:52', 2, 77, 2),
(196, 'Caracteristica:', NULL, NULL, NULL, 0, '2018-07-28 22:44:10', 1, 78, 1),
(197, '(*) Indicar en Orden de Reparacion, Trabajos a Realizar:', NULL, NULL, NULL, 0, '2018-07-28 22:44:26', 4, 70, 3),
(198, '(*) Indicar en Orden de Reparacion, Trabajos a Realizar:', NULL, NULL, NULL, 0, '2018-07-28 22:44:32', 4, 71, 3),
(199, '(*) Indicar en Orden de Reparacion, Trabajos a Realizar:', NULL, NULL, NULL, 0, '2018-07-28 22:44:37', 4, 72, 3),
(200, '(*) Indicar en Orden de Reparacion, Trabajos a Realizar:', NULL, NULL, NULL, 0, '2018-07-28 22:44:42', 4, 73, 3),
(201, '(*) Indicar en Orden de Reparacion, Trabajos a Realizar:', NULL, NULL, NULL, 0, '2018-07-28 22:44:47', 4, 74, 3),
(202, '(*) Indicar en Orden de Reparacion, Trabajos a Realizar:', NULL, NULL, NULL, 0, '2018-07-28 22:44:52', 4, 75, 3),
(203, '(*) Indicar en Orden de Reparacion, Trabajos a Realizar:', NULL, NULL, NULL, 0, '2018-07-28 22:44:57', 4, 77, 3),
(205, 'Estado:', NULL, NULL, NULL, 0, '2018-07-28 22:45:35', 2, 78, 2),
(206, '(*) Indicar en Orden de Reparacion, Trabajos a Realizar:', NULL, NULL, NULL, 0, '2018-07-28 22:45:38', 4, 78, 3),
(207, 'Caracteristica:', NULL, NULL, NULL, 0, '2018-07-28 22:46:01', 1, 79, 1),
(208, 'Estado:', NULL, NULL, NULL, 0, '2018-07-28 22:46:07', 2, 79, 2),
(209, '(*) Indicar en Orden de Reparacion, Trabajos a Realizar:', NULL, NULL, NULL, 0, '2018-07-28 22:46:11', 4, 79, 3),
(210, 'Estado:', NULL, NULL, NULL, 0, '2018-07-28 23:04:16', 2, 80, 1),
(211, 'Indique Motivo de Rechazo:', NULL, NULL, NULL, 0, '2018-07-28 23:04:31', 4, 80, 2),
(214, 'Medida Requerida:', NULL, NULL, NULL, 0, '2018-07-28 23:10:03', 1, 81, 1),
(215, 'Medida Obtenida:', NULL, NULL, NULL, 0, '2018-07-28 23:10:15', 1, 81, 2),
(216, 'Medida Requerida:', NULL, NULL, NULL, 0, '2018-07-28 23:10:24', 1, 82, 1),
(217, 'Medida Obtenida:', NULL, NULL, NULL, 0, '2018-07-28 23:10:34', 1, 82, 2),
(218, 'Medida Requerida:', NULL, NULL, NULL, 0, '2018-07-28 23:10:48', 1, 83, 1),
(219, 'Medida Obtenida:', NULL, NULL, NULL, 0, '2018-07-28 23:11:00', 1, 83, 2),
(221, '', NULL, NULL, NULL, 0, '2018-07-28 23:12:23', 4, 85, 1),
(222, 'Estado:', NULL, NULL, NULL, 0, '2018-07-28 23:13:50', 2, 86, 1),
(223, 'Indique Motivo del Rechazo', NULL, NULL, NULL, 0, '2018-07-28 23:14:08', 4, 86, 2),
(224, 'Dureza Requerida:', NULL, NULL, NULL, 0, '2018-07-28 23:17:28', 1, 87, 1),
(225, 'Dureza Obtenida:', NULL, NULL, NULL, 0, '2018-07-28 23:17:37', 1, 87, 2),
(226, 'Estado:', NULL, NULL, NULL, 0, '2018-07-28 23:17:41', 2, 87, 3),
(227, 'Dureza Obtenida:', NULL, NULL, NULL, 0, '2018-07-28 23:18:09', 1, 88, 1),
(228, 'Duraza Requerida:', NULL, NULL, NULL, 0, '2018-07-28 23:18:27', 1, 88, 2),
(229, 'Estado:', NULL, NULL, NULL, 0, '2018-07-28 23:18:28', 2, 88, 3),
(230, 'Dureza Reuqerida:', NULL, NULL, NULL, 0, '2018-07-28 23:19:01', 1, 89, 1),
(231, 'Dureza Obtenida:', NULL, NULL, NULL, 0, '2018-07-28 23:19:10', 1, 89, 2),
(232, 'Estado:', NULL, NULL, NULL, 0, '2018-07-28 23:19:14', 2, 89, 3),
(233, 'Metodo:', NULL, NULL, NULL, 0, '2018-07-28 23:19:45', 2, 87, 4),
(234, 'Metodo:', NULL, NULL, NULL, 0, '2018-07-28 23:20:38', 2, 88, 4),
(235, 'Metodo:', NULL, NULL, NULL, 0, '2018-07-28 23:21:00', 2, 89, 4),
(236, 'Estado:', NULL, NULL, NULL, 0, '2018-07-28 23:22:21', 2, 90, 1),
(237, 'Estado:', NULL, NULL, NULL, 0, '2018-07-28 23:22:23', 2, 91, 1),
(238, 'Estado:', NULL, NULL, NULL, 0, '2018-07-28 23:22:25', 2, 92, 1),
(239, 'Estado:', NULL, NULL, NULL, 0, '2018-07-28 23:22:27', 2, 93, 1),
(240, 'Estado:', NULL, NULL, NULL, 0, '2018-07-28 23:23:07', 2, 94, 1),
(241, 'Estado:', NULL, NULL, NULL, 0, '2018-07-28 23:23:12', 2, 95, 1),
(242, 'Estado:', NULL, NULL, NULL, 0, '2018-07-28 23:29:54', 2, 96, 1),
(243, 'Indique Motivo de Rechazo:', NULL, NULL, NULL, 0, '2018-07-28 23:30:08', 4, 96, 2),
(244, 'Estado:', NULL, NULL, NULL, 0, '2018-07-28 23:31:28', 2, 97, 1),
(245, 'Estado:', NULL, NULL, NULL, 0, '2018-07-28 23:32:09', 2, 98, 1),
(246, 'Estado:', NULL, NULL, NULL, 0, '2018-07-28 23:32:43', 2, 99, 1),
(247, 'Estado:', NULL, NULL, NULL, 0, '2018-07-28 23:34:24', 2, 101, 1),
(248, 'Estado:', NULL, NULL, NULL, 0, '2018-07-28 23:34:31', 2, 102, 1),
(249, 'Estado:', NULL, NULL, NULL, 0, '2018-07-28 23:34:38', 2, 103, 1),
(250, 'Estado:', NULL, NULL, NULL, 0, '2018-07-28 23:36:38', 2, 104, 1),
(251, 'Estado:', NULL, NULL, NULL, 0, '2018-07-28 23:37:01', 2, 105, 1),
(252, 'Estado', NULL, NULL, NULL, 0, '2018-07-28 23:37:24', 2, 106, 1),
(253, 'Estado:', NULL, NULL, NULL, 0, '2018-07-28 23:37:50', 2, 107, 1),
(254, 'Estado:', NULL, NULL, NULL, 0, '2018-07-28 23:38:24', 2, 108, 1),
(255, 'Estado:', NULL, NULL, NULL, 0, '2018-07-28 23:38:47', 2, 109, 1),
(256, 'Estado:', NULL, NULL, NULL, 0, '2018-07-28 23:39:14', 2, 110, 1),
(257, 'Estado:', NULL, NULL, NULL, 0, '2018-07-28 23:39:39', 2, 111, 1),
(258, 'Estado:', NULL, NULL, NULL, 0, '2018-07-28 23:40:06', 2, 112, 1),
(259, 'Estado:', NULL, NULL, NULL, 0, '2018-07-28 23:40:35', 2, 113, 1),
(260, 'Estado:', NULL, NULL, NULL, 0, '2018-07-28 23:40:57', 2, 114, 1),
(261, 'Estado:', NULL, NULL, NULL, 0, '2018-07-28 23:46:15', 2, 122, 1),
(262, 'Estado:', NULL, NULL, NULL, 0, '2018-07-28 23:46:17', 2, 123, 1),
(263, 'Estado:', NULL, NULL, NULL, 0, '2018-07-28 23:46:19', 2, 124, 1),
(264, 'Estado:', NULL, NULL, NULL, 0, '2018-07-28 23:46:21', 2, 125, 1),
(265, 'Estado:', NULL, NULL, NULL, 0, '2018-07-28 23:46:23', 2, 126, 1),
(266, 'Estado:', NULL, NULL, NULL, 0, '2018-07-28 23:46:25', 2, 127, 1),
(267, 'Estado:', NULL, NULL, NULL, 0, '2018-07-28 23:46:27', 2, 128, 1),
(268, 'Estado:', NULL, NULL, NULL, 0, '2018-07-28 23:46:30', 2, 129, 1),
(269, 'Estado:', NULL, NULL, NULL, 0, '2018-07-28 23:46:33', 2, 130, 1),
(270, 'Estado:', NULL, NULL, NULL, 0, '2018-07-28 23:46:39', 2, 131, 1),
(271, 'Estado:', NULL, NULL, NULL, 0, '2018-07-28 23:46:41', 2, 132, 1),
(272, 'Estado:', NULL, NULL, NULL, 0, '2018-07-28 23:46:50', 2, 133, 1),
(273, 'Estado:', NULL, NULL, NULL, 0, '2018-07-28 23:46:53', 2, 134, 1),
(274, 'Estado:', NULL, NULL, NULL, 0, '2018-07-28 23:46:54', 2, 135, 1),
(275, 'Estado:', NULL, NULL, NULL, 0, '2018-07-28 23:46:57', 2, 136, 1),
(276, 'Estado:', NULL, NULL, NULL, 0, '2018-07-28 23:46:59', 2, 137, 1),
(277, 'Estado:', NULL, NULL, NULL, 0, '2018-07-28 23:47:02', 2, 138, 1),
(279, 'Referencia STD Muñon:', NULL, NULL, NULL, 0, '2018-07-28 23:50:45', 1, 140, 1),
(280, 'Referencia de Ojo:', NULL, NULL, NULL, 0, '2018-07-28 23:51:09', 1, 140, 2),
(281, 'Medida Muñon:', NULL, NULL, NULL, 0, '2018-07-29 00:03:58', 1, 141, 1),
(282, 'Medida Ojo:', NULL, NULL, NULL, 0, '2018-07-29 00:04:10', 1, 141, 2),
(283, 'Medida Muñon:', NULL, NULL, NULL, 0, '2018-07-29 00:05:04', 1, 142, 1),
(284, 'Medida Ojo:', NULL, NULL, NULL, 0, '2018-07-29 00:05:16', 1, 142, 2),
(285, 'Medida Muñon:', NULL, NULL, NULL, 0, '2018-07-29 00:06:37', 1, 143, 1),
(286, 'Medida Ojo:', NULL, NULL, NULL, 0, '2018-07-29 00:06:47', 1, 143, 2),
(287, 'Medida Muñon:', NULL, NULL, NULL, 0, '2018-07-29 00:06:52', 1, 144, 1),
(288, 'Medida Ojo:', NULL, NULL, NULL, 0, '2018-07-29 00:06:59', 1, 144, 2),
(289, 'Medida Muñon:', NULL, NULL, NULL, 0, '2018-07-29 00:07:03', 1, 145, 1),
(290, 'Medida Ojo:', NULL, NULL, NULL, 0, '2018-07-29 00:07:10', 1, 145, 2),
(291, 'Medida Muñon:', NULL, NULL, NULL, 0, '2018-07-29 00:07:15', 1, 146, 1),
(292, 'Medida Ojo:', NULL, NULL, NULL, 0, '2018-07-29 00:07:21', 1, 146, 2),
(293, 'Medida Muñon:', NULL, NULL, NULL, 0, '2018-07-29 00:07:33', 1, 147, 1),
(294, 'Medida Ojo:', NULL, NULL, NULL, 0, '2018-07-29 00:07:41', 1, 147, 2),
(295, 'Medida Muñon:', NULL, NULL, NULL, 0, '2018-07-29 00:07:46', 1, 148, 1),
(296, 'Medida Ojo:', NULL, NULL, NULL, 0, '2018-07-29 00:07:53', 1, 148, 2),
(297, 'Medida Muñon:', NULL, NULL, NULL, 0, '2018-07-29 00:07:59', 1, 149, 1),
(298, 'Medida Ojo:', NULL, NULL, NULL, 0, '2018-07-29 00:08:05', 1, 149, 2),
(299, 'Medida Muñon:', NULL, NULL, NULL, 0, '2018-07-29 00:08:10', 1, 150, 1),
(300, 'Medida Ojo:', NULL, NULL, NULL, 0, '2018-07-29 00:08:16', 1, 150, 2),
(301, 'Medida Muñon:', NULL, NULL, NULL, 0, '2018-07-29 00:08:22', 1, 151, 1),
(302, 'Medida Ojo:', NULL, NULL, NULL, 0, '2018-07-29 00:08:28', 1, 151, 2),
(303, 'Medida Muñon:', NULL, NULL, NULL, 0, '2018-07-29 00:08:32', 1, 152, 1),
(304, 'Medida Ojo:', NULL, NULL, NULL, 0, '2018-07-29 00:08:39', 1, 152, 2),
(305, 'Medida Muñon:', NULL, NULL, NULL, 0, '2018-07-29 00:08:44', 1, 153, 1),
(306, 'Medida Ojo:', NULL, NULL, NULL, 0, '2018-07-29 00:08:51', 1, 153, 2),
(307, 'Medida Muñon:', NULL, NULL, NULL, 0, '2018-07-29 00:09:20', 1, 154, 1),
(308, 'Medida Ojo:', NULL, NULL, NULL, 0, '2018-07-29 00:09:28', 1, 154, 2),
(309, 'Medida Muñon:', NULL, NULL, NULL, 0, '2018-07-29 00:11:09', 1, 155, 1),
(310, 'Medida Ojo:', NULL, NULL, NULL, 0, '2018-07-29 00:11:16', 1, 155, 2),
(311, 'Medida Muñon:', NULL, NULL, NULL, 0, '2018-07-29 00:11:22', 1, 156, 1),
(312, 'Medida Ojo:', NULL, NULL, NULL, 0, '2018-07-29 00:11:33', 1, 156, 2),
(313, 'Medida Muñon:', NULL, NULL, NULL, 0, '2018-07-29 00:11:37', 1, 157, 1),
(314, 'Medida Ojo:', NULL, NULL, NULL, 0, '2018-07-29 00:11:44', 1, 157, 2),
(315, 'Medida de Referencia STD:', NULL, NULL, NULL, 0, '2018-07-29 00:15:33', 1, 158, 1),
(316, 'Medida:', NULL, NULL, NULL, 0, '2018-07-29 00:26:20', 1, 159, 1),
(317, 'Medida:', NULL, NULL, NULL, 0, '2018-07-29 00:26:25', 1, 160, 1),
(318, 'Medida:', NULL, NULL, NULL, 0, '2018-07-29 00:26:30', 1, 161, 1),
(319, 'Medida:', NULL, NULL, NULL, 0, '2018-07-29 00:26:36', 1, 162, 1),
(320, 'Medida:', NULL, NULL, NULL, 0, '2018-07-29 00:26:59', 1, 163, 1),
(321, 'Medida:', NULL, NULL, NULL, 0, '2018-07-29 00:27:12', 1, 164, 1),
(322, 'Medida:', NULL, NULL, NULL, 0, '2018-07-29 00:27:19', 1, 165, 1),
(323, 'Medida:', NULL, NULL, NULL, 0, '2018-07-29 00:27:24', 1, 166, 1),
(324, 'Medida:', NULL, NULL, NULL, 0, '2018-07-29 00:27:35', 1, 167, 1),
(325, 'Medida:', NULL, NULL, NULL, 0, '2018-07-29 00:27:40', 1, 168, 1),
(326, 'Medida:', NULL, NULL, NULL, 0, '2018-07-29 00:27:46', 1, 169, 1),
(327, 'Medida:', NULL, NULL, NULL, 0, '2018-07-29 00:27:57', 1, 170, 1),
(328, 'Medida:', NULL, NULL, NULL, 0, '2018-07-29 00:28:02', 1, 171, 1),
(329, 'Medida:', NULL, NULL, NULL, 0, '2018-07-29 00:28:07', 1, 172, 1),
(330, 'Medida:', NULL, NULL, NULL, 0, '2018-07-29 00:28:12', 1, 173, 1),
(331, 'Medida:', NULL, NULL, NULL, 0, '2018-07-29 00:28:18', 1, 174, 1),
(332, 'Medida:', NULL, NULL, NULL, 0, '2018-07-29 00:28:23', 1, 175, 1),
(333, 'Estado:', NULL, NULL, NULL, 0, '2018-07-29 04:22:41', 2, 176, 1),
(334, 'Estado:', NULL, NULL, NULL, 0, '2018-07-29 04:22:49', 2, 177, 1),
(335, 'Estado:', NULL, NULL, NULL, 0, '2018-07-29 04:22:58', 2, 178, 1),
(336, 'Estado:', NULL, NULL, NULL, 0, '2018-07-29 04:23:08', 2, 179, 1),
(337, 'Estado:', NULL, NULL, NULL, 0, '2018-07-29 04:23:16', 2, 180, 1),
(338, 'Estado:', NULL, NULL, NULL, 0, '2018-07-29 04:25:25', 2, 181, 1),
(339, 'Estado:', NULL, NULL, NULL, 0, '2018-07-29 04:25:33', 2, 182, 1),
(340, 'Estado:', NULL, NULL, NULL, 0, '2018-07-29 04:25:40', 2, 183, 1),
(341, 'Estado:', NULL, NULL, NULL, 0, '2018-07-29 04:25:54', 2, 184, 1),
(342, 'Estado:', NULL, NULL, NULL, 0, '2018-07-29 04:26:02', 2, 185, 1),
(343, 'Estado:', NULL, NULL, NULL, 0, '2018-07-29 04:26:08', 2, 186, 1),
(344, 'Estado:', NULL, NULL, NULL, 0, '2018-07-29 04:26:15', 2, 187, 1),
(345, 'Estado:', NULL, NULL, NULL, 0, '2018-07-29 04:26:25', 2, 188, 1),
(346, 'Estado:', NULL, NULL, NULL, 0, '2018-07-29 04:26:33', 2, 189, 1),
(347, 'Estado:', NULL, NULL, NULL, 0, '2018-07-29 04:26:43', 2, 190, 1),
(348, 'Estado:', NULL, NULL, NULL, 0, '2018-07-29 04:26:52', 2, 191, 1),
(349, 'Estado:', NULL, NULL, NULL, 0, '2018-07-29 04:27:00', 2, 192, 1),
(350, 'Referencia Rotativo:', NULL, NULL, NULL, 0, '2018-07-29 04:28:46', 1, 193, 1),
(351, 'Referencia Alternativo:', NULL, NULL, NULL, 0, '2018-07-29 04:29:12', 1, 193, 2),
(352, 'Estado:', NULL, NULL, NULL, 0, '2018-07-29 04:29:30', 2, 194, 1),
(353, 'Estado:', NULL, NULL, NULL, 0, '2018-07-29 04:29:36', 2, 195, 1),
(354, 'Estado:', NULL, NULL, NULL, 0, '2018-07-29 04:30:08', 2, 196, 1),
(355, 'Estado:', NULL, NULL, NULL, 0, '2018-07-29 04:30:16', 2, 197, 1),
(356, 'Estado:', NULL, NULL, NULL, 0, '2018-07-29 04:30:27', 2, 198, 1),
(357, 'Estado:', NULL, NULL, NULL, 0, '2018-07-29 04:31:17', 2, 199, 1),
(358, 'Estado:', NULL, NULL, NULL, 0, '2018-07-29 04:31:20', 2, 200, 1),
(359, 'Estado:', NULL, NULL, NULL, 0, '2018-07-29 04:31:23', 2, 201, 1),
(360, 'Estado:', NULL, NULL, NULL, 0, '2018-07-29 04:31:26', 2, 202, 1),
(361, 'Estado:', NULL, NULL, NULL, 0, '2018-07-29 04:31:28', 2, 203, 1),
(362, 'Estado:', NULL, NULL, NULL, 0, '2018-07-29 04:31:31', 2, 204, 1),
(363, 'Estado:', NULL, NULL, NULL, 0, '2018-07-29 04:31:34', 2, 205, 1),
(364, 'Estado:', NULL, NULL, NULL, 0, '2018-07-29 04:31:37', 2, 206, 1),
(365, 'Estado:', NULL, NULL, NULL, 0, '2018-07-29 04:31:39', 2, 207, 1),
(366, 'Estado:', NULL, NULL, NULL, 0, '2018-07-29 04:31:42', 2, 208, 1),
(367, 'Estado:', NULL, NULL, NULL, 0, '2018-07-29 04:31:45', 2, 209, 1),
(368, 'Estado:', NULL, NULL, NULL, 0, '2018-07-29 04:31:47', 2, 210, 1),
(369, 'Estado:', NULL, NULL, NULL, 0, '2018-07-29 04:34:25', 2, 211, 1),
(370, 'Estado:', NULL, NULL, NULL, 0, '2018-07-29 04:34:27', 2, 212, 1),
(371, 'Estado:', NULL, NULL, NULL, 0, '2018-07-29 04:34:29', 2, 213, 1),
(372, 'Estado:', NULL, NULL, NULL, 0, '2018-07-29 04:34:32', 2, 214, 1),
(373, 'Estado:', NULL, NULL, NULL, 0, '2018-07-29 04:34:34', 2, 215, 1),
(374, 'Estado:', NULL, NULL, NULL, 0, '2018-07-29 04:34:36', 2, 216, 1),
(375, 'Estado:', NULL, NULL, NULL, 0, '2018-07-29 04:34:39', 2, 217, 1),
(376, 'Estado:', NULL, NULL, NULL, 0, '2018-07-29 04:34:41', 2, 218, 1),
(377, 'Estado:', NULL, NULL, NULL, 0, '2018-07-29 04:34:44', 2, 219, 1),
(378, 'Estado:', NULL, NULL, NULL, 0, '2018-07-29 04:34:47', 2, 220, 1),
(379, 'Estado:', NULL, NULL, NULL, 0, '2018-07-29 04:34:50', 2, 221, 1),
(380, 'Estado:', NULL, NULL, NULL, 0, '2018-07-29 04:34:54', 2, 222, 1),
(381, 'Estado:', NULL, NULL, NULL, 0, '2018-07-29 04:34:56', 2, 223, 1),
(382, 'Estado:', NULL, NULL, NULL, 0, '2018-07-29 04:34:59', 2, 224, 1),
(383, 'Estado:', NULL, NULL, NULL, 0, '2018-07-29 04:35:02', 2, 225, 1),
(384, 'Estado:', NULL, NULL, NULL, 0, '2018-07-29 04:35:04', 2, 226, 1),
(385, 'Estado:', NULL, NULL, NULL, 0, '2018-07-29 04:35:07', 2, 227, 1),
(386, 'Tipo:', NULL, NULL, NULL, 0, '2018-07-29 04:37:00', 2, 228, 1),
(387, 'Estado:', NULL, NULL, NULL, 0, '2018-07-29 04:37:05', 2, 228, 2),
(388, 'Tipo:', NULL, NULL, NULL, 0, '2018-07-29 04:37:58', 2, 229, 1),
(389, 'Estado:', NULL, NULL, NULL, 0, '2018-07-29 04:37:59', 2, 229, 2),
(390, 'Tipo:', NULL, NULL, NULL, 0, '2018-07-29 04:38:54', 2, 230, 1),
(391, 'Estado:', NULL, NULL, NULL, 0, '2018-07-29 04:38:55', 2, 230, 2),
(392, 'Tipo:', NULL, NULL, NULL, 0, '2018-07-29 04:40:27', 2, 231, 1),
(393, 'Estado:', NULL, NULL, NULL, 0, '2018-07-29 04:40:28', 2, 231, 2),
(394, 'Tipo:', NULL, NULL, NULL, 0, '2018-07-29 04:41:16', 2, 232, 1),
(395, 'Estado:', NULL, NULL, NULL, 0, '2018-07-29 04:41:17', 2, 232, 2),
(396, 'Tipo:', NULL, NULL, NULL, 0, '2018-07-29 04:42:26', 2, 233, 1),
(397, 'Estado:', NULL, NULL, NULL, 0, '2018-07-29 04:42:26', 2, 233, 2),
(398, 'Tipo:', NULL, NULL, NULL, 0, '2018-07-29 04:43:28', 2, 234, 1),
(399, 'Estado:', NULL, NULL, NULL, 0, '2018-07-29 04:43:29', 2, 234, 2),
(400, 'Tipo:', NULL, NULL, NULL, 0, '2018-07-29 04:43:52', 2, 235, 1),
(401, 'Estado:', NULL, NULL, NULL, 0, '2018-07-29 04:43:53', 2, 235, 2),
(402, 'Tipo:', NULL, NULL, NULL, 0, '2018-07-29 04:44:18', 2, 236, 1),
(403, 'Estado:', NULL, NULL, NULL, 0, '2018-07-29 04:44:20', 2, 236, 2),
(404, 'Tipo:', NULL, NULL, NULL, 0, '2018-07-29 04:45:20', 2, 237, 1),
(405, 'Estado:', NULL, NULL, NULL, 0, '2018-07-29 04:45:21', 2, 237, 2),
(406, 'Tipo:', NULL, NULL, NULL, 0, '2018-07-29 04:46:10', 2, 238, 1),
(407, 'Estado:', NULL, NULL, NULL, 0, '2018-07-29 04:46:11', 2, 238, 2),
(408, 'Tipo:', NULL, NULL, NULL, 0, '2018-07-29 04:46:53', 2, 239, 1),
(409, 'Estado:', NULL, NULL, NULL, 0, '2018-07-29 04:46:54', 2, 239, 2),
(410, 'Tipo:', NULL, NULL, NULL, 0, '2018-07-29 04:47:19', 2, 240, 1),
(411, 'Estado:', NULL, NULL, NULL, 0, '2018-07-29 04:47:19', 2, 240, 2),
(412, 'Tipo:', NULL, NULL, NULL, 0, '2018-07-29 04:47:48', 2, 241, 1),
(413, 'Estado:', NULL, NULL, NULL, 0, '2018-07-29 04:47:48', 2, 241, 2),
(414, 'Tipo:', NULL, NULL, NULL, 0, '2018-07-29 04:48:09', 2, 242, 1),
(415, 'Estado:', NULL, NULL, NULL, 0, '2018-07-29 04:48:10', 2, 242, 2),
(416, 'Tipo:', NULL, NULL, NULL, 0, '2018-07-29 04:48:51', 2, 243, 1),
(417, 'Estado:', NULL, NULL, NULL, 0, '2018-07-29 04:48:52', 2, 243, 2),
(418, 'Tipo:', NULL, NULL, NULL, 0, '2018-07-29 04:49:19', 2, 244, 1),
(419, 'Estado:', NULL, NULL, NULL, 0, '2018-07-29 04:49:20', 2, 244, 2),
(420, 'Estado:', NULL, NULL, NULL, 0, '2018-07-29 04:50:49', 2, 245, 1),
(421, 'Estado:', NULL, NULL, NULL, 0, '2018-07-29 04:50:51', 2, 246, 1),
(422, 'Estado:', NULL, NULL, NULL, 0, '2018-07-29 04:50:53', 2, 247, 1),
(423, 'Estado:', NULL, NULL, NULL, 0, '2018-07-29 04:50:55', 2, 248, 1),
(424, 'Estado:', NULL, NULL, NULL, 0, '2018-07-29 04:50:58', 2, 249, 1),
(425, 'Estado:', NULL, NULL, NULL, 0, '2018-07-29 04:51:00', 2, 250, 1),
(426, 'Estado:', NULL, NULL, NULL, 0, '2018-07-29 04:51:02', 2, 251, 1),
(427, 'Estado:', NULL, NULL, NULL, 0, '2018-07-29 04:51:04', 2, 252, 1),
(428, 'Estado:', NULL, NULL, NULL, 0, '2018-07-29 04:51:07', 2, 253, 1),
(429, 'Estado:', NULL, NULL, NULL, 0, '2018-07-29 04:51:09', 2, 254, 1),
(430, 'Estado:', NULL, NULL, NULL, 0, '2018-07-29 04:51:11', 2, 255, 1),
(431, 'Estado:', NULL, NULL, NULL, 0, '2018-07-29 04:51:14', 2, 256, 1),
(432, 'Estado:', NULL, NULL, NULL, 0, '2018-07-29 04:51:18', 2, 257, 1),
(433, 'Estado:', NULL, NULL, NULL, 0, '2018-07-29 04:51:20', 2, 258, 1),
(434, 'Estado:', NULL, NULL, NULL, 0, '2018-07-29 04:51:23', 2, 259, 1),
(435, 'Estado:', NULL, NULL, NULL, 0, '2018-07-29 04:51:26', 2, 260, 1),
(436, 'Estado:', NULL, NULL, NULL, 0, '2018-07-29 04:51:29', 2, 261, 1),
(437, 'Estado:', NULL, NULL, NULL, 0, '2018-07-29 04:52:07', 2, 262, 1),
(438, 'Estado:', NULL, NULL, NULL, 0, '2018-07-29 04:52:12', 2, 263, 1),
(439, 'Estado:', NULL, NULL, NULL, 0, '2018-07-29 04:52:18', 2, 264, 1),
(440, 'Estado:', NULL, NULL, NULL, 0, '2018-07-29 04:52:24', 2, 265, 1),
(441, 'Estado:', NULL, NULL, NULL, 0, '2018-07-29 04:52:30', 2, 266, 1),
(442, 'Estado:', NULL, NULL, NULL, 0, '2018-07-29 04:52:35', 2, 267, 1),
(443, 'Estado:', NULL, NULL, NULL, 0, '2018-07-29 04:52:42', 2, 268, 1),
(444, 'Estado:', NULL, NULL, NULL, 0, '2018-07-29 04:52:49', 2, 269, 1),
(445, 'Estado:', NULL, NULL, NULL, 0, '2018-07-29 04:52:55', 2, 270, 1),
(446, 'Estado:', NULL, NULL, NULL, 0, '2018-07-29 04:53:01', 2, 271, 1),
(447, 'Estado:', NULL, NULL, NULL, 0, '2018-07-29 04:53:07', 2, 272, 1),
(448, 'Estado:', NULL, NULL, NULL, 0, '2018-07-29 04:53:12', 2, 273, 1),
(449, 'Estado:', NULL, NULL, NULL, 0, '2018-07-29 04:53:19', 2, 274, 1),
(450, 'Estado:', NULL, NULL, NULL, 0, '2018-07-29 04:53:26', 2, 275, 1),
(451, 'Estado:', NULL, NULL, NULL, 0, '2018-07-29 04:53:33', 2, 276, 1),
(452, 'Estado:', NULL, NULL, NULL, 0, '2018-07-29 04:53:41', 2, 277, 1),
(453, 'Estado:', NULL, NULL, NULL, 0, '2018-07-29 04:53:46', 2, 278, 1),
(454, 'Estado:', NULL, NULL, NULL, 0, '2018-07-29 14:23:47', 2, 279, 1),
(455, 'Indicar Motivo del Rechazo:', NULL, NULL, NULL, 0, '2018-07-29 14:24:04', 4, 279, 2),
(456, '01', NULL, NULL, NULL, 0, '2018-07-29 14:27:34', 1, 292, 1),
(457, '02', NULL, NULL, NULL, 0, '2018-07-29 14:27:39', 1, 293, 1),
(458, '03', NULL, NULL, NULL, 0, '2018-07-29 14:27:46', 1, 294, 1),
(459, '04', NULL, NULL, NULL, 0, '2018-07-29 14:27:53', 1, 295, 1),
(460, '05', NULL, NULL, NULL, 0, '2018-07-29 14:28:02', 1, 296, 1),
(461, '06', NULL, NULL, NULL, 0, '2018-07-29 14:28:08', 1, 297, 1),
(462, '08', NULL, NULL, NULL, 0, '2018-07-29 14:28:14', 1, 298, 1),
(463, '12', NULL, NULL, NULL, 0, '2018-07-29 14:28:21', 1, 299, 1),
(464, '16', NULL, NULL, NULL, 0, '2018-07-29 14:28:28', 1, 300, 1),
(465, 'n', NULL, NULL, NULL, 0, '2018-07-29 14:28:36', 1, 301, 1),
(466, 'Observaciones:', NULL, NULL, NULL, 0, '2018-07-29 14:28:52', 4, 302, 1),
(467, '01', NULL, NULL, NULL, 0, '2018-07-29 14:32:24', 3, 303, 1),
(468, '02', NULL, NULL, NULL, 0, '2018-07-29 14:32:30', 3, 304, 1),
(469, '03:', NULL, NULL, NULL, 0, '2018-07-29 14:32:39', 3, 305, 1),
(470, '04', NULL, NULL, NULL, 0, '2018-07-29 14:32:48', 3, 306, 1),
(471, '05', NULL, NULL, NULL, 0, '2018-07-29 14:32:53', 3, 307, 1),
(472, '06', NULL, NULL, NULL, 0, '2018-07-29 14:33:02', 3, 308, 1),
(473, '08', NULL, NULL, NULL, 0, '2018-07-29 14:33:30', 3, 309, 1),
(474, '12', NULL, NULL, NULL, 0, '2018-07-29 14:33:34', 3, 310, 1),
(475, '16', NULL, NULL, NULL, 0, '2018-07-29 14:34:03', 3, 311, 1),
(476, 'n', NULL, NULL, NULL, 0, '2018-07-29 14:34:09', 3, 312, 1),
(477, 'Observaciones:', NULL, NULL, NULL, 0, '2018-07-29 14:34:26', 4, 313, 1),
(488, 'Estado:', NULL, NULL, NULL, 0, '2018-07-29 14:44:14', 2, 314, 11),
(489, 'Indicar Motivo de Rechazo:', NULL, NULL, NULL, 0, '2018-07-29 14:44:18', 4, 314, 12),
(509, '', NULL, NULL, NULL, 0, '2018-07-29 14:46:48', 4, 326, 1),
(510, 'Estado:', NULL, NULL, NULL, 0, '2018-07-29 14:47:43', 2, 327, 1),
(511, 'Estado:', NULL, NULL, NULL, 0, '2018-07-29 14:47:45', 2, 328, 1),
(512, 'Estado:', NULL, NULL, NULL, 0, '2018-07-29 14:47:47', 2, 329, 1),
(513, 'Estado:', NULL, NULL, NULL, 0, '2018-07-29 14:47:49', 2, 330, 1),
(514, 'Estado:', NULL, NULL, NULL, 0, '2018-07-29 14:47:52', 2, 331, 1),
(515, 'Estado:', NULL, NULL, NULL, 0, '2018-07-29 14:48:27', 2, 332, 1),
(516, 'Indique cantidad de elementos con defectos:', NULL, NULL, NULL, 0, '2018-07-29 14:48:31', 4, 332, 2),
(517, 'Estado:', NULL, NULL, NULL, 0, '2018-07-29 14:48:33', 2, 333, 1),
(518, 'Indique cantidad de elementos con defectos:', NULL, NULL, NULL, 0, '2018-07-29 14:48:37', 4, 333, 2),
(519, 'Estado:', NULL, NULL, NULL, 0, '2018-07-29 14:49:05', 2, 334, 1),
(520, 'Indique Anomalias y/o Comunicacion de los circuitos (Perforaciones):', NULL, NULL, NULL, 0, '2018-07-29 14:49:09', 4, 334, 2),
(521, 'Estado:', NULL, NULL, NULL, 0, '2018-07-29 14:49:11', 2, 335, 1),
(522, 'Indique Anomalias y/o Comunicacion de los circuitos (Perforaciones):', NULL, NULL, NULL, 0, '2018-07-29 14:49:15', 4, 335, 2),
(523, 'Estado:', NULL, NULL, NULL, 0, '2018-07-29 14:51:08', 2, 336, 1),
(524, 'Indique Anomalias (Corrosion, Falta Mat.):', NULL, NULL, NULL, 0, '2018-07-29 14:51:12', 4, 336, 2),
(525, 'Estado:', NULL, NULL, NULL, 0, '2018-07-29 14:51:14', 2, 337, 1),
(526, 'Indique Anomalias (Corrosion, Falta Mat.):', NULL, NULL, NULL, 0, '2018-07-29 14:51:18', 4, 337, 2),
(527, '01:', NULL, NULL, NULL, 0, '2018-07-29 14:52:40', 1, 338, 1),
(528, '02:', NULL, NULL, NULL, 0, '2018-07-29 14:52:46', 1, 339, 1),
(529, '03:', NULL, NULL, NULL, 0, '2018-07-29 14:52:55', 1, 340, 1),
(530, '04:', NULL, NULL, NULL, 0, '2018-07-29 14:53:16', 1, 341, 1),
(531, '05:', NULL, NULL, NULL, 0, '2018-07-29 14:53:26', 1, 342, 1),
(532, '06:', NULL, NULL, NULL, 0, '2018-07-29 14:53:34', 1, 343, 1),
(533, '08:', NULL, NULL, NULL, 0, '2018-07-29 14:53:42', 1, 344, 1),
(534, '12', NULL, NULL, NULL, 0, '2018-07-29 14:54:13', 1, 345, 1),
(535, 'n:', NULL, NULL, NULL, 0, '2018-07-29 14:54:21', 1, 346, 1),
(537, 'Estado:', NULL, NULL, NULL, 0, '2018-07-29 14:55:48', 2, 349, 1),
(538, 'Indique Motivo Rechazo:', NULL, NULL, NULL, 0, '2018-07-29 14:55:53', 4, 349, 2),
(539, 'Estado:', NULL, NULL, NULL, 0, '2018-07-29 14:55:55', 2, 350, 1),
(540, 'Indique Motivo Rechazo:', NULL, NULL, NULL, 0, '2018-07-29 14:55:59', 4, 350, 2),
(541, 'Estado:', NULL, NULL, NULL, 0, '2018-07-29 14:56:05', 2, 351, 1),
(542, 'Indique Motivo Rechazo:', NULL, NULL, NULL, 0, '2018-07-29 14:56:09', 4, 351, 2),
(543, 'Estado:', NULL, NULL, NULL, 0, '2018-07-29 14:56:14', 2, 352, 1),
(544, 'Indique Motivo Rechazo:', NULL, NULL, NULL, 0, '2018-07-29 14:56:19', 4, 352, 2),
(545, 'Estado:', NULL, NULL, NULL, 0, '2018-07-29 14:56:21', 2, 353, 1),
(546, 'Indique Motivo Rechazo:', NULL, NULL, NULL, 0, '2018-07-29 14:56:25', 4, 353, 2),
(547, 'Estado:', NULL, NULL, NULL, 0, '2018-07-29 14:56:29', 2, 354, 1),
(548, 'Indique Motivo Rechazo:', NULL, NULL, NULL, 0, '2018-07-29 14:56:36', 4, 354, 2),
(549, 'Estado:', NULL, NULL, NULL, 0, '2018-07-29 14:56:40', 2, 355, 1),
(550, 'Indique Motivo Rechazo:', NULL, NULL, NULL, 0, '2018-07-29 14:56:45', 4, 355, 2),
(551, 'Estado:', NULL, NULL, NULL, 0, '2018-07-29 14:56:49', 2, 356, 1),
(552, 'Indique Motivo Rechazo:', NULL, NULL, NULL, 0, '2018-07-29 14:56:54', 4, 356, 2),
(553, 'Medida:', NULL, NULL, NULL, 0, '2018-07-29 14:58:59', 1, 357, 1),
(554, 'Medida:', NULL, NULL, NULL, 0, '2018-07-29 14:59:45', 1, 358, 1),
(555, 'Medida:', NULL, NULL, NULL, 0, '2018-07-29 14:59:47', 1, 359, 1),
(556, 'Medida:', NULL, NULL, NULL, 0, '2018-07-29 14:59:49', 1, 360, 1),
(557, 'Medida:', NULL, NULL, NULL, 0, '2018-07-29 14:59:51', 1, 361, 1),
(558, 'Medida:', NULL, NULL, NULL, 0, '2018-07-29 14:59:53', 1, 362, 1),
(559, 'Medida:', NULL, NULL, NULL, 0, '2018-07-29 14:59:55', 1, 363, 1),
(560, '', NULL, NULL, NULL, 0, '2018-07-29 15:00:03', 4, 364, 1),
(561, '01', NULL, NULL, NULL, 0, '2018-07-29 15:01:29', 1, 365, 1),
(562, '02:', NULL, NULL, NULL, 0, '2018-07-29 15:01:36', 1, 366, 1),
(563, '03:', NULL, NULL, NULL, 0, '2018-07-29 15:01:43', 1, 367, 1),
(564, '04:', NULL, NULL, NULL, 0, '2018-07-29 15:01:52', 1, 368, 1),
(565, '05:', NULL, NULL, NULL, 0, '2018-07-29 15:01:59', 1, 369, 1),
(566, 'Medida:', NULL, NULL, NULL, 0, '2018-07-29 15:02:58', 1, 370, 1),
(567, 'Estado:', NULL, NULL, NULL, 0, '2018-07-29 15:02:59', 2, 370, 2),
(568, 'Indicar Motivo de Rechazo:', NULL, NULL, NULL, 0, '2018-07-29 15:03:11', 4, 370, 3),
(569, 'Estado:', NULL, NULL, NULL, 0, '2018-07-29 15:07:19', 2, 371, 1),
(570, 'Indique Motivo de Rechazo:', NULL, NULL, NULL, 0, '2018-07-29 15:07:27', 4, 371, 2),
(571, 'Estado:', NULL, NULL, NULL, 0, '2018-07-29 15:08:58', 2, 372, 1),
(572, 'Medida STD:', NULL, NULL, NULL, 0, '2018-07-29 15:09:09', 1, 372, 2),
(573, 'Medida Real:', NULL, NULL, NULL, 0, '2018-07-29 15:09:18', 1, 372, 3),
(574, 'a-Tapas Rectas:', NULL, NULL, NULL, 0, '2018-07-29 15:18:05', 2, 373, 1),
(575, 'b-Tapas Convexas', NULL, NULL, NULL, 0, '2018-07-29 15:18:28', 2, 373, 2),
(576, 'Estado:', NULL, NULL, NULL, 0, '2018-07-29 15:19:08', 2, 374, 1),
(577, 'Indique Lugar:', NULL, NULL, NULL, 0, '2018-07-29 15:19:28', 4, 374, 2),
(578, 'Tiempo de Prueba:', NULL, NULL, NULL, 0, '2018-07-29 15:22:51', 1, 375, 1),
(579, 'Temperatura de Agua:', NULL, NULL, NULL, 0, '2018-07-29 15:23:00', 1, 375, 2),
(580, 'Presion de Prueba:', NULL, NULL, NULL, 0, '2018-07-29 15:23:10', 1, 375, 3),
(581, 'Estado:', NULL, NULL, NULL, 0, '2018-07-29 15:23:12', 2, 375, 4),
(582, 'Indique Motivo de Rechazo:', NULL, NULL, NULL, 0, '2018-07-29 15:23:28', 4, 375, 5),
(583, 'Estado:', NULL, NULL, NULL, 0, '2018-07-29 15:28:44', 2, 376, 1),
(584, 'Estado:', NULL, NULL, NULL, 0, '2018-07-29 15:28:46', 2, 377, 1),
(585, 'Estado:', NULL, NULL, NULL, 0, '2018-07-29 15:28:48', 2, 378, 1),
(586, 'Estado:', NULL, NULL, NULL, 0, '2018-07-29 15:28:50', 2, 379, 1),
(587, 'Indique Motivo de Rechazo:', NULL, NULL, NULL, 0, '2018-07-29 15:29:09', 4, 376, 2),
(588, 'Indique Motivo de Rechazo:', NULL, NULL, NULL, 0, '2018-07-29 15:29:13', 4, 377, 2),
(589, 'Indique Motivo de Rechazo:', NULL, NULL, NULL, 0, '2018-07-29 15:29:18', 4, 378, 2),
(590, 'Indique Motivo de Rechazo:', NULL, NULL, NULL, 0, '2018-07-29 15:29:23', 4, 379, 2),
(591, 'Estado:', NULL, NULL, NULL, 0, '2018-07-29 15:31:37', 2, 380, 1),
(592, 'Estado:', NULL, NULL, NULL, 0, '2018-07-29 15:32:02', 2, 381, 1),
(593, '', NULL, NULL, NULL, 0, '2018-07-29 15:32:16', 2, 382, 1),
(594, 'Normales:', NULL, NULL, NULL, 0, '2018-07-29 15:36:03', 1, 383, 1),
(595, 'Picadas:', NULL, NULL, NULL, 0, '2018-07-29 15:36:10', 1, 383, 2),
(596, 'Quemadas:', NULL, NULL, NULL, 0, '2018-07-29 15:36:19', 1, 383, 3),
(597, 'Inscrustaciones:', NULL, NULL, NULL, 0, '2018-07-29 15:36:33', 1, 383, 4),
(598, '', NULL, NULL, NULL, 0, '2018-07-29 15:36:40', 4, 384, 1),
(599, 'Estado:', NULL, NULL, NULL, 0, '2018-07-29 15:40:28', 2, 385, 1),
(600, 'Indique Motivos de Rechazo:', NULL, NULL, NULL, 0, '2018-07-29 15:40:31', 4, 385, 2),
(601, 'Estado:', NULL, NULL, NULL, 0, '2018-07-29 15:40:33', 2, 386, 1),
(602, 'Indique Motivos de Rechazo:', NULL, NULL, NULL, 0, '2018-07-29 15:40:37', 4, 386, 2),
(603, 'Estado:', NULL, NULL, NULL, 0, '2018-07-29 15:40:39', 2, 387, 1),
(604, 'Indique Motivos de Rechazo:', NULL, NULL, NULL, 0, '2018-07-29 15:40:42', 4, 387, 2),
(605, 'Medida Actual:', NULL, NULL, NULL, 0, '2018-07-29 15:42:15', 1, 388, 1),
(606, 'ALesar:', NULL, NULL, NULL, 0, '2018-07-29 15:42:22', 1, 388, 2),
(607, 'Cambiar:', NULL, NULL, NULL, 0, '2018-07-29 15:42:30', 1, 388, 3),
(608, 'No Cambiar:', NULL, NULL, NULL, 0, '2018-07-29 15:42:36', 1, 388, 4),
(609, '', NULL, NULL, NULL, 0, '2018-07-29 15:42:50', 4, 389, 1),
(610, 'Tipo:', NULL, NULL, NULL, 0, '2018-07-29 15:43:38', 2, 390, 1),
(611, 'Estado:', NULL, NULL, NULL, 0, '2018-07-29 15:44:44', 2, 390, 2),
(612, 'Indique Defecto Encontrado:', NULL, NULL, NULL, 0, '2018-07-29 15:45:20', 4, 390, 3),
(613, 'Bancada 1:', NULL, NULL, NULL, 0, '2018-07-29 15:46:15', 1, 391, 1),
(614, 'Bancada 2:', NULL, NULL, NULL, 0, '2018-07-29 15:46:19', 1, 391, 2),
(615, 'Bancada 3:', NULL, NULL, NULL, 0, '2018-07-29 15:46:24', 1, 391, 3),
(616, 'Bancada n:', NULL, NULL, NULL, 0, '2018-07-29 15:46:28', 1, 391, 4),
(617, 'Alesar:', NULL, NULL, NULL, 0, '2018-07-29 15:46:40', 1, 391, 5),
(618, 'Cambiar Bujes:', NULL, NULL, NULL, 0, '2018-07-29 15:46:51', 1, 391, 6),
(619, 'Otros:', NULL, NULL, NULL, 0, '2018-07-29 15:46:58', 1, 391, 7),
(620, 'Estado:', NULL, NULL, NULL, 0, '2018-07-29 15:49:39', 2, 392, 1),
(621, 'Indique Motivo de Rechazo:', NULL, NULL, NULL, 0, '2018-07-29 15:49:52', 4, 392, 2),
(622, 'Requerida:', NULL, NULL, NULL, 0, '2018-07-29 15:51:52', 1, 393, 1),
(623, 'Requerida:', NULL, NULL, NULL, 0, '2018-07-29 15:52:02', 1, 394, 1),
(624, 'Obtenida:', NULL, NULL, NULL, 0, '2018-07-29 15:52:12', 1, 393, 2),
(625, 'Obtenida:', NULL, NULL, NULL, 0, '2018-07-29 15:52:16', 1, 394, 2),
(626, 'Admision:', NULL, NULL, NULL, 0, '2018-07-29 15:52:39', 1, 395, 1),
(627, 'Escape:', NULL, NULL, NULL, 0, '2018-07-29 15:52:51', 1, 395, 2),
(628, '', NULL, NULL, NULL, 0, '2018-07-29 15:52:55', 4, 396, 1),
(634, 'Marcados:', NULL, NULL, NULL, 0, '2018-07-29 16:00:51', 3, 397, 1),
(635, 'Abollados:', NULL, NULL, NULL, 0, '2018-07-29 16:01:00', 3, 397, 2),
(636, 'Fisurados:', NULL, NULL, NULL, 0, '2018-07-29 16:01:08', 3, 397, 3),
(637, 'Gastados:', NULL, NULL, NULL, 0, '2018-07-29 16:01:16', 3, 397, 4),
(638, 'Accion:', NULL, NULL, NULL, 0, '2018-07-29 16:01:23', 2, 397, 5),
(639, 'Marcados:', NULL, NULL, NULL, 0, '2018-07-29 16:02:19', 3, 398, 1),
(640, 'Abollados:', NULL, NULL, NULL, 0, '2018-07-29 16:02:26', 3, 398, 2),
(641, 'Fisurados:', NULL, NULL, NULL, 0, '2018-07-29 16:02:37', 3, 398, 3),
(642, 'Gastados:', NULL, NULL, NULL, 0, '2018-07-29 16:02:45', 3, 398, 4),
(643, 'Accion:', NULL, NULL, NULL, 0, '2018-07-29 16:03:01', 2, 398, 5),
(644, 'Marcado:', NULL, NULL, NULL, 0, '2018-07-29 16:06:07', 3, 399, 1),
(645, 'Gastado:', NULL, NULL, NULL, 0, '2018-07-29 16:06:18', 3, 399, 2),
(646, 'Indique Reparacion a Realizar:', NULL, NULL, NULL, 0, '2018-07-29 16:06:30', 4, 399, 3),
(647, 'Estado:', NULL, NULL, NULL, 0, '2018-07-29 16:06:54', 2, 400, 1),
(648, 'Proceso de Extraccion:', NULL, NULL, NULL, 0, '2018-07-29 16:07:03', 4, 400, 2),
(649, 'Estado:', NULL, NULL, NULL, 0, '2018-07-29 16:11:07', 2, 401, 1),
(650, 'Indique Motivo de Rechazo:', NULL, NULL, NULL, 0, '2018-07-29 16:11:14', 4, 401, 2),
(651, 'Estado:', NULL, NULL, NULL, 0, '2018-07-29 16:11:32', 2, 402, 1),
(653, 'Indique Motivo de Rechazo:', NULL, NULL, NULL, 0, '2018-07-29 16:11:49', 4, 402, 2),
(660, '1:', NULL, NULL, NULL, 0, '2018-07-29 16:15:56', 1, 410, 1),
(661, '2:', NULL, NULL, NULL, 0, '2018-07-29 16:16:00', 1, 410, 2),
(662, '3:', NULL, NULL, NULL, 0, '2018-07-29 16:16:04', 1, 410, 3),
(663, '4:', NULL, NULL, NULL, 0, '2018-07-29 16:16:09', 1, 410, 4),
(664, '', NULL, NULL, NULL, 0, '2018-07-29 16:16:49', 4, 411, 1),
(665, 'Medida STD:', NULL, NULL, NULL, 0, '2018-07-29 16:17:53', 1, 412, 1),
(666, 'Medida Actual:', NULL, NULL, NULL, 0, '2018-07-29 16:18:06', 1, 412, 2),
(667, 'Estado:', NULL, NULL, NULL, 0, '2018-07-29 16:18:10', 2, 412, 3),
(670, 'Observaciones:', NULL, NULL, NULL, 0, '2018-07-29 16:19:49', 4, 412, 4),
(671, 'Estado:', NULL, NULL, NULL, 0, '2018-07-29 16:20:59', 2, 414, 1),
(672, 'Estado:', NULL, NULL, NULL, 0, '2018-07-29 16:21:11', 2, 415, 1),
(673, 'Estado:', NULL, NULL, NULL, 0, '2018-07-29 16:21:40', 2, 416, 1),
(674, 'Estado:', NULL, NULL, NULL, 0, '2018-07-29 16:22:33', 2, 417, 1),
(675, 'Estado:', NULL, NULL, NULL, 0, '2018-07-29 16:22:41', 2, 418, 1),
(678, '', NULL, NULL, NULL, 0, '2018-07-29 16:24:24', 1, 420, 1),
(679, '', NULL, NULL, NULL, 0, '2018-07-29 16:24:28', 1, 421, 1),
(680, 'Estado:', NULL, NULL, NULL, 0, '2018-07-29 17:28:31', 2, 422, 1),
(681, 'Estado:', NULL, NULL, NULL, 0, '2018-07-29 17:28:33', 2, 423, 1),
(682, 'Estado:', NULL, NULL, NULL, 0, '2018-07-29 17:30:06', 2, 425, 1),
(683, 'Indique Motivo de Rechazo:', NULL, NULL, NULL, 0, '2018-07-29 17:30:19', 4, 425, 2),
(684, 'Patas:', NULL, NULL, NULL, 0, '2018-07-29 17:34:18', 1, 426, 1),
(685, 'Gastadas:', NULL, NULL, NULL, 0, '2018-07-29 17:34:25', 1, 426, 2),
(686, 'Altura:', NULL, NULL, NULL, 0, '2018-07-29 17:34:37', 2, 426, 3),
(687, 'Diafragma:', NULL, NULL, NULL, 0, '2018-07-29 17:35:05', 2, 426, 4),
(688, 'Fisurado:', NULL, NULL, NULL, 0, '2018-07-29 17:36:19', 3, 427, 1),
(689, 'Rayado:', NULL, NULL, NULL, 0, '2018-07-29 17:36:29', 3, 427, 2),
(690, 'Deformado:', NULL, NULL, NULL, 0, '2018-07-29 17:36:35', 3, 427, 3),
(691, 'Otro:', NULL, NULL, NULL, 0, '2018-07-29 17:36:41', 3, 427, 4),
(692, '1:', NULL, NULL, NULL, 0, '2018-07-29 17:37:55', 1, 429, 1),
(693, '2:', NULL, NULL, NULL, 0, '2018-07-29 17:37:59', 1, 429, 2),
(694, '3:', NULL, NULL, NULL, 0, '2018-07-29 17:38:03', 1, 429, 3),
(695, '4:', NULL, NULL, NULL, 0, '2018-07-29 17:38:07', 1, 429, 4),
(696, 'Observaciones:', NULL, NULL, NULL, 0, '2018-07-29 17:38:17', 4, 429, 5);
INSERT INTO `frm_valores` (`VALO_ID`, `NOMBRE`, `PISTA`, `LONGITUD`, `VALOR_DEFECTO`, `OBLIGATORIO`, `FEC_CREACION`, `TIDA_ID`, `GRUP_ID`, `ORDEN`) VALUES
(697, 'Estado:', NULL, NULL, NULL, 0, '2018-07-29 17:39:18', 2, 430, 1),
(698, 'Indique Motivo del Rechazo:', NULL, NULL, NULL, 0, '2018-07-29 17:39:28', 4, 430, 2),
(699, 'Estado:', NULL, NULL, NULL, 0, '2018-07-29 17:40:05', 2, 431, 1),
(700, 'Observaciones:', NULL, NULL, NULL, 0, '2018-07-29 17:40:43', 4, 431, 2),
(701, 'Estado:', NULL, NULL, NULL, 0, '2018-07-29 17:41:11', 2, 432, 1),
(702, 'Observaciones:', NULL, NULL, NULL, 0, '2018-07-29 17:41:22', 4, 432, 2),
(703, 'Picado:', NULL, NULL, NULL, 0, '2018-07-29 17:42:21', 3, 433, 1),
(704, 'Gastado:', NULL, NULL, NULL, 0, '2018-07-29 17:42:30', 3, 433, 2),
(705, 'Fisurado:', NULL, NULL, NULL, 0, '2018-07-29 17:42:37', 3, 433, 3),
(706, 'Cambiar:', NULL, NULL, NULL, 0, '2018-07-29 17:42:44', 3, 433, 4),
(707, 'Observaciones:', NULL, NULL, NULL, 0, '2018-07-29 17:43:22', 4, 433, 5),
(708, 'Estado:', NULL, NULL, NULL, 0, '2018-07-29 17:52:08', 2, 434, 1),
(709, 'Indicar Motivo de Rechazo:', NULL, NULL, NULL, 0, '2018-07-29 17:52:20', 4, 434, 2),
(710, 'Medida:', NULL, NULL, NULL, 0, '2018-07-29 18:11:14', 2, 435, 1),
(711, 'Estado:', NULL, NULL, NULL, 0, '2018-07-29 18:11:32', 2, 435, 2),
(712, 'Medida:', NULL, NULL, NULL, 0, '2018-07-29 19:02:49', 2, 436, 1),
(713, 'Medida:', NULL, NULL, NULL, 0, '2018-07-29 19:02:53', 2, 437, 1),
(714, 'Medida:', NULL, NULL, NULL, 0, '2018-07-29 19:02:58', 2, 438, 1),
(715, 'Medida:', NULL, NULL, NULL, 0, '2018-07-29 19:03:04', 2, 439, 1),
(716, 'Medida:', NULL, NULL, NULL, 0, '2018-07-29 19:03:10', 2, 440, 1),
(717, 'Medida:', NULL, NULL, NULL, 0, '2018-07-29 19:03:17', 2, 441, 1),
(718, 'Medida:', NULL, NULL, NULL, 0, '2018-07-29 19:03:23', 2, 442, 1),
(719, 'Medida:', NULL, NULL, NULL, 0, '2018-07-29 19:03:31', 2, 443, 1),
(720, 'Medida:', NULL, NULL, NULL, 0, '2018-07-29 19:03:39', 2, 444, 1),
(721, 'Medida:', NULL, NULL, NULL, 0, '2018-07-29 19:03:46', 2, 445, 1),
(722, 'Estado:', NULL, NULL, NULL, 0, '2018-07-29 19:06:12', 2, 436, 2),
(723, 'Estado:', NULL, NULL, NULL, 0, '2018-07-29 19:06:17', 2, 437, 2),
(724, 'Estado:', NULL, NULL, NULL, 0, '2018-07-29 19:06:36', 2, 438, 2),
(725, 'Estado:', NULL, NULL, NULL, 0, '2018-07-29 19:06:41', 2, 439, 2),
(726, 'Estado:', NULL, NULL, NULL, 0, '2018-07-29 19:06:46', 2, 440, 2),
(727, 'Estado:', NULL, NULL, NULL, 0, '2018-07-29 19:06:51', 2, 441, 2),
(728, 'Estado:', NULL, NULL, NULL, 0, '2018-07-29 19:06:56', 2, 442, 2),
(729, 'Estado:', NULL, NULL, NULL, 0, '2018-07-29 19:07:04', 2, 443, 2),
(730, 'Estado:', NULL, NULL, NULL, 0, '2018-07-29 19:07:10', 2, 444, 2),
(731, 'Estado:', NULL, NULL, NULL, 0, '2018-07-29 19:07:28', 2, 445, 2),
(732, 'Medida:', NULL, NULL, NULL, 0, '2018-07-29 20:42:03', 2, 446, 1),
(733, 'Medida:', NULL, NULL, NULL, 0, '2018-07-29 20:42:08', 2, 447, 1),
(734, 'Medida:', NULL, NULL, NULL, 0, '2018-07-29 20:42:13', 2, 448, 1),
(735, 'Medida:', NULL, NULL, NULL, 0, '2018-07-29 20:42:19', 2, 449, 1),
(736, 'Medida:', NULL, NULL, NULL, 0, '2018-07-29 20:43:37', 2, 450, 1),
(737, 'Medida:', NULL, NULL, NULL, 0, '2018-07-29 20:43:43', 2, 451, 1),
(738, 'Medida:', NULL, NULL, NULL, 0, '2018-07-29 20:43:48', 2, 452, 1),
(739, 'Medida:', NULL, NULL, NULL, 0, '2018-07-29 20:43:53', 2, 453, 1),
(740, 'Medida:', NULL, NULL, NULL, 0, '2018-07-29 20:43:59', 2, 454, 1),
(741, 'Medida:', NULL, NULL, NULL, 0, '2018-07-29 20:44:05', 2, 455, 1),
(742, 'Medida:', NULL, NULL, NULL, 0, '2018-07-29 20:44:11', 2, 456, 1),
(743, 'Medida:', NULL, NULL, NULL, 0, '2018-07-29 20:45:29', 2, 457, 1),
(744, 'Medida:', NULL, NULL, NULL, 0, '2018-07-29 20:45:35', 2, 458, 1),
(745, 'Medida:', NULL, NULL, NULL, 0, '2018-07-29 20:45:41', 2, 459, 1),
(746, 'Medida:', NULL, NULL, NULL, 0, '2018-07-29 20:45:48', 2, 460, 1),
(747, 'Medida:', NULL, NULL, NULL, 0, '2018-07-29 20:45:55', 2, 461, 1),
(748, 'Medida:', NULL, NULL, NULL, 0, '2018-07-29 20:46:01', 2, 462, 1),
(749, 'Estado:', NULL, NULL, NULL, 0, '2018-07-29 20:47:11', 2, 446, 2),
(750, 'Estado:', NULL, NULL, NULL, 0, '2018-07-29 20:47:15', 2, 447, 2),
(751, 'Estado:', NULL, NULL, NULL, 0, '2018-07-29 20:47:51', 2, 448, 2),
(752, 'Estado:', NULL, NULL, NULL, 0, '2018-07-29 20:47:57', 2, 449, 2),
(753, 'Estado:', NULL, NULL, NULL, 0, '2018-07-29 20:48:02', 2, 450, 2),
(754, 'Estado:', NULL, NULL, NULL, 0, '2018-07-29 20:48:07', 2, 451, 2),
(755, 'Estado:', NULL, NULL, NULL, 0, '2018-07-29 20:48:38', 2, 452, 2),
(756, 'Estado:', NULL, NULL, NULL, 0, '2018-07-29 20:48:44', 2, 453, 2),
(757, 'Estado:', NULL, NULL, NULL, 0, '2018-07-29 20:48:50', 2, 454, 2),
(758, 'Estado:', NULL, NULL, NULL, 0, '2018-07-29 20:48:55', 2, 455, 2),
(759, 'Estado:', NULL, NULL, NULL, 0, '2018-07-29 20:49:00', 2, 456, 2),
(760, 'Estado:', NULL, NULL, NULL, 0, '2018-07-29 20:49:04', 2, 457, 2),
(761, 'Estado:', NULL, NULL, NULL, 0, '2018-07-29 20:49:11', 2, 458, 2),
(762, 'Estado:', NULL, NULL, NULL, 0, '2018-07-29 20:49:20', 2, 459, 2),
(763, 'Estado:', NULL, NULL, NULL, 0, '2018-07-29 20:49:53', 2, 460, 2),
(764, 'Estado:', NULL, NULL, NULL, 0, '2018-07-29 20:50:58', 2, 461, 2),
(765, 'Estado:', NULL, NULL, NULL, 0, '2018-07-29 20:52:51', 2, 462, 2),
(766, 'Dureza:', NULL, NULL, NULL, 0, '2018-07-29 21:25:07', 2, 463, 1),
(767, 'Dureza:', NULL, NULL, NULL, 0, '2018-07-29 21:25:11', 2, 464, 1),
(768, 'Dureza:', NULL, NULL, NULL, 0, '2018-07-29 21:25:16', 2, 465, 1),
(769, 'Dureza:', NULL, NULL, NULL, 0, '2018-07-29 21:25:21', 2, 466, 1),
(770, 'Dureza:', NULL, NULL, NULL, 0, '2018-07-29 21:25:25', 2, 467, 1),
(771, 'Dureza:', NULL, NULL, NULL, 0, '2018-07-29 21:25:30', 2, 468, 1),
(772, 'Dureza:', NULL, NULL, NULL, 0, '2018-07-29 21:25:41', 2, 469, 1),
(773, 'Dureza:', NULL, NULL, NULL, 0, '2018-07-29 21:25:46', 2, 470, 1),
(774, 'Dureza:', NULL, NULL, NULL, 0, '2018-07-29 21:25:50', 2, 471, 1),
(775, 'Dureza:', NULL, NULL, NULL, 0, '2018-07-29 21:25:55', 2, 472, 1),
(776, 'Dureza:', NULL, NULL, NULL, 0, '2018-07-29 21:31:52', 2, 473, 1),
(777, 'Dureza:', NULL, NULL, NULL, 0, '2018-07-29 21:31:57', 2, 474, 1),
(778, 'Dureza:', NULL, NULL, NULL, 0, '2018-07-29 21:32:02', 2, 475, 1),
(779, 'Dureza:', NULL, NULL, NULL, 0, '2018-07-29 21:32:07', 2, 476, 1),
(780, 'Dureza:', NULL, NULL, NULL, 0, '2018-07-29 21:32:54', 2, 477, 1),
(781, 'Dureza:', NULL, NULL, NULL, 0, '2018-07-29 21:32:59', 2, 478, 1),
(782, 'Dureza:', NULL, NULL, NULL, 0, '2018-07-29 21:33:07', 2, 479, 1),
(783, 'Dureza:', NULL, NULL, NULL, 0, '2018-07-29 21:33:12', 2, 480, 1),
(784, 'Dureza:', NULL, NULL, NULL, 0, '2018-07-29 21:33:19', 2, 481, 1),
(785, 'Dureza:', NULL, NULL, NULL, 0, '2018-07-29 21:33:29', 2, 482, 1),
(786, 'Dureza:', NULL, NULL, NULL, 0, '2018-07-29 21:33:34', 2, 483, 1),
(787, 'Dureza:', NULL, NULL, NULL, 0, '2018-07-29 21:33:47', 2, 484, 1),
(788, 'Dureza:', NULL, NULL, NULL, 0, '2018-07-29 21:33:52', 2, 485, 1),
(789, 'Dureza:', NULL, NULL, NULL, 0, '2018-07-29 21:33:57', 2, 486, 1),
(790, 'Dureza:', NULL, NULL, NULL, 0, '2018-07-29 21:34:01', 2, 487, 1),
(791, 'Dureza:', NULL, NULL, NULL, 0, '2018-07-29 21:34:06', 2, 488, 1),
(792, 'Dureza:', NULL, NULL, NULL, 0, '2018-07-29 21:34:11', 2, 489, 1),
(793, 'Radio:', NULL, NULL, NULL, 0, '2018-07-29 21:43:05', 2, 490, 1),
(794, 'Radio:', NULL, NULL, NULL, 0, '2018-07-29 21:43:12', 2, 491, 1),
(795, 'Radio:', NULL, NULL, NULL, 0, '2018-07-29 21:43:16', 2, 492, 1),
(796, 'Radio:', NULL, NULL, NULL, 0, '2018-07-29 21:43:21', 2, 493, 1),
(797, 'Radio:', NULL, NULL, NULL, 0, '2018-07-29 21:43:26', 2, 494, 1),
(798, 'Radio:', NULL, NULL, NULL, 0, '2018-07-29 21:43:31', 2, 495, 1),
(799, 'Radio:', NULL, NULL, NULL, 0, '2018-07-29 21:43:37', 2, 496, 1),
(800, 'Radio:', NULL, NULL, NULL, 0, '2018-07-29 21:43:45', 2, 497, 1),
(801, 'Radio:', NULL, NULL, NULL, 0, '2018-07-29 21:43:49', 2, 498, 1),
(802, 'Radio:', NULL, NULL, NULL, 0, '2018-07-29 21:43:55', 2, 499, 1),
(803, 'Radio:', NULL, NULL, NULL, 0, '2018-07-29 21:44:00', 2, 500, 1),
(804, 'Radio:', NULL, NULL, NULL, 0, '2018-07-29 23:08:43', 2, 501, 1),
(805, 'Radio:', NULL, NULL, NULL, 0, '2018-07-29 23:08:47', 2, 502, 1),
(806, 'Radio:', NULL, NULL, NULL, 0, '2018-07-29 23:08:52', 2, 503, 1),
(807, 'Radio:', NULL, NULL, NULL, 0, '2018-07-29 23:09:00', 2, 504, 1),
(808, 'Radio:', NULL, NULL, NULL, 0, '2018-07-29 23:09:07', 2, 505, 1),
(809, 'Radio:', NULL, NULL, NULL, 0, '2018-07-29 23:09:12', 2, 506, 1),
(810, 'Radio:', NULL, NULL, NULL, 0, '2018-07-29 23:09:32', 2, 507, 1),
(811, 'Radio:', NULL, NULL, NULL, 0, '2018-07-29 23:09:42', 2, 508, 1),
(812, 'Radio:', NULL, NULL, NULL, 0, '2018-07-29 23:09:48', 2, 509, 1),
(813, 'Radio:', NULL, NULL, NULL, 0, '2018-07-29 23:10:06', 2, 510, 1),
(814, 'Radio:', NULL, NULL, NULL, 0, '2018-07-29 23:10:11', 2, 511, 1),
(815, 'Radio:', NULL, NULL, NULL, 0, '2018-07-29 23:10:22', 2, 512, 1),
(816, 'Radio:', NULL, NULL, NULL, 0, '2018-07-29 23:10:26', 2, 513, 1),
(817, 'Radio:', NULL, NULL, NULL, 0, '2018-07-29 23:10:30', 2, 514, 1),
(818, 'Radio:', NULL, NULL, NULL, 0, '2018-07-29 23:10:35', 2, 515, 1),
(819, 'Radio:', NULL, NULL, NULL, 0, '2018-07-29 23:10:41', 2, 516, 1),
(820, 'Radio:', NULL, NULL, NULL, 0, '2018-07-29 23:10:46', 2, 517, 1),
(822, 'Estado:', NULL, NULL, NULL, 0, '2018-07-29 23:15:29', 2, 518, 1),
(823, 'Estado:', NULL, NULL, NULL, 0, '2018-07-29 23:15:32', 2, 519, 1),
(824, 'Indique Lugar de Fisura y Orientacion:', NULL, NULL, NULL, 0, '2018-07-29 23:15:51', 4, 518, 2),
(825, 'Indique Lugar de Fisura y Orientacion:', NULL, NULL, NULL, 0, '2018-07-29 23:15:55', 4, 519, 2),
(826, 'Estado:', NULL, NULL, NULL, 0, '2018-07-29 23:24:54', 2, 520, 1),
(827, 'Reconstruir:', NULL, NULL, NULL, 0, '2018-07-29 23:25:08', 1, 520, 2),
(828, 'Inserto:', NULL, NULL, NULL, 0, '2018-07-29 23:25:20', 1, 520, 3),
(829, 'Estado:', NULL, NULL, NULL, 0, '2018-07-29 23:25:25', 2, 521, 1),
(830, 'Reconstruir:', NULL, NULL, NULL, 0, '2018-07-29 23:25:37', 1, 521, 2),
(831, 'Medida Mayor:', NULL, NULL, NULL, 0, '2018-07-29 23:27:03', 1, 522, 1),
(832, 'Medida Menor:', NULL, NULL, NULL, 0, '2018-07-29 23:27:10', 1, 522, 2),
(833, 'Dureza:', NULL, NULL, NULL, 0, '2018-07-29 23:27:35', 1, 522, 3),
(834, 'Estado:', NULL, NULL, NULL, 0, '2018-07-29 23:32:13', 2, 523, 1),
(835, 'Dureza:', NULL, NULL, NULL, 0, '2018-07-29 23:32:25', 1, 523, 2),
(836, 'Reconstruir:', NULL, NULL, NULL, 0, '2018-07-29 23:32:34', 1, 523, 3),
(837, 'Estado:', NULL, NULL, NULL, 0, '2018-07-29 23:32:40', 2, 524, 1),
(838, 'Encamisar:', NULL, NULL, NULL, 0, '2018-07-29 23:32:50', 1, 524, 2),
(839, 'Marcado:', NULL, NULL, NULL, 0, '2018-07-29 23:34:58', 1, 527, 1),
(840, 'Marcado:', NULL, NULL, NULL, 0, '2018-07-29 23:35:02', 1, 528, 1),
(841, 'Marcado:', NULL, NULL, NULL, 0, '2018-07-29 23:35:08', 1, 529, 1),
(842, 'Marcado:', NULL, NULL, NULL, 0, '2018-07-29 23:35:13', 1, 530, 1),
(843, 'Marcado:', NULL, NULL, NULL, 0, '2018-07-29 23:35:18', 1, 531, 1),
(844, 'Marcado:', NULL, NULL, NULL, 0, '2018-07-29 23:35:23', 1, 532, 1),
(845, 'Marcado:', NULL, NULL, NULL, 0, '2018-07-29 23:35:29', 1, 533, 1),
(846, 'Marcado:', NULL, NULL, NULL, 0, '2018-07-29 23:35:33', 1, 534, 1),
(847, 'Marcado:', NULL, NULL, NULL, 0, '2018-07-29 23:35:38', 1, 535, 1),
(848, 'Marcado:', NULL, NULL, NULL, 0, '2018-07-29 23:35:43', 1, 536, 1),
(849, 'Marcado:', NULL, NULL, NULL, 0, '2018-07-29 23:35:47', 1, 537, 1),
(850, 'Estado Tornillos', NULL, NULL, NULL, 0, '2018-07-29 23:35:58', 2, 527, 2),
(851, 'Estado Tornillos', NULL, NULL, NULL, 0, '2018-07-29 23:36:02', 2, 528, 2),
(852, 'Estado Tornillos', NULL, NULL, NULL, 0, '2018-07-29 23:36:07', 2, 529, 2),
(853, 'Estado Tornillos', NULL, NULL, NULL, 0, '2018-07-29 23:36:11', 2, 530, 2),
(854, 'Estado Tornillos', NULL, NULL, NULL, 0, '2018-07-29 23:36:16', 2, 531, 2),
(855, ' Estado Tornillos', NULL, NULL, NULL, 0, '2018-07-29 23:36:24', 2, 532, 2),
(856, 'Estado Tornillos', NULL, NULL, NULL, 0, '2018-07-29 23:36:30', 2, 533, 2),
(857, 'Estado Tornillos', NULL, NULL, NULL, 0, '2018-07-29 23:36:52', 2, 534, 2),
(858, 'Estado Tornillos:', NULL, NULL, NULL, 0, '2018-07-29 23:36:59', 2, 535, 2),
(859, 'Estado Tornillos', NULL, NULL, NULL, 0, '2018-07-29 23:37:09', 2, 536, 2),
(860, 'Estado Tornillos', NULL, NULL, NULL, 0, '2018-07-29 23:37:13', 2, 537, 2),
(861, '', NULL, NULL, NULL, 0, '2018-07-29 23:37:29', 4, 525, 1),
(862, '', NULL, NULL, NULL, 0, '2018-07-29 23:37:37', 4, 538, 1),
(863, 'Medida:', NULL, NULL, NULL, 0, '2018-07-29 23:38:31', 1, 539, 1),
(864, 'Correccion:', NULL, NULL, NULL, 0, '2018-07-29 23:38:38', 1, 539, 2),
(865, 'Estado:', NULL, NULL, NULL, 0, '2018-07-29 23:38:42', 2, 539, 3),
(866, 'Observaciones:', NULL, NULL, NULL, 0, '2018-07-29 23:38:51', 4, 539, 4),
(867, 'Estado:', NULL, NULL, NULL, 0, '2018-07-29 23:43:17', 2, 540, 1),
(868, 'Indicar Motivo de Rechazo:', NULL, NULL, NULL, 0, '2018-07-29 23:43:27', 4, 540, 2),
(869, 'Accion Correctiva:', NULL, NULL, NULL, 0, '2018-07-29 23:43:34', 4, 540, 3),
(870, 'Estado:', NULL, NULL, NULL, 0, '2018-07-29 23:43:50', 2, 541, 1),
(871, 'Motivo de Rechazo:', NULL, NULL, NULL, 0, '2018-07-29 23:44:00', 4, 541, 2),
(872, 'Correcciones:', NULL, NULL, NULL, 0, '2018-07-29 23:44:07', 4, 541, 3),
(1000, 'Abrazadera caño de gases', NULL, NULL, NULL, 0, '2018-07-30 00:45:40', 3, 1000, 1),
(1001, 'Alternador', NULL, NULL, NULL, 0, '2018-07-30 00:45:47', 3, 1000, 2),
(1002, 'Arbol auxiliar', NULL, NULL, NULL, 0, '2018-07-30 00:46:01', 3, 1000, 3),
(1003, 'Arbol de levas', NULL, NULL, NULL, 0, '2018-07-30 00:46:05', 3, 1000, 4),
(1004, 'Balancines', NULL, NULL, NULL, 0, '2018-07-30 00:48:40', 3, 1000, 5),
(1005, 'Biela de compresor', NULL, NULL, NULL, 0, '2018-07-30 00:48:47', 3, 1000, 6),
(1006, 'Bielas', NULL, NULL, NULL, 0, '2018-07-30 00:49:24', 3, 1000, 7),
(1007, 'Block de motor', NULL, NULL, NULL, 0, '2018-07-30 00:49:31', 3, 1000, 8),
(1008, 'Bomba de aceite', NULL, NULL, NULL, 0, '2018-07-30 00:49:53', 3, 1000, 9),
(1009, 'Bomba de agua', NULL, NULL, NULL, 0, '2018-07-30 00:50:00', 3, 1000, 10),
(1010, 'Bomba de nafta', NULL, NULL, NULL, 0, '2018-07-30 00:50:07', 3, 1000, 11),
(1011, 'Bomba Inyectora No', NULL, NULL, NULL, 0, '2018-07-30 00:50:14', 3, 1000, 12),
(1012, 'Botadores', NULL, NULL, NULL, 0, '2018-07-30 00:50:21', 3, 1000, 13),
(1013, 'Brida de arbol de levas', NULL, NULL, NULL, 0, '2018-07-30 00:50:29', 3, 1000, 14),
(1014, 'Bujias', NULL, NULL, NULL, 0, '2018-07-30 00:50:44', 3, 1000, 15),
(1015, 'Bulbo de aceite de vigia', NULL, NULL, NULL, 0, '2018-07-30 00:50:55', 3, 1000, 16),
(1016, 'Bulbo temperatura de vigia', NULL, NULL, NULL, 0, '2018-07-30 00:51:03', 3, 1000, 17),
(1017, 'Bulon punta de cigueñal', NULL, NULL, NULL, 0, '2018-07-30 00:51:14', 3, 1000, 18),
(1018, 'Bulones de retorno', NULL, NULL, NULL, 0, '2018-07-30 00:51:22', 3, 1000, 19),
(1019, 'Bulones de tapa de bancada ', NULL, NULL, NULL, 0, '2018-07-30 00:51:28', 3, 1000, 20),
(1020, 'Bulones de tapa de cilindros', NULL, NULL, NULL, 0, '2018-07-30 00:51:36', 3, 1000, 21),
(1021, 'Caño col.de adm.de turb.(alu.)', NULL, NULL, NULL, 0, '2018-07-30 00:57:48', 3, 1000, 22),
(1022, 'Caño colec.de escape', NULL, NULL, NULL, 0, '2018-07-30 00:58:50', 3, 1000, 23),
(1023, 'Caño de alim.aceite de turbo', NULL, NULL, NULL, 0, '2018-07-30 00:58:57', 3, 1000, 24),
(1024, 'Caño de combustible', NULL, NULL, NULL, 0, '2018-07-30 00:59:07', 3, 1000, 25),
(1025, 'Caño de entrada de aceite', NULL, NULL, NULL, 0, '2018-07-30 00:59:16', 3, 1000, 26),
(1026, 'Caño de retorno', NULL, NULL, NULL, 0, '2018-07-30 00:59:23', 3, 1000, 27),
(1027, 'Caño inferior retorno de tubo', NULL, NULL, NULL, 0, '2018-07-30 00:59:31', 3, 1000, 28),
(1028, 'Caños de inyector', NULL, NULL, NULL, 0, '2018-07-30 00:59:39', 3, 1000, 29),
(1029, 'Carburador', NULL, NULL, NULL, 0, '2018-07-30 00:59:45', 3, 1000, 30),
(1030, 'Carcaza cubre volante', NULL, NULL, NULL, 0, '2018-07-30 00:59:56', 3, 1000, 31),
(1031, 'Carcaza de distribucion', NULL, NULL, NULL, 0, '2018-07-30 01:00:03', 3, 1000, 32),
(1032, 'Carters c/bulones', NULL, NULL, NULL, 0, '2018-07-30 01:00:12', 3, 1000, 33),
(1033, 'Chapa cubre volante chica', NULL, NULL, NULL, 0, '2018-07-30 01:00:28', 3, 1000, 35),
(1034, 'Chapa cubre volante grande', NULL, NULL, NULL, 0, '2018-07-30 01:00:41', 3, 1000, 36),
(1035, 'Chaveta de arbol de levas', NULL, NULL, NULL, 0, '2018-07-30 01:00:48', 3, 1000, 37),
(1036, 'Chaveta de cigueñal', NULL, NULL, NULL, 0, '2018-07-30 01:00:56', 3, 1000, 38),
(1037, 'Cigueñal del compresor', NULL, NULL, NULL, 0, '2018-07-30 01:01:03', 3, 1000, 39),
(1038, 'Cigueñal', NULL, NULL, NULL, 0, '2018-07-30 01:01:10', 3, 1000, 40),
(1039, 'Chupador de bomba de aceite', NULL, NULL, NULL, 0, '2018-07-30 01:01:37', 3, 1000, 41),
(1040, 'Rompe olas', NULL, NULL, NULL, 0, '2018-07-30 01:01:43', 3, 1000, 82),
(1041, 'Cilindro de compresor', NULL, NULL, NULL, 0, '2018-07-30 01:01:50', 3, 1000, 42),
(1042, 'Contrapesos', NULL, NULL, NULL, 0, '2018-07-30 01:01:58', 3, 1000, 43),
(1043, 'Corona de arranque', NULL, NULL, NULL, 0, '2018-07-30 01:02:05', 3, 1000, 44),
(1044, 'Depresor', NULL, NULL, NULL, 0, '2018-07-30 01:02:24', 3, 1000, 45),
(1045, 'Disco de embrague', NULL, NULL, NULL, 0, '2018-07-30 01:02:31', 3, 1000, 46),
(1046, 'Distribuidor', NULL, NULL, NULL, 0, '2018-07-30 01:02:37', 3, 1000, 47),
(1047, 'Eje de balancines', NULL, NULL, NULL, 0, '2018-07-30 01:02:43', 3, 1000, 48),
(1048, 'Engranaje de arbol de levas', NULL, NULL, NULL, 0, '2018-07-30 01:02:51', 3, 1000, 49),
(1049, 'Engranaje de cigueñal', NULL, NULL, NULL, 0, '2018-07-30 01:02:57', 3, 1000, 50),
(1050, 'Esparragos de tapa de cilindros', NULL, NULL, NULL, 0, '2018-07-30 01:03:10', 3, 1000, 51),
(1051, 'Filtro de aire', NULL, NULL, NULL, 0, '2018-07-30 01:03:21', 3, 1000, 52),
(1052, 'Filtro de combustible', NULL, NULL, NULL, 0, '2018-07-30 01:03:44', 3, 1000, 53),
(1053, 'Gancho de motor delantero', NULL, NULL, NULL, 0, '2018-07-30 01:03:51', 3, 1000, 54),
(1054, 'Gancho de motor trasero', NULL, NULL, NULL, 0, '2018-07-30 01:03:59', 3, 1000, 55),
(1055, 'Indicador de puestas a punto', NULL, NULL, NULL, 0, '2018-07-30 01:04:08', 3, 1000, 56),
(1056, 'Inyectores', NULL, NULL, NULL, 0, '2018-07-30 01:04:15', 3, 1000, 57),
(1057, 'Leva de embrague', NULL, NULL, NULL, 0, '2018-07-30 01:04:21', 3, 1000, 58),
(1058, 'Montantes de motor', NULL, NULL, NULL, 0, '2018-07-30 01:04:28', 3, 1000, 59),
(1059, 'Motor de arranque', NULL, NULL, NULL, 0, '2018-07-30 01:04:34', 3, 1000, 60),
(1060, 'Caño superior retorno de tubo', NULL, NULL, NULL, 0, '2018-07-30 01:05:06', 3, 1000, 28),
(1061, 'Mecanismo de aceleracion', NULL, NULL, NULL, 0, '2018-07-30 01:05:34', 3, 1000, 62),
(1062, 'Multiple de admision', NULL, NULL, NULL, 0, '2018-07-30 01:06:17', 3, 1000, 63),
(1063, 'Multiple de escape', NULL, NULL, NULL, 0, '2018-07-30 01:06:23', 3, 1000, 64),
(1064, 'Pernos de presion', NULL, NULL, NULL, 0, '2018-07-30 01:06:34', 3, 1000, 65),
(1065, 'Porta filtro aceite inferior', NULL, NULL, NULL, 0, '2018-07-30 01:06:42', 3, 1000, 66),
(1066, 'Porta filtro aceite superior', NULL, NULL, NULL, 0, '2018-07-30 01:06:48', 3, 1000, 67),
(1067, 'Pista reten', NULL, NULL, NULL, 0, '2018-07-30 01:06:55', 3, 1000, 68),
(1068, 'Piston de compresor', NULL, NULL, NULL, 0, '2018-07-30 01:07:02', 3, 1000, 69),
(1069, 'Pistones', NULL, NULL, NULL, 0, '2018-07-30 01:12:44', 3, 1000, 70),
(1070, 'Placa de embrague', NULL, NULL, NULL, 0, '2018-07-30 01:12:51', 3, 1000, 71),
(1071, 'Platillos de valvulas', NULL, NULL, NULL, 0, '2018-07-30 01:13:01', 3, 1000, 72),
(1072, 'Polea balanceadora D/3', NULL, NULL, NULL, 0, '2018-07-30 01:13:08', 3, 1000, 73),
(1073, 'Polea bomba de agua', NULL, NULL, NULL, 0, '2018-07-30 02:09:22', 3, 1000, 74),
(1074, 'Porta termostato inferior', NULL, NULL, NULL, 0, '2018-07-30 02:09:29', 3, 1000, 75),
(1075, 'Porta termostato superior', NULL, NULL, NULL, 0, '2018-07-30 02:09:36', 3, 1000, 76),
(1076, 'Prisioneros soporte balancin', NULL, NULL, NULL, 0, '2018-07-30 02:09:43', 3, 1000, 77),
(1077, ' Radiadores de aceite con tornillos', NULL, NULL, NULL, 0, '2018-07-30 02:10:19', 3, 1000, 78),
(1078, 'Reguladores de balancines', NULL, NULL, NULL, 0, '2018-07-30 02:10:31', 3, 1000, 79),
(1079, 'Resorte de valvulas', NULL, NULL, NULL, 0, '2018-07-30 02:10:40', 3, 1000, 80),
(1080, 'Resortes de balancines', NULL, NULL, NULL, 0, '2018-07-30 02:10:50', 3, 1000, 81),
(1081, 'Seguro de valvulas', NULL, NULL, NULL, 0, '2018-07-30 02:12:35', 3, 1000, 83),
(1082, 'Sensor de presion de aceite', NULL, NULL, NULL, 0, '2018-07-30 02:12:49', 3, 1000, 84),
(1083, 'Sensor de temperatura', NULL, NULL, NULL, 0, '2018-07-30 02:12:59', 3, 1000, 85),
(1084, 'Separador de bomba de agua', NULL, NULL, NULL, 0, '2018-07-30 02:13:09', 3, 1000, 86),
(1085, 'Separador de motor de arranque', NULL, NULL, NULL, 0, '2018-07-30 02:13:20', 3, 1000, 87),
(1086, 'Soporte de alternador', NULL, NULL, NULL, 0, '2018-07-30 02:13:54', 3, 1000, 88),
(1087, 'Soporte de motor', NULL, NULL, NULL, 0, '2018-07-30 02:14:04', 3, 1000, 89),
(1088, 'Soporte de multiple de escape', NULL, NULL, NULL, 0, '2018-07-30 02:14:26', 3, 1000, 90),
(1089, 'Soporte filtro de gasoil DH', NULL, NULL, NULL, 0, '2018-07-30 02:14:44', 3, 1000, 91),
(1090, 'Tapa de carcaza cubre volante', NULL, NULL, NULL, 0, '2018-07-30 02:15:48', 3, 1000, 92),
(1091, 'Tapa de cilindros', NULL, NULL, NULL, 0, '2018-07-30 02:16:00', 3, 1000, 93),
(1092, 'Tapa de compresor M/V M/N', NULL, NULL, NULL, 0, '2018-07-30 02:16:26', 3, 1000, 94),
(1093, 'Tapa de distribucion', NULL, NULL, NULL, 0, '2018-07-30 02:16:36', 3, 1000, 95),
(1094, 'Tapa de inspeccion', NULL, NULL, NULL, 0, '2018-07-30 02:16:43', 3, 1000, 96),
(1095, 'Tapa de inspeccion con respirador', NULL, NULL, NULL, 0, '2018-07-30 02:16:54', 3, 1000, 97),
(1096, 'Tapa lateral', NULL, NULL, NULL, 0, '2018-07-30 02:17:05', 3, 1000, 98),
(1097, 'Tapa balancines M/N - M/V', NULL, NULL, NULL, 0, '2018-07-30 02:17:39', 3, 1000, 99),
(1098, 'Tapa de distribucion', NULL, NULL, NULL, 0, '2018-07-30 02:17:55', 3, 1000, 100),
(1099, 'Tapa de inspeccion', NULL, NULL, NULL, 0, '2018-07-30 02:18:07', 3, 1000, 101),
(1100, 'Tapa de inspeccion con respirador', NULL, NULL, NULL, 0, '2018-07-30 02:18:16', 3, 1000, 102),
(1101, 'Tapa lateral', NULL, NULL, NULL, 0, '2018-07-30 02:18:56', 3, 1000, 103),
(1102, 'Tapa balancines M/N - M/V', NULL, NULL, NULL, 0, '2018-07-30 02:19:06', 3, 1000, 104),
(1103, 'Vaina varilla de aceite', NULL, NULL, NULL, 0, '2018-07-30 02:19:45', 3, 1000, 108),
(1104, 'Tapas de bancada', NULL, NULL, NULL, 0, '2018-07-30 02:19:56', 3, 1000, 105),
(1105, 'Tapon de block', NULL, NULL, NULL, 0, '2018-07-30 02:20:07', 3, 1000, 106),
(1106, 'Tensor de alternador', NULL, NULL, NULL, 0, '2018-07-30 02:20:22', 3, 1000, 107),
(1107, 'Varilla nivel de aceite', NULL, NULL, NULL, 0, '2018-07-30 02:20:31', 3, 1000, 109),
(1108, 'Varilla alza valvulas', NULL, NULL, NULL, 0, '2018-07-30 02:20:40', 3, 1000, 110),
(1109, 'Torre de balancines', NULL, NULL, NULL, 0, '2018-07-30 02:20:48', 3, 1000, 111),
(1110, 'Tuercas de inyectores', NULL, NULL, NULL, 0, '2018-07-30 02:21:06', 3, 1000, 106),
(1111, 'Tuercas de tapas de cilindros', NULL, NULL, NULL, 0, '2018-07-30 02:21:22', 3, 1000, 106),
(1112, 'Union ejes de balancines', NULL, NULL, NULL, 0, '2018-07-30 02:21:33', 3, 1000, 107),
(1113, 'Valvula corte de gas-oil vigia', NULL, NULL, NULL, 0, '2018-07-30 02:22:11', 3, 1000, 115),
(1114, 'Valvulas', NULL, NULL, NULL, 0, '2018-07-30 02:22:25', 3, 1000, 116),
(1115, 'Ventilador con tornillos', NULL, NULL, NULL, 0, '2018-07-30 02:23:08', 3, 1000, 117),
(1116, 'Volante con bulones', NULL, NULL, NULL, 0, '2018-07-30 02:23:18', 3, 1000, 118),
(1117, 'Turbo', NULL, NULL, NULL, 0, '2018-07-30 02:23:25', 3, 1000, 107),
(1118, 'Arnes', NULL, NULL, NULL, 0, '2018-07-30 02:23:35', 3, 1000, 0),
(1119, 'ECM o ECU', NULL, NULL, NULL, 0, '2018-07-30 02:23:46', 3, 1000, 120),
(1120, 'Sensor', NULL, NULL, NULL, 0, '2018-07-30 02:23:54', 3, 1000, 84),
(1200, 'Armado', NULL, NULL, NULL, 0, '2018-07-31 12:52:15', 3, 1201, 1),
(1201, 'Semi-Armado', NULL, NULL, NULL, 0, '2018-07-31 12:52:27', 3, 1201, 2),
(1202, 'Desarmado', NULL, NULL, NULL, 0, '2018-07-31 12:52:37', 3, 1201, 3),
(1203, '1', NULL, NULL, NULL, 0, '2018-07-31 14:31:05', 1, 1210, 1),
(1204, '2', NULL, NULL, NULL, 0, '2018-07-31 14:31:08', 1, 1210, 2),
(1205, '3', NULL, NULL, NULL, 0, '2018-07-31 14:31:12', 1, 1210, 3),
(1206, '4', NULL, NULL, NULL, 0, '2018-07-31 14:31:15', 1, 1210, 4),
(1207, '5', NULL, NULL, NULL, 0, '2018-07-31 14:31:19', 1, 1210, 5),
(1208, '6', NULL, NULL, NULL, 0, '2018-07-31 14:31:24', 1, 1210, 6),
(1209, '7', NULL, NULL, NULL, 0, '2018-07-31 14:31:28', 1, 1210, 7),
(1210, 'Marca de los Metales', NULL, NULL, NULL, 0, '2018-07-31 14:31:42', 2, 1210, 8),
(1211, 'Medidas:', NULL, NULL, NULL, 0, '2018-07-31 14:32:16', 1, 1210, 9),
(1212, 'Fabrica pide maxima y minima:', NULL, NULL, NULL, 0, '2018-07-31 14:37:33', 4, 1210, 10),
(1223, 'Marca del Cigueñal:', NULL, NULL, NULL, 0, '2018-07-31 14:41:13', 1, 1212, 1),
(1224, '1', NULL, NULL, NULL, 0, '2018-07-31 14:41:16', 1, 1212, 2),
(1225, '2', NULL, NULL, NULL, 0, '2018-07-31 14:41:19', 1, 1212, 3),
(1226, '3', NULL, NULL, NULL, 0, '2018-07-31 14:41:21', 1, 1212, 4),
(1227, '4', NULL, NULL, NULL, 0, '2018-07-31 14:41:25', 1, 1212, 5),
(1228, '5', NULL, NULL, NULL, 0, '2018-07-31 14:41:28', 1, 1212, 6),
(1229, '6', NULL, NULL, NULL, 0, '2018-07-31 14:41:38', 1, 1212, 7),
(1230, '7', NULL, NULL, NULL, 0, '2018-07-31 14:41:42', 1, 1212, 8),
(1231, '8', NULL, NULL, NULL, 0, '2018-07-31 14:41:44', 1, 1212, 9),
(1232, '9', NULL, NULL, NULL, 0, '2018-07-31 14:41:49', 1, 1212, 10),
(1233, '10', NULL, NULL, NULL, 0, '2018-07-31 14:41:53', 1, 1212, 11),
(1234, 'Marca de los Metales:', NULL, NULL, NULL, 0, '2018-07-31 14:42:14', 2, 1212, 12),
(1235, 'Medida:', NULL, NULL, NULL, 0, '2018-07-31 14:42:20', 1, 1212, 13),
(1236, 'Fabrica pide maxima y minima:', NULL, NULL, NULL, 0, '2018-07-31 14:46:26', 4, 1212, 14),
(1237, 'Estado:', NULL, NULL, NULL, 0, '2018-07-31 14:50:28', 2, 1213, 1),
(1238, 'Medidas de camisa:', NULL, NULL, NULL, 0, '2018-07-31 14:51:08', 1, 1213, 2),
(1239, '1', NULL, NULL, NULL, 0, '2018-07-31 14:51:24', 1, 1213, 3),
(1240, '2', NULL, NULL, NULL, 0, '2018-07-31 14:51:26', 1, 1213, 4),
(1241, '3', NULL, NULL, NULL, 0, '2018-07-31 14:51:29', 1, 1213, 5),
(1242, '4', NULL, NULL, NULL, 0, '2018-07-31 14:51:32', 1, 1213, 6),
(1243, '4', NULL, NULL, NULL, 0, '2018-07-31 14:51:36', 1, 1213, 7),
(1244, '5', NULL, NULL, NULL, 0, '2018-07-31 14:51:39', 1, 1213, 8),
(1245, '6', NULL, NULL, NULL, 0, '2018-07-31 14:51:45', 1, 1213, 9),
(1246, '7', NULL, NULL, NULL, 0, '2018-07-31 14:54:34', 1, 1213, 10),
(1247, '8', NULL, NULL, NULL, 0, '2018-07-31 14:54:38', 1, 1213, 11),
(1248, 'Marca de Piston:', NULL, NULL, NULL, 0, '2018-07-31 14:54:50', 1, 1213, 12),
(1252, '1', NULL, NULL, NULL, 0, '2018-07-31 15:20:19', 1, 1215, 1),
(1253, '2', NULL, NULL, NULL, 0, '2018-07-31 15:20:21', 1, 1215, 2),
(1254, '3', NULL, NULL, NULL, 0, '2018-07-31 15:20:27', 1, 1215, 3),
(1255, '4', NULL, NULL, NULL, 0, '2018-07-31 15:20:31', 1, 1215, 2),
(1256, 'Otros:', NULL, NULL, NULL, 0, '2018-07-31 15:20:47', 4, 1215, 3),
(1257, '1', NULL, NULL, NULL, 0, '2018-07-31 15:21:14', 1, 1216, 1),
(1258, '2', NULL, NULL, NULL, 0, '2018-07-31 15:21:17', 1, 1216, 2),
(1259, '3', NULL, NULL, NULL, 0, '2018-07-31 15:21:20', 1, 1216, 3),
(1260, '4', NULL, NULL, NULL, 0, '2018-07-31 15:21:23', 1, 1216, 4),
(1261, 'Otros:', NULL, NULL, NULL, 0, '2018-07-31 15:21:41', 4, 1216, 5),
(1262, 'Observaciones:', NULL, NULL, NULL, 0, '2018-07-31 15:22:10', 4, 1217, 1),
(1263, '', NULL, NULL, NULL, 0, '2018-07-31 15:23:04', 4, 1218, 1),
(1282, 'Amianto:', NULL, NULL, NULL, 0, '2018-07-31 15:47:33', 1, 1226, 1),
(1283, 'Rosca:', NULL, NULL, NULL, 0, '2018-07-31 15:47:40', 1, 1226, 2),
(1284, 'Luz:', NULL, NULL, NULL, 0, '2018-07-31 15:47:55', 1, 1226, 3),
(1285, 'Estado de Leva:', NULL, NULL, NULL, 0, '2018-07-31 15:48:19', 2, 1226, 4),
(1287, 'De cigueñal:', NULL, NULL, NULL, 0, '2018-07-31 15:51:18', 4, 1229, 1),
(1288, 'Luz de Aceite:', NULL, NULL, NULL, 0, '2018-07-31 15:54:16', 1, 1230, 1),
(1289, 'Medida:', NULL, NULL, NULL, 0, '2018-07-31 15:54:28', 1, 1230, 2),
(1290, 'Luz:', NULL, NULL, NULL, 0, '2018-07-31 15:54:49', 1, 1231, 1),
(1291, 'Estado:', NULL, NULL, NULL, 0, '2018-07-31 15:54:58', 2, 1231, 2),
(1292, 'Medida:', NULL, NULL, NULL, 0, '2018-07-31 15:55:15', 1, 1231, 3),
(1295, 'Radio de Biela de Cigueñal:', NULL, NULL, NULL, 0, '2018-07-31 15:59:59', 1, 1233, 1),
(1296, 'Cigueñal Biela:', NULL, NULL, NULL, 0, '2018-07-31 16:00:31', 1, 1233, 2),
(1297, 'Radio de Bancada de Cigueñal:', NULL, NULL, NULL, 0, '2018-07-31 16:01:13', 1, 1233, 3),
(1298, 'Bancadas:', NULL, NULL, NULL, 0, '2018-07-31 16:01:56', 1, 1233, 4),
(1299, 'Radio Biela Compresor:', NULL, NULL, NULL, 0, '2018-07-31 16:02:17', 1, 1233, 5),
(1300, 'Alojamiento Bielas:', NULL, NULL, NULL, 0, '2018-07-31 16:02:30', 1, 1233, 6),
(1301, 'Luz de Pernos:', NULL, NULL, NULL, 0, '2018-07-31 16:02:47', 1, 1233, 7),
(1302, 'Bancadas:', NULL, NULL, NULL, 0, '2018-07-31 16:02:54', 1, 1233, 8),
(1303, '1', NULL, NULL, NULL, 0, '2018-07-31 16:05:41', 1, 1234, 1),
(1304, '2', NULL, NULL, NULL, 0, '2018-07-31 16:05:44', 1, 1234, 2),
(1305, '3', NULL, NULL, NULL, 0, '2018-07-31 16:05:49', 1, 1234, 3),
(1306, '4', NULL, NULL, NULL, 0, '2018-07-31 16:06:01', 1, 1234, 4),
(1307, '5', NULL, NULL, NULL, 0, '2018-07-31 16:06:04', 1, 1234, 5),
(1308, '6', NULL, NULL, NULL, 0, '2018-07-31 16:06:11', 1, 1234, 6),
(1309, '7', NULL, NULL, NULL, 0, '2018-07-31 16:06:15', 1, 1234, 7),
(1310, '8', NULL, NULL, NULL, 0, '2018-07-31 16:06:20', 1, 1234, 8),
(1311, '9', NULL, NULL, NULL, 0, '2018-07-31 16:06:24', 1, 1234, 9),
(1312, 'Observaciones:', NULL, NULL, NULL, 0, '2018-07-31 16:08:17', 4, 1234, 10),
(1314, 'Medida:', NULL, NULL, NULL, 0, '2018-07-31 16:16:33', 1, 1235, 1),
(1315, 'Estado:', NULL, NULL, NULL, 0, '2018-07-31 16:16:40', 2, 1235, 2),
(1316, 'Presion Alta:', NULL, NULL, NULL, 0, '2018-07-31 16:17:10', 1, 1235, 3),
(1317, 'Presion Baja:', NULL, NULL, NULL, 0, '2018-07-31 16:17:21', 1, 1235, 4),
(1318, 'De Bielas:', NULL, NULL, NULL, 0, '2018-07-31 16:17:52', 1, 1236, 1),
(1319, 'Tiene rosca:', NULL, NULL, NULL, 0, '2018-07-31 16:18:25', 1, 1237, 1),
(1320, 'Tapa de distribucion:', NULL, NULL, NULL, 0, '2018-07-31 16:20:07', 1, 1237, 2),
(1321, 'Tapa de Cilindros:', NULL, NULL, NULL, 0, '2018-07-31 16:20:18', 1, 1237, 3),
(1322, 'Luz entre aloj. y botador:', NULL, NULL, NULL, 0, '2018-07-31 16:20:46', 1, 1238, 1),
(1323, 'En que estado estan:', NULL, NULL, NULL, 0, '2018-07-31 16:21:23', 1, 1239, 1),
(1324, 'Repasar:', NULL, NULL, NULL, 0, '2018-07-31 16:22:34', 4, 1240, 1),
(1325, 'Conductos de aceite de leva:', NULL, NULL, NULL, 0, '2018-07-31 16:23:03', 4, 1241, 1),
(1326, 'Block:', NULL, NULL, NULL, 0, '2018-07-31 16:23:10', 4, 1241, 2),
(1327, 'En el Piston:', NULL, NULL, NULL, 0, '2018-07-31 16:24:07', 4, 1242, 1),
(1328, 'Cigueñal:', NULL, NULL, NULL, 0, '2018-07-31 16:24:26', 1, 1243, 1),
(1329, 'Volante:', NULL, NULL, NULL, 0, '2018-07-31 16:24:33', 1, 1243, 2),
(1330, 'Polea:', NULL, NULL, NULL, 0, '2018-07-31 16:24:39', 1, 1243, 3),
(1331, 'Pistones:', NULL, NULL, NULL, 0, '2018-07-31 16:25:33', 1, 1244, 1),
(1332, 'Bielas:', NULL, NULL, NULL, 0, '2018-07-31 16:25:39', 1, 1244, 2),
(1333, 'Camisas:', NULL, NULL, NULL, 0, '2018-07-31 16:26:06', 1, 1245, 1),
(1334, 'Polea:', NULL, NULL, NULL, 0, '2018-07-31 16:26:14', 1, 1245, 2),
(1335, 'Aluminio:', NULL, NULL, NULL, 0, '2018-07-31 16:27:05', 1, 1246, 1),
(1336, 'Placa:', NULL, NULL, NULL, 0, '2018-07-31 16:27:11', 1, 1246, 2),
(1337, 'Caño de Bancada Central-Aceite', NULL, NULL, NULL, 0, '2018-07-31 17:28:52', 4, 1247, 1),
(1338, 'Angulo de Brunido', NULL, NULL, NULL, 0, '2018-07-31 17:29:03', 4, 1247, 2),
(1339, 'Largo de Tornillos de Bancadas y Bielas', NULL, NULL, NULL, 0, '2018-07-31 17:29:11', 4, 1247, 3),
(1340, 'Tapones Varios y Medidas', NULL, NULL, NULL, 0, '2018-07-31 17:29:25', 4, 1247, 4),
(1341, 'Taponar Cigueñal', NULL, NULL, NULL, 0, '2018-07-31 17:30:46', 4, 1247, 5),
(1342, 'Escuadra de Pistones', NULL, NULL, NULL, 0, '2018-07-31 17:30:57', 4, 1247, 6),
(1343, 'Medir Centros de Agujeros, Pistones', NULL, NULL, NULL, 0, '2018-07-31 17:31:12', 4, 1247, 7),
(1344, 'Excentricos 1518 y 1114', NULL, NULL, NULL, 0, '2018-07-31 17:31:21', 4, 1247, 8),
(1345, 'Medir Reten de Bancada.', NULL, NULL, NULL, 0, '2018-07-31 17:31:29', 4, 1247, 9),
(1346, 'Controlar Rosca, Cigueñal varios y Reten', NULL, NULL, NULL, 0, '2018-07-31 17:31:36', 4, 1247, 10),
(1347, 'Altura Pistones', NULL, NULL, NULL, 0, '2018-07-31 17:31:44', 4, 1247, 11),
(1348, 'Engranaje Bomba de Aceite, varios', NULL, NULL, NULL, 0, '2018-07-31 17:31:55', 4, 1247, 12),
(1349, 'Piezas de alumino, varios', NULL, NULL, NULL, 0, '2018-07-31 17:32:29', 4, 1247, 5),
(1350, 'Seguro de Pistones, varios', NULL, NULL, NULL, 0, '2018-07-31 17:32:37', 4, 1247, 12),
(1351, 'Botadores si pasan por el Block y da, medidas varias', NULL, NULL, NULL, 0, '2018-07-31 17:32:47', 4, 1247, 13),
(1352, 'Medidas eje, Mando Perkins 6354', NULL, NULL, NULL, 0, '2018-07-31 17:32:56', 4, 1247, 14),
(1353, 'Tapones Lubricacion de Eje, Mando Perkins 6354', NULL, NULL, NULL, 0, '2018-07-31 17:33:04', 4, 1247, 5),
(1354, 'Controlar engranaje de Arbol de Levas y Bomba de', NULL, NULL, NULL, 0, '2018-07-31 17:33:14', 4, 1247, 12),
(1355, 'Aceite, si estan hermanadas', NULL, NULL, NULL, 0, '2018-07-31 17:33:22', 4, 1247, 13),
(1356, 'Luz entre Dientes de engranajes de Distribucion', NULL, NULL, NULL, 0, '2018-07-31 17:33:34', 4, 1247, 14),
(1357, 'Carcaza de Distribucion, Leva y Bomba Inyectora', NULL, NULL, NULL, 0, '2018-07-31 17:34:55', 4, 1247, 5),
(1358, 'Conducto Aceite - Muñon de Leva y de Compresor', NULL, NULL, NULL, 0, '2018-07-31 17:35:06', 4, 1247, 6),
(1359, 'Ruleman de cola de Cigueñal', NULL, NULL, NULL, 0, '2018-07-31 17:35:15', 4, 1247, 14),
(1360, 'Biselado de conductos de aceites del Cigueñal', NULL, NULL, NULL, 0, '2018-07-31 17:35:24', 4, 1247, 15),
(1361, 'Block Rellenado:', NULL, NULL, NULL, 0, '2018-07-31 17:38:08', 1, 1247, 16),
(1362, 'Soldado:', NULL, NULL, NULL, 0, '2018-07-31 17:38:21', 1, 1247, 17),
(1363, 'Lugar:', NULL, NULL, NULL, 0, '2018-07-31 17:41:07', 1, 1247, 18),
(1364, 'Torsion de Cigueñal', NULL, NULL, NULL, 0, '2018-07-31 17:41:47', 4, 1247, 19),
(1365, 'Chapa de Identificacion', NULL, NULL, NULL, 0, '2018-07-31 17:42:00', 4, 1247, 20),
(1366, 'Desplazamiento de Carcaza, Distribucion', NULL, NULL, NULL, 0, '2018-07-31 17:42:11', 4, 1247, 20),
(1367, 'Controlar Tornillos de Contrapesos y apretar', NULL, NULL, NULL, 0, '2018-07-31 17:42:21', 4, 1247, 14),
(1368, 'Apretar con Kilos o Grados', NULL, NULL, NULL, 0, '2018-07-31 17:42:36', 4, 1247, 15),
(1369, 'Indique apriete de Biela', NULL, NULL, NULL, 0, '2018-07-31 17:42:50', 4, 1247, 20),
(1370, 'Indique apriete de Bancada', NULL, NULL, NULL, 0, '2018-07-31 17:42:59', 4, 1247, 14),
(1371, 'Semi-Armado', NULL, NULL, NULL, 0, '2018-07-31 18:07:04', 3, 1248, 1),
(1372, 'Armado Completo', NULL, NULL, NULL, 0, '2018-07-31 18:07:18', 3, 1248, 2),
(1373, 'Motor:', NULL, NULL, NULL, 0, '2018-07-31 18:07:32', 1, 1248, 3),
(1379, 'Realizar', NULL, NULL, NULL, 0, '2018-07-31 18:17:02', 2, 1250, 1),
(1380, 'Observaciones:', NULL, NULL, NULL, 0, '2018-07-31 18:17:30', 4, 1250, 2),
(1381, 'Estado:', NULL, NULL, NULL, 0, '2018-07-31 18:17:39', 2, 1250, 3),
(1382, 'Realizar', NULL, NULL, NULL, 0, '2018-07-31 18:18:16', 2, 1251, 1),
(1383, 'Observaciones:', NULL, NULL, NULL, 0, '2018-07-31 18:18:23', 4, 1251, 2),
(1384, 'Estado:', NULL, NULL, NULL, 0, '2018-07-31 18:18:30', 2, 1251, 3),
(1385, 'Realizar:', NULL, NULL, NULL, 0, '2018-07-31 18:19:38', 2, 1252, 1),
(1386, 'Observacion:', NULL, NULL, NULL, 0, '2018-07-31 18:19:51', 4, 1252, 2),
(1387, 'Estado:', NULL, NULL, NULL, 0, '2018-07-31 18:19:56', 2, 1252, 3),
(1388, 'Realizar:', NULL, NULL, NULL, 0, '2018-07-31 18:21:12', 2, 1253, 1),
(1389, 'Observaciones:', NULL, NULL, NULL, 0, '2018-07-31 18:21:21', 4, 1253, 2),
(1390, 'Estado:', NULL, NULL, NULL, 0, '2018-07-31 18:21:34', 2, 1253, 3),
(1391, 'Realizar:', NULL, NULL, NULL, 0, '2018-07-31 18:22:15', 2, 1254, 1),
(1392, 'Observaciones:', NULL, NULL, NULL, 0, '2018-07-31 18:22:32', 4, 1254, 2),
(1393, 'Estado:', NULL, NULL, NULL, 0, '2018-07-31 18:22:38', 2, 1254, 3),
(1394, 'Realizar:', NULL, NULL, NULL, 0, '2018-07-31 18:23:12', 2, 1255, 1),
(1395, 'Observaciones:', NULL, NULL, NULL, 0, '2018-07-31 18:23:33', 4, 1255, 2),
(1396, 'Estado:', NULL, NULL, NULL, 0, '2018-07-31 18:23:45', 2, 1255, 3),
(1397, 'Realizar:', NULL, NULL, NULL, 0, '2018-07-31 18:24:28', 2, 1256, 1),
(1398, 'Observaciones:', NULL, NULL, NULL, 0, '2018-07-31 18:24:41', 4, 1256, 2),
(1399, 'Estado:', NULL, NULL, NULL, 0, '2018-07-31 18:24:46', 2, 1256, 3),
(1400, 'Realizar:', NULL, NULL, NULL, 0, '2018-07-31 18:25:55', 2, 1257, 1),
(1401, 'Observaciones:', NULL, NULL, NULL, 0, '2018-07-31 18:26:11', 4, 1257, 2),
(1402, 'Estado:', NULL, NULL, NULL, 0, '2018-07-31 18:26:17', 2, 1257, 3),
(1403, 'Realizar:', NULL, NULL, NULL, 0, '2018-07-31 18:27:08', 2, 1258, 1),
(1404, 'Observaciones:', NULL, NULL, NULL, 0, '2018-07-31 18:27:19', 4, 1258, 2),
(1405, 'Estado:', NULL, NULL, NULL, 0, '2018-07-31 18:27:26', 2, 1258, 3),
(1406, 'Realizar:', NULL, NULL, NULL, 0, '2018-07-31 18:28:07', 2, 1259, 1),
(1407, 'Observaciones:', NULL, NULL, NULL, 0, '2018-07-31 18:28:23', 4, 1259, 2),
(1408, 'Estado:', NULL, NULL, NULL, 0, '2018-07-31 18:28:30', 2, 1259, 3),
(1409, 'Realizar:', NULL, NULL, NULL, 0, '2018-07-31 18:29:36', 2, 1260, 1),
(1410, 'Observaciones:', NULL, NULL, NULL, 0, '2018-07-31 18:29:45', 4, 1260, 2),
(1411, 'Estado:', NULL, NULL, NULL, 0, '2018-07-31 18:29:50', 2, 1260, 3),
(1412, 'Realizar:', NULL, NULL, NULL, 0, '2018-07-31 18:30:32', 2, 1261, 1),
(1413, 'Observaciones:', NULL, NULL, NULL, 0, '2018-07-31 18:30:48', 4, 1261, 2),
(1414, 'Estado:', NULL, NULL, NULL, 0, '2018-07-31 18:30:53', 2, 1261, 3),
(1415, 'Realizar:', NULL, NULL, NULL, 0, '2018-07-31 18:32:14', 2, 1262, 1),
(1416, 'Observaciones:', NULL, NULL, NULL, 0, '2018-07-31 18:32:27', 4, 1262, 2),
(1417, 'Estado:', NULL, NULL, NULL, 0, '2018-07-31 18:32:33', 2, 1262, 3),
(1418, 'Realizar:', NULL, NULL, NULL, 0, '2018-07-31 18:33:03', 2, 1263, 1),
(1419, 'Observaciones:', NULL, NULL, NULL, 0, '2018-07-31 18:33:11', 4, 1263, 2),
(1420, 'Estado:', NULL, NULL, NULL, 0, '2018-07-31 18:33:20', 2, 1263, 3),
(1421, 'Realizar:', NULL, NULL, NULL, 0, '2018-07-31 18:33:59', 2, 1264, 1),
(1422, 'Observaciones:', NULL, NULL, NULL, 0, '2018-07-31 18:34:05', 4, 1264, 2),
(1423, 'Estado:', NULL, NULL, NULL, 0, '2018-07-31 18:34:10', 2, 1264, 3),
(1424, 'Motivo:', NULL, NULL, NULL, 0, '2018-07-31 18:35:53', 4, 1265, 1),
(1425, 'Fecha:', NULL, NULL, NULL, 0, '2018-07-31 18:35:59', 1, 1265, 2),
(1426, 'Motivo:', NULL, NULL, NULL, 0, '2018-07-31 18:36:17', 4, 1266, 1),
(1427, 'Fecha:', NULL, NULL, NULL, 0, '2018-07-31 18:36:23', 1, 1266, 2),
(1428, 'Motivo:', NULL, NULL, NULL, 0, '2018-07-31 18:36:48', 4, 1267, 1),
(1429, 'Fecha:', NULL, NULL, NULL, 0, '2018-07-31 18:36:54', 1, 1267, 2),
(1430, 'Semi-Armado', NULL, NULL, NULL, 0, '2018-07-31 18:45:06', 3, 1268, 1),
(1431, 'Armado Completo', NULL, NULL, NULL, 0, '2018-07-31 18:45:16', 3, 1268, 2),
(1432, 'Motor:', NULL, NULL, NULL, 0, '2018-07-31 18:45:22', 1, 1268, 3),
(1433, 'Realizar:', NULL, NULL, NULL, 0, '2018-07-31 18:47:01', 2, 1269, 1),
(1434, 'Observaciones:', NULL, NULL, NULL, 0, '2018-07-31 18:47:08', 4, 1269, 2),
(1435, 'Estado:', NULL, NULL, NULL, 0, '2018-07-31 18:47:25', 2, 1269, 3),
(1436, 'Realizar:', NULL, NULL, NULL, 0, '2018-07-31 18:48:34', 2, 1270, 1),
(1437, 'Observaciones:', NULL, NULL, NULL, 0, '2018-07-31 18:48:42', 4, 1270, 2),
(1438, 'Estado:', NULL, NULL, NULL, 0, '2018-07-31 18:49:32', 2, 1270, 3),
(1439, 'Realizar:', NULL, NULL, NULL, 0, '2018-07-31 18:50:20', 2, 1271, 1),
(1440, 'Observaciones:', NULL, NULL, NULL, 0, '2018-07-31 18:50:34', 4, 1271, 2),
(1441, 'Estado:', NULL, NULL, NULL, 0, '2018-07-31 18:50:48', 2, 1271, 3),
(1442, 'Realizar:', NULL, NULL, NULL, 0, '2018-07-31 18:52:47', 2, 1272, 1),
(1443, 'Observaciones:', NULL, NULL, NULL, 0, '2018-07-31 18:52:58', 4, 1272, 2),
(1444, 'Estado:', NULL, NULL, NULL, 0, '2018-07-31 18:53:11', 2, 1272, 3),
(1445, 'Realizar:', NULL, NULL, NULL, 0, '2018-07-31 18:53:58', 2, 1273, 1),
(1446, 'Observaciones:', NULL, NULL, NULL, 0, '2018-07-31 18:54:13', 4, 1273, 2),
(1447, 'Estado:', NULL, NULL, NULL, 0, '2018-07-31 18:54:21', 2, 1273, 3),
(1448, 'Realizar:', NULL, NULL, NULL, 0, '2018-07-31 18:55:03', 2, 1274, 1),
(1449, 'Observaciones:', NULL, NULL, NULL, 0, '2018-07-31 18:55:08', 4, 1274, 2),
(1450, 'Estado:', NULL, NULL, NULL, 0, '2018-07-31 18:55:14', 2, 1274, 3),
(1451, 'Realizar:', NULL, NULL, NULL, 0, '2018-07-31 18:55:57', 2, 1275, 1),
(1452, 'Observaciones:', NULL, NULL, NULL, 0, '2018-07-31 18:56:05', 4, 1275, 2),
(1453, 'Estado:', NULL, NULL, NULL, 0, '2018-07-31 18:56:11', 2, 1275, 3),
(1454, 'Realizar:', NULL, NULL, NULL, 0, '2018-07-31 18:57:24', 2, 1276, 1),
(1455, 'Observaciones:', NULL, NULL, NULL, 0, '2018-07-31 18:57:31', 4, 1276, 2),
(1456, 'Estado:', NULL, NULL, NULL, 0, '2018-07-31 18:57:41', 2, 1276, 3),
(1457, 'Realizar:', NULL, NULL, NULL, 0, '2018-07-31 18:58:44', 2, 1277, 1),
(1458, 'Observaciones:', NULL, NULL, NULL, 0, '2018-07-31 18:58:51', 4, 1277, 2),
(1459, 'Estado:', NULL, NULL, NULL, 0, '2018-07-31 18:58:57', 2, 1277, 3),
(1460, 'Realizar:', NULL, NULL, NULL, 0, '2018-07-31 18:59:33', 2, 1278, 1),
(1461, 'Observaciones:', NULL, NULL, NULL, 0, '2018-07-31 18:59:42', 4, 1278, 2),
(1462, 'Estado:', NULL, NULL, NULL, 0, '2018-07-31 18:59:48', 2, 1278, 3),
(1463, 'Realizar:', NULL, NULL, NULL, 0, '2018-07-31 19:00:20', 2, 1279, 1),
(1464, 'Observaciones:', NULL, NULL, NULL, 0, '2018-07-31 19:00:40', 4, 1279, 2),
(1465, 'Estado:', NULL, NULL, NULL, 0, '2018-07-31 19:00:47', 2, 1279, 3),
(1466, 'Realizar:', NULL, NULL, NULL, 0, '2018-07-31 19:01:31', 2, 1280, 1),
(1467, 'Observaciones:', NULL, NULL, NULL, 0, '2018-07-31 19:01:55', 4, 1280, 2),
(1468, 'Estado:', NULL, NULL, NULL, 0, '2018-07-31 19:02:02', 2, 1280, 3),
(1469, 'Realizar:', NULL, NULL, NULL, 0, '2018-07-31 19:11:13', 2, 1281, 1),
(1470, 'Observaciones:', NULL, NULL, NULL, 0, '2018-07-31 19:11:20', 4, 1281, 2),
(1471, 'Estado:', NULL, NULL, NULL, 0, '2018-07-31 19:11:26', 2, 1281, 3),
(1472, 'Realizar:', NULL, NULL, NULL, 0, '2018-07-31 19:12:13', 2, 1282, 1),
(1473, 'Observaciones:', NULL, NULL, NULL, 0, '2018-07-31 19:12:18', 4, 1282, 2),
(1474, 'Estado:', NULL, NULL, NULL, 0, '2018-07-31 19:12:34', 2, 1282, 3),
(1475, 'Realizar:', NULL, NULL, NULL, 0, '2018-07-31 19:13:06', 2, 1283, 1),
(1476, 'Observaciones:', NULL, NULL, NULL, 0, '2018-07-31 19:13:15', 4, 1283, 2),
(1477, 'Estado:', NULL, NULL, NULL, 0, '2018-07-31 19:13:23', 2, 1283, 3),
(1478, 'Realizar:', NULL, NULL, NULL, 0, '2018-07-31 19:14:26', 2, 1284, 1),
(1479, 'Observaciones:', NULL, NULL, NULL, 0, '2018-07-31 19:14:34', 4, 1284, 2),
(1480, 'Estado:', NULL, NULL, NULL, 0, '2018-07-31 19:14:44', 2, 1284, 3),
(1481, 'Realizar:', NULL, NULL, NULL, 0, '2018-07-31 19:15:35', 2, 1285, 1),
(1482, 'Observaciones:', NULL, NULL, NULL, 0, '2018-07-31 19:15:53', 4, 1285, 2),
(1483, 'Estado:', NULL, NULL, NULL, 0, '2018-07-31 19:16:02', 2, 1285, 3),
(1484, 'Realizar:', NULL, NULL, NULL, 0, '2018-07-31 19:16:50', 2, 1286, 1),
(1485, 'Observaciones:(Tapon...kg  Tornillos...kg)', NULL, NULL, NULL, 0, '2018-07-31 19:17:29', 4, 1286, 2),
(1486, 'Estado:', NULL, NULL, NULL, 0, '2018-07-31 19:17:36', 2, 1286, 3),
(1487, 'Motivo:', NULL, NULL, NULL, 0, '2018-07-31 19:19:26', 4, 1287, 1),
(1488, 'Fecha:', NULL, NULL, NULL, 0, '2018-07-31 19:19:32', 1, 1287, 2),
(1489, 'Motivo:', NULL, NULL, NULL, 0, '2018-07-31 19:19:39', 4, 1289, 1),
(1490, 'Fecha:', NULL, NULL, NULL, 0, '2018-07-31 19:19:45', 1, 1289, 2),
(1491, 'Motivo:', NULL, NULL, NULL, 0, '2018-07-31 19:19:51', 4, 1290, 1),
(1492, 'Fecha:', NULL, NULL, NULL, 0, '2018-07-31 19:19:56', 1, 1290, 2),
(1493, 'Semi-Armado', NULL, NULL, NULL, 0, '2018-07-31 19:22:41', 3, 1291, 1),
(1494, 'Armado Completo', NULL, NULL, NULL, 0, '2018-07-31 19:22:51', 3, 1291, 2),
(1495, 'Motor:', NULL, NULL, NULL, 0, '2018-07-31 19:22:57', 1, 1291, 3),
(1496, 'Realizar:', NULL, NULL, NULL, 0, '2018-07-31 19:23:28', 2, 1292, 1),
(1497, 'Observaciones:', NULL, NULL, NULL, 0, '2018-07-31 19:23:35', 4, 1292, 2),
(1498, 'Estado:', NULL, NULL, NULL, 0, '2018-07-31 19:23:40', 2, 1292, 3),
(1499, 'Realizar:', NULL, NULL, NULL, 0, '2018-07-31 19:24:19', 2, 1293, 1),
(1500, 'Observaciones:', NULL, NULL, NULL, 0, '2018-07-31 19:24:31', 4, 1293, 2),
(1501, 'Estado:', NULL, NULL, NULL, 0, '2018-07-31 19:24:56', 2, 1293, 3),
(1502, 'Realizar:', NULL, NULL, NULL, 0, '2018-07-31 19:25:51', 2, 1294, 1),
(1504, 'Estado:', NULL, NULL, NULL, 0, '2018-07-31 19:26:04', 2, 1294, 3),
(1505, 'Kg:', NULL, NULL, NULL, 0, '2018-07-31 19:28:08', 1, 1294, 4),
(1506, 'Grados:', NULL, NULL, NULL, 0, '2018-07-31 19:28:20', 1, 1294, 5),
(1507, 'Realizar:', NULL, NULL, NULL, 0, '2018-07-31 19:28:46', 2, 1295, 1),
(1508, 'Observaciones:', NULL, NULL, NULL, 0, '2018-07-31 19:28:57', 4, 1295, 2),
(1509, 'Estado:', NULL, NULL, NULL, 0, '2018-07-31 19:29:02', 2, 1295, 3),
(1510, 'Realizar:', NULL, NULL, NULL, 0, '2018-07-31 19:29:51', 2, 1296, 1),
(1511, 'Observaciones:', NULL, NULL, NULL, 0, '2018-07-31 19:29:59', 4, 1296, 2),
(1512, 'Estado:', NULL, NULL, NULL, 0, '2018-07-31 19:30:08', 2, 1296, 3),
(1513, 'Realizar:', NULL, NULL, NULL, 0, '2018-07-31 19:30:41', 2, 1297, 1),
(1514, 'Observaciones:', NULL, NULL, NULL, 0, '2018-07-31 19:30:49', 4, 1297, 2),
(1515, 'Estado:', NULL, NULL, NULL, 0, '2018-07-31 19:30:56', 2, 1297, 3),
(1516, 'Realizar:', NULL, NULL, NULL, 0, '2018-07-31 19:31:51', 2, 1298, 1),
(1517, 'Observaciones:', NULL, NULL, NULL, 0, '2018-07-31 19:31:59', 4, 1298, 2),
(1518, 'Estado:', NULL, NULL, NULL, 0, '2018-07-31 19:32:05', 2, 1298, 3),
(1519, 'Realizar:', NULL, NULL, NULL, 0, '2018-07-31 19:32:42', 2, 1299, 1),
(1520, 'Kg:', NULL, NULL, NULL, 0, '2018-07-31 19:33:01', 1, 1299, 2),
(1521, 'Grados:', NULL, NULL, NULL, 0, '2018-07-31 19:33:07', 1, 1299, 3),
(1522, 'Estado:', NULL, NULL, NULL, 0, '2018-07-31 19:33:14', 2, 1299, 4),
(1523, 'Realizar:', NULL, NULL, NULL, 0, '2018-07-31 19:33:47', 2, 1300, 1),
(1524, 'Observaciones:', NULL, NULL, NULL, 0, '2018-07-31 19:34:05', 4, 1300, 2),
(1525, 'Estado:', NULL, NULL, NULL, 0, '2018-07-31 19:34:09', 2, 1300, 3),
(1526, 'Realizar:', NULL, NULL, NULL, 0, '2018-07-31 19:34:39', 2, 1301, 1),
(1528, 'Kg:', NULL, NULL, NULL, 0, '2018-07-31 19:35:13', 1, 1301, 2),
(1529, 'Grados:', NULL, NULL, NULL, 0, '2018-07-31 19:35:29', 1, 1301, 3),
(1530, 'Estado:', NULL, NULL, NULL, 0, '2018-07-31 19:35:43', 2, 1301, 4),
(1531, 'Realizar:', NULL, NULL, NULL, 0, '2018-07-31 19:36:15', 2, 1302, 1),
(1532, 'Observaciones:', NULL, NULL, NULL, 0, '2018-07-31 19:36:33', 4, 1302, 2),
(1533, 'Estado:', NULL, NULL, NULL, 0, '2018-07-31 19:36:43', 2, 1302, 3),
(1534, 'Realizar:', NULL, NULL, NULL, 0, '2018-07-31 19:37:17', 2, 1303, 1),
(1535, 'Observaciones:', NULL, NULL, NULL, 0, '2018-07-31 19:37:54', 4, 1303, 2),
(1536, 'Estado:', NULL, NULL, NULL, 0, '2018-07-31 19:38:00', 2, 1303, 3),
(1537, 'Realizar:', NULL, NULL, NULL, 0, '2018-07-31 19:39:25', 2, 1304, 1),
(1538, 'Observaciones:', NULL, NULL, NULL, 0, '2018-07-31 19:39:59', 4, 1304, 2),
(1539, 'Estado:', NULL, NULL, NULL, 0, '2018-07-31 19:40:06', 2, 1304, 3),
(1540, 'Realizar:', NULL, NULL, NULL, 0, '2018-07-31 19:40:47', 2, 1305, 1),
(1542, 'Estado:', NULL, NULL, NULL, 0, '2018-07-31 19:41:08', 2, 1305, 3),
(1543, 'Kg:', NULL, NULL, NULL, 0, '2018-07-31 19:41:41', 1, 1305, 4),
(1544, 'Grados:', NULL, NULL, NULL, 0, '2018-07-31 19:41:47', 1, 1305, 5),
(1545, 'Realizar:', NULL, NULL, NULL, 0, '2018-07-31 19:42:11', 2, 1306, 1),
(1546, 'Observaciones:', NULL, NULL, NULL, 0, '2018-07-31 19:42:25', 4, 1306, 2),
(1547, 'Estado:', NULL, NULL, NULL, 0, '2018-07-31 19:42:30', 2, 1306, 3),
(1548, 'Realizar:', NULL, NULL, NULL, 0, '2018-07-31 19:43:01', 2, 1307, 1),
(1549, 'Observaciones:', NULL, NULL, NULL, 0, '2018-07-31 19:43:10', 4, 1307, 2),
(1550, 'Estado:', NULL, NULL, NULL, 0, '2018-07-31 19:43:16', 2, 1307, 3),
(1551, 'Realizar:', NULL, NULL, NULL, 0, '2018-07-31 19:44:04', 2, 1308, 1),
(1552, 'Observaciones:', NULL, NULL, NULL, 0, '2018-07-31 19:44:10', 4, 1308, 2),
(1553, 'Estado:', NULL, NULL, NULL, 0, '2018-07-31 19:44:18', 2, 1308, 3),
(1554, 'Realizar:', NULL, NULL, NULL, 0, '2018-07-31 19:45:36', 2, 1309, 1),
(1555, 'Observaciones:', NULL, NULL, NULL, 0, '2018-07-31 19:45:43', 4, 1309, 2),
(1556, 'Estado:', NULL, NULL, NULL, 0, '2018-07-31 19:45:50', 2, 1309, 3),
(1557, 'Realizar:', NULL, NULL, NULL, 0, '2018-07-31 19:46:27', 2, 1310, 1),
(1558, 'Observaciones:', NULL, NULL, NULL, 0, '2018-07-31 19:46:42', 4, 1310, 2),
(1559, 'Estado:', NULL, NULL, NULL, 0, '2018-07-31 19:46:58', 2, 1310, 3),
(1560, 'Realizar:', NULL, NULL, NULL, 0, '2018-07-31 19:47:39', 2, 1311, 1),
(1561, 'Observaciones:', NULL, NULL, NULL, 0, '2018-07-31 19:47:48', 4, 1311, 2),
(1562, 'Estado:', NULL, NULL, NULL, 0, '2018-07-31 19:48:03', 2, 1311, 3),
(1563, 'Realizar:', NULL, NULL, NULL, 0, '2018-07-31 19:48:55', 2, 1312, 1),
(1564, 'Observaciones:', NULL, NULL, NULL, 0, '2018-07-31 19:49:04', 4, 1312, 2),
(1565, 'Estado:', NULL, NULL, NULL, 0, '2018-07-31 19:49:11', 2, 1312, 3),
(1566, 'Realizar:', NULL, NULL, NULL, 0, '2018-07-31 19:49:54', 2, 1313, 1),
(1567, 'Observaciones:', NULL, NULL, NULL, 0, '2018-07-31 19:50:00', 4, 1313, 2),
(1568, 'Estado:', NULL, NULL, NULL, 0, '2018-07-31 19:50:06', 2, 1313, 3),
(1569, 'Realizar:', NULL, NULL, NULL, 0, '2018-07-31 19:50:44', 2, 1314, 1),
(1570, 'Observaciones:', NULL, NULL, NULL, 0, '2018-07-31 19:50:59', 4, 1314, 2),
(1571, 'Estado:', NULL, NULL, NULL, 0, '2018-07-31 19:51:07', 2, 1314, 3),
(1572, 'Realizar:', NULL, NULL, NULL, 0, '2018-07-31 19:51:33', 2, 1315, 1),
(1573, 'Observaciones:', NULL, NULL, NULL, 0, '2018-07-31 19:51:51', 4, 1315, 2),
(1574, 'Estado:', NULL, NULL, NULL, 0, '2018-07-31 19:51:57', 2, 1315, 3),
(1575, 'Realizar:', NULL, NULL, NULL, 0, '2018-07-31 19:52:27', 2, 1316, 1),
(1576, 'Observaciones:', NULL, NULL, NULL, 0, '2018-07-31 19:52:45', 4, 1316, 2),
(1577, 'Estado:', NULL, NULL, NULL, 0, '2018-07-31 19:52:51', 2, 1316, 3),
(1578, 'Realizar:', NULL, NULL, NULL, 0, '2018-07-31 19:53:51', 2, 1317, 1),
(1579, 'Observaciones:', NULL, NULL, NULL, 0, '2018-07-31 19:54:24', 4, 1317, 2),
(1580, 'Estados:', NULL, NULL, NULL, 0, '2018-07-31 19:54:38', 2, 1317, 3),
(1581, 'Motivo:', NULL, NULL, NULL, 0, '2018-07-31 19:55:24', 4, 1318, 1),
(1582, 'Motivo:', NULL, NULL, NULL, 0, '2018-07-31 19:55:27', 4, 1319, 1),
(1583, 'Motivo:', NULL, NULL, NULL, 0, '2018-07-31 19:55:32', 4, 1320, 1),
(1584, 'Fecha:', NULL, NULL, NULL, 0, '2018-07-31 19:55:42', 1, 1318, 2),
(1585, 'Fecha:', NULL, NULL, NULL, 0, '2018-07-31 19:55:46', 1, 1319, 2),
(1586, 'Fecha:', NULL, NULL, NULL, 0, '2018-07-31 19:55:53', 1, 1320, 2),
(1587, 'Semi-Armado:', NULL, NULL, NULL, 0, '2018-07-31 20:00:26', 3, 1321, 1);
INSERT INTO `frm_valores` (`VALO_ID`, `NOMBRE`, `PISTA`, `LONGITUD`, `VALOR_DEFECTO`, `OBLIGATORIO`, `FEC_CREACION`, `TIDA_ID`, `GRUP_ID`, `ORDEN`) VALUES
(1588, 'Armado Completo:', NULL, NULL, NULL, 0, '2018-07-31 20:00:36', 3, 1321, 2),
(1589, 'Motor:', NULL, NULL, NULL, 0, '2018-07-31 20:00:43', 1, 1321, 3),
(1590, 'Motivo:', NULL, NULL, NULL, 0, '2018-07-31 20:06:06', 4, 1357, 1),
(1591, 'Motivo:', NULL, NULL, NULL, 0, '2018-07-31 20:06:10', 4, 1359, 1),
(1592, 'Motivo:', NULL, NULL, NULL, 0, '2018-07-31 20:06:15', 4, 1360, 1),
(1593, 'Fecha:', NULL, NULL, NULL, 0, '2018-07-31 20:06:26', 1, 1357, 2),
(1594, 'Fecha:', NULL, NULL, NULL, 0, '2018-07-31 20:06:30', 1, 1359, 2),
(1595, 'Fecha:', NULL, NULL, NULL, 0, '2018-07-31 20:06:34', 1, 1360, 2),
(1596, 'Realizar:', NULL, NULL, NULL, 0, '2018-07-31 20:06:51', 2, 1322, 1),
(1597, 'Realizar:', NULL, NULL, NULL, 0, '2018-07-31 20:06:56', 2, 1323, 1),
(1598, 'Realizar:', NULL, NULL, NULL, 0, '2018-07-31 20:07:00', 2, 1324, 1),
(1599, 'Realizar:', NULL, NULL, NULL, 0, '2018-07-31 20:07:05', 2, 1325, 1),
(1600, 'Realizar:', NULL, NULL, NULL, 0, '2018-07-31 20:07:09', 2, 1326, 1),
(1601, 'Realizar:', NULL, NULL, NULL, 0, '2018-07-31 20:07:13', 2, 1327, 1),
(1602, 'Realizar:', NULL, NULL, NULL, 0, '2018-07-31 20:07:17', 2, 1328, 1),
(1603, 'Realizar:', NULL, NULL, NULL, 0, '2018-07-31 20:07:22', 2, 1329, 1),
(1604, 'Realizar:', NULL, NULL, NULL, 0, '2018-07-31 20:07:27', 2, 1330, 1),
(1605, 'Realizar:', NULL, NULL, NULL, 0, '2018-07-31 20:07:32', 2, 1331, 1),
(1606, 'Realizar:', NULL, NULL, NULL, 0, '2018-07-31 20:07:39', 2, 1332, 1),
(1607, 'Realizar:', NULL, NULL, NULL, 0, '2018-07-31 20:07:47', 2, 1333, 1),
(1608, 'Realizar:', NULL, NULL, NULL, 0, '2018-07-31 20:07:51', 2, 1334, 1),
(1609, 'Realizar:', NULL, NULL, NULL, 0, '2018-07-31 20:07:56', 2, 1335, 1),
(1610, 'Realizar:', NULL, NULL, NULL, 0, '2018-07-31 20:08:01', 2, 1336, 1),
(1611, 'Realizar:', NULL, NULL, NULL, 0, '2018-07-31 20:08:07', 2, 1337, 1),
(1612, 'Realizar:', NULL, NULL, NULL, 0, '2018-07-31 20:08:18', 2, 1338, 1),
(1613, 'Realizar:', NULL, NULL, NULL, 0, '2018-07-31 20:08:25', 2, 1339, 1),
(1614, 'Realizar:', NULL, NULL, NULL, 0, '2018-07-31 20:08:30', 2, 1340, 1),
(1615, 'Realizar:', NULL, NULL, NULL, 0, '2018-07-31 20:08:36', 2, 1341, 1),
(1616, 'Realizar:', NULL, NULL, NULL, 0, '2018-07-31 20:08:41', 2, 1342, 1),
(1617, 'Realizar:', NULL, NULL, NULL, 0, '2018-07-31 20:08:45', 2, 1343, 1),
(1618, 'Realizar:', NULL, NULL, NULL, 0, '2018-07-31 20:08:49', 2, 1344, 1),
(1619, 'Realizar:', NULL, NULL, NULL, 0, '2018-07-31 20:08:54', 2, 1345, 1),
(1620, 'Realizar:', NULL, NULL, NULL, 0, '2018-07-31 20:08:59', 2, 1346, 1),
(1621, 'Realizar:', NULL, NULL, NULL, 0, '2018-07-31 20:09:04', 2, 1347, 1),
(1622, 'Realizar:', NULL, NULL, NULL, 0, '2018-07-31 20:09:08', 2, 1348, 1),
(1623, 'Realizar:', NULL, NULL, NULL, 0, '2018-07-31 20:09:14', 2, 1349, 1),
(1624, 'Realizar:', NULL, NULL, NULL, 0, '2018-07-31 20:09:19', 2, 1350, 1),
(1625, 'Realizar:', NULL, NULL, NULL, 0, '2018-07-31 20:09:23', 2, 1351, 1),
(1626, 'Realizar:', NULL, NULL, NULL, 0, '2018-07-31 20:09:27', 2, 1352, 1),
(1627, 'Realizar:', NULL, NULL, NULL, 0, '2018-07-31 20:09:36', 2, 1353, 1),
(1628, 'Realizar:', NULL, NULL, NULL, 0, '2018-07-31 20:09:42', 2, 1354, 1),
(1629, 'Realizar:', NULL, NULL, NULL, 0, '2018-07-31 20:09:47', 2, 1355, 1),
(1630, 'Realizar:', NULL, NULL, NULL, 0, '2018-07-31 20:09:56', 2, 1356, 1),
(1631, 'Observaciones:', NULL, NULL, NULL, 0, '2018-07-31 20:15:51', 4, 1322, 2),
(1632, 'Observaciones:', NULL, NULL, NULL, 0, '2018-07-31 20:15:58', 4, 1323, 2),
(1633, 'Observaciones:', NULL, NULL, NULL, 0, '2018-07-31 20:16:03', 4, 1324, 2),
(1634, 'Observaciones:', NULL, NULL, NULL, 0, '2018-07-31 20:16:08', 4, 1325, 2),
(1635, 'Observaciones:', NULL, NULL, NULL, 0, '2018-07-31 20:16:12', 4, 1326, 2),
(1636, 'Observaciones:', NULL, NULL, NULL, 0, '2018-07-31 20:16:17', 4, 1327, 2),
(1637, 'Observaciones:', NULL, NULL, NULL, 0, '2018-07-31 20:16:22', 4, 1328, 2),
(1638, 'Observaciones:', NULL, NULL, NULL, 0, '2018-07-31 20:16:27', 4, 1329, 2),
(1639, 'Observaciones:', NULL, NULL, NULL, 0, '2018-07-31 20:16:31', 4, 1330, 2),
(1640, 'Observaciones:', NULL, NULL, NULL, 0, '2018-07-31 20:16:35', 4, 1331, 2),
(1641, 'Observaciones:', NULL, NULL, NULL, 0, '2018-07-31 20:16:41', 4, 1332, 2),
(1642, 'Observaciones:', NULL, NULL, NULL, 0, '2018-07-31 20:16:46', 4, 1333, 2),
(1643, 'Observaciones:', NULL, NULL, NULL, 0, '2018-07-31 20:16:53', 4, 1334, 2),
(1644, 'Observaciones:', NULL, NULL, NULL, 0, '2018-07-31 20:17:00', 4, 1335, 2),
(1645, 'Observaciones:', NULL, NULL, NULL, 0, '2018-07-31 20:17:04', 4, 1336, 2),
(1646, 'Observaciones:', NULL, NULL, NULL, 0, '2018-07-31 20:17:09', 4, 1337, 2),
(1647, 'Observaciones:', NULL, NULL, NULL, 0, '2018-07-31 20:17:21', 4, 1338, 2),
(1648, 'Observaciones:', NULL, NULL, NULL, 0, '2018-07-31 20:17:26', 4, 1339, 2),
(1649, 'Observaciones:', NULL, NULL, NULL, 0, '2018-07-31 20:17:31', 4, 1340, 2),
(1650, 'Observaciones:', NULL, NULL, NULL, 0, '2018-07-31 20:17:35', 4, 1341, 2),
(1651, 'Observaciones:', NULL, NULL, NULL, 0, '2018-07-31 20:17:43', 4, 1342, 2),
(1652, 'Observaciones:', NULL, NULL, NULL, 0, '2018-07-31 20:17:47', 4, 1343, 2),
(1653, 'Observaciones:', NULL, NULL, NULL, 0, '2018-07-31 20:17:52', 4, 1344, 2),
(1654, 'Observaciones:', NULL, NULL, NULL, 0, '2018-07-31 20:17:56', 4, 1345, 2),
(1655, 'Observaciones:', NULL, NULL, NULL, 0, '2018-07-31 20:18:01', 4, 1346, 2),
(1656, 'Observaciones:', NULL, NULL, NULL, 0, '2018-07-31 20:18:08', 4, 1347, 2),
(1657, 'Observaciones:', NULL, NULL, NULL, 0, '2018-07-31 20:18:11', 4, 1348, 2),
(1658, 'Observaciones:', NULL, NULL, NULL, 0, '2018-07-31 20:18:16', 4, 1349, 2),
(1659, 'Observaciones:', NULL, NULL, NULL, 0, '2018-07-31 20:18:20', 4, 1350, 2),
(1660, 'Observaciones:', NULL, NULL, NULL, 0, '2018-07-31 20:18:25', 4, 1351, 2),
(1661, 'Observaciones:', NULL, NULL, NULL, 0, '2018-07-31 20:18:30', 4, 1352, 2),
(1662, 'Observaciones:', NULL, NULL, NULL, 0, '2018-07-31 20:18:34', 4, 1353, 2),
(1663, 'Observaciones:', NULL, NULL, NULL, 0, '2018-07-31 20:18:39', 4, 1354, 2),
(1664, 'Observaciones:', NULL, NULL, NULL, 0, '2018-07-31 20:18:43', 4, 1355, 2),
(1665, 'Observaciones:', NULL, NULL, NULL, 0, '2018-07-31 20:18:50', 4, 1356, 2),
(1666, 'Estado:', NULL, NULL, NULL, 0, '2018-07-31 20:19:06', 2, 1322, 3),
(1667, 'Estado:', NULL, NULL, NULL, 0, '2018-07-31 20:19:10', 2, 1323, 3),
(1668, 'Estado:', NULL, NULL, NULL, 0, '2018-07-31 20:19:14', 2, 1324, 3),
(1669, 'Estado:', NULL, NULL, NULL, 0, '2018-07-31 20:19:18', 2, 1325, 3),
(1670, 'Estado:', NULL, NULL, NULL, 0, '2018-07-31 20:19:22', 2, 1326, 3),
(1671, 'Estado:', NULL, NULL, NULL, 0, '2018-07-31 20:19:26', 2, 1327, 3),
(1672, 'Estado:', NULL, NULL, NULL, 0, '2018-07-31 20:19:30', 2, 1328, 3),
(1673, 'Estado:', NULL, NULL, NULL, 0, '2018-07-31 20:19:37', 2, 1329, 3),
(1674, 'Estado:', NULL, NULL, NULL, 0, '2018-07-31 20:19:41', 2, 1330, 3),
(1675, 'Estado:', NULL, NULL, NULL, 0, '2018-07-31 20:19:47', 2, 1331, 3),
(1676, 'Estado:', NULL, NULL, NULL, 0, '2018-07-31 20:19:52', 2, 1332, 3),
(1677, 'Estado:', NULL, NULL, NULL, 0, '2018-07-31 20:19:56', 2, 1333, 3),
(1678, 'Estado:', NULL, NULL, NULL, 0, '2018-07-31 20:20:00', 2, 1334, 3),
(1679, 'Estado:', NULL, NULL, NULL, 0, '2018-07-31 20:20:05', 2, 1335, 3),
(1680, 'Estado:', NULL, NULL, NULL, 0, '2018-07-31 20:20:12', 2, 1336, 3),
(1681, 'Estado:', NULL, NULL, NULL, 0, '2018-07-31 20:20:17', 2, 1337, 3),
(1682, 'Estado:', NULL, NULL, NULL, 0, '2018-07-31 20:20:21', 2, 1338, 3),
(1683, 'Estado:', NULL, NULL, NULL, 0, '2018-07-31 20:20:25', 2, 1339, 3),
(1684, 'Estado:', NULL, NULL, NULL, 0, '2018-07-31 20:20:29', 2, 1340, 3),
(1685, 'Estado:', NULL, NULL, NULL, 0, '2018-07-31 20:20:33', 2, 1341, 3),
(1686, 'Estado:', NULL, NULL, NULL, 0, '2018-07-31 20:20:38', 2, 1342, 3),
(1687, 'Estado:', NULL, NULL, NULL, 0, '2018-07-31 20:20:44', 2, 1343, 3),
(1688, 'Estado:', NULL, NULL, NULL, 0, '2018-07-31 20:20:50', 2, 1344, 3),
(1689, 'Estado:', NULL, NULL, NULL, 0, '2018-07-31 20:20:58', 2, 1345, 3),
(1690, 'Estado:', NULL, NULL, NULL, 0, '2018-07-31 20:21:02', 2, 1346, 3),
(1691, 'Estado:', NULL, NULL, NULL, 0, '2018-07-31 20:21:06', 2, 1347, 3),
(1692, 'Estado:', NULL, NULL, NULL, 0, '2018-07-31 20:21:10', 2, 1348, 3),
(1693, 'Estado:', NULL, NULL, NULL, 0, '2018-07-31 20:21:15', 2, 1349, 3),
(1694, 'Estado:', NULL, NULL, NULL, 0, '2018-07-31 20:21:20', 2, 1350, 3),
(1695, 'Estado:', NULL, NULL, NULL, 0, '2018-07-31 20:21:25', 2, 1351, 3),
(1696, 'Estado:', NULL, NULL, NULL, 0, '2018-07-31 20:21:29', 2, 1352, 3),
(1697, 'Estado:', NULL, NULL, NULL, 0, '2018-07-31 20:21:34', 2, 1353, 3),
(1698, 'Estado:', NULL, NULL, NULL, 0, '2018-07-31 20:21:39', 2, 1354, 3),
(1699, 'Estado:', NULL, NULL, NULL, 0, '2018-07-31 20:21:44', 2, 1355, 3),
(1700, 'Estado:', NULL, NULL, NULL, 0, '2018-07-31 20:21:49', 2, 1356, 3),
(1701, '01:', NULL, NULL, NULL, 0, '2018-08-03 15:50:43', 3, 314, 1),
(1702, '02:', NULL, NULL, NULL, 0, '2018-08-03 15:50:50', 3, 314, 2),
(1703, '03:', NULL, NULL, NULL, 0, '2018-08-03 15:50:54', 3, 314, 3),
(1704, '04:', NULL, NULL, NULL, 0, '2018-08-03 15:50:59', 3, 314, 4),
(1705, '05:', NULL, NULL, NULL, 0, '2018-08-03 15:51:10', 3, 314, 5),
(1706, '06:', NULL, NULL, NULL, 0, '2018-08-03 15:51:16', 3, 314, 6),
(1707, '08:', NULL, NULL, NULL, 0, '2018-08-03 15:51:33', 3, 314, 7),
(1708, '12', NULL, NULL, NULL, 0, '2018-08-03 15:52:56', 3, 314, 8),
(1709, '16', NULL, NULL, NULL, 0, '2018-08-03 15:53:00', 3, 314, 9),
(1710, 'n', NULL, NULL, NULL, 0, '2018-08-03 15:53:05', 3, 314, 10),
(1711, 'Obsevaciones:', NULL, NULL, NULL, 0, '2018-08-03 16:15:01', 4, 314, 13),
(1712, 'Indique: Ovalos / Conicidad y Altura:', NULL, NULL, NULL, 0, '2018-08-03 18:26:50', 4, 338, 2),
(1713, 'Indique: Ovalos / Conicidad y Altura:', NULL, NULL, NULL, 0, '2018-08-03 18:27:00', 4, 339, 2),
(1714, 'Indique: Ovalos / Conicidad y Altura:', NULL, NULL, NULL, 0, '2018-08-03 18:27:05', 4, 340, 2),
(1715, 'Indique: Ovalos / Conicidad y Altura:', NULL, NULL, NULL, 0, '2018-08-03 18:27:11', 4, 341, 2),
(1716, 'Indique: Ovalos / Conicidad y Altura:', NULL, NULL, NULL, 0, '2018-08-03 18:27:18', 4, 342, 2),
(1717, 'Indique: Ovalos / Conicidad y Altura:', NULL, NULL, NULL, 0, '2018-08-03 18:27:23', 4, 343, 2),
(1718, 'Indique: Ovalos / Conicidad y Altura:', NULL, NULL, NULL, 0, '2018-08-03 18:27:28', 4, 344, 2),
(1719, 'Indique: Ovalos / Conicidad y Altura:', NULL, NULL, NULL, 0, '2018-08-03 18:27:34', 4, 345, 2),
(1720, 'Indique: Ovalos / Conicidad y Altura:', NULL, NULL, NULL, 0, '2018-08-03 18:27:40', 4, 346, 2),
(1724, '(*)Indique valor', NULL, NULL, NULL, 0, '2018-08-03 19:48:17', 1, 97, 2),
(1725, '(*)Indique valor', NULL, NULL, NULL, 0, '2018-08-03 19:48:25', 1, 98, 2),
(1726, '(*)Indique valor', NULL, NULL, NULL, 0, '2018-08-03 19:48:31', 1, 99, 2),
(1727, '(*)Indique valor', NULL, NULL, NULL, 0, '2018-08-03 19:48:38', 1, 101, 2),
(1728, '(*)Indique valor', NULL, NULL, NULL, 0, '2018-08-03 19:48:44', 1, 102, 2),
(1729, '(*)Indique valor', NULL, NULL, NULL, 0, '2018-08-03 19:48:49', 1, 103, 2),
(1730, '(*)Indique valor', NULL, NULL, NULL, 0, '2018-08-03 19:48:58', 1, 104, 2),
(1731, '(*)Indique valor', NULL, NULL, NULL, 0, '2018-08-03 19:49:02', 1, 105, 2),
(1732, '(*)Indique valor', NULL, NULL, NULL, 0, '2018-08-03 19:49:07', 1, 106, 2),
(1733, '(*)Indique valor', NULL, NULL, NULL, 0, '2018-08-03 19:49:12', 1, 107, 2),
(1734, '(*)Indique valor', NULL, NULL, NULL, 0, '2018-08-03 19:49:50', 1, 108, 2),
(1735, '(*)Indique valor', NULL, NULL, NULL, 0, '2018-08-03 19:49:56', 1, 109, 2),
(1736, '(*)Indique valor', NULL, NULL, NULL, 0, '2018-08-03 19:50:03', 1, 110, 2),
(1737, '(*)Indique valor', NULL, NULL, NULL, 0, '2018-08-03 19:50:09', 1, 111, 2),
(1738, '(*)Indique valor', NULL, NULL, NULL, 0, '2018-08-03 19:50:21', 1, 112, 2),
(1739, '(*)Indique valor', NULL, NULL, NULL, 0, '2018-08-03 19:50:27', 1, 113, 2),
(1740, '(*)Indique valor', NULL, NULL, NULL, 0, '2018-08-03 19:50:33', 1, 114, 2),
(1742, '', NULL, NULL, NULL, 0, '2018-08-03 20:20:55', 4, 1363, 1),
(2000, 'Legajo en Mano', NULL, NULL, NULL, 0, '2018-08-07 14:44:43', 3, 2000, 1),
(2001, 'Planilla de “Registro de recepcio?n de componente”, se encuentra en el Legajo.', NULL, NULL, NULL, 0, '2018-08-07 14:44:59', 3, 2000, 2),
(2002, '“Remito del cliente”, aplica solo si a trai?do. Se encuentra en el Legajo.', NULL, NULL, NULL, 0, '2018-08-07 14:45:10', 3, 2000, 3),
(2003, 'Planilla de “Registro de pedido de materiales interior y exterior”, se encuentra en el Legajo.', NULL, NULL, NULL, 0, '2018-08-07 14:45:42', 3, 2000, 4),
(2004, 'Fotos del componente, impreso o con acceso en pantalla.', NULL, NULL, NULL, 0, '2018-08-07 14:45:52', 3, 2000, 5),
(2005, 'Ca?mara de Fotos, sera? necesario para registrar que se esta? despachando.', NULL, NULL, NULL, 0, '2018-08-07 14:46:49', 3, 2000, 6),
(2006, 'Planilla de “Remito de despacho de componente”, se encuentra en el Legajo.', NULL, NULL, NULL, 0, '2018-08-07 14:47:32', 3, 2000, 7),
(2008, 'Se encuentran todos los i?tems nombrados en ella', NULL, NULL, NULL, 0, '2018-08-07 14:52:14', 3, 2002, 1),
(2009, 'Esta todo lo descripto en el remito del cliente.', NULL, NULL, NULL, 0, '2018-08-07 14:55:43', 3, 2003, 1),
(2010, 'Se encuentran todos los i?tems nombrados en ella', NULL, NULL, NULL, 0, '2018-08-07 14:56:38', 3, 2004, 1),
(2011, 'Se encuentran todos los componentes tal cual muestran las fotos', NULL, NULL, NULL, 0, '2018-08-07 14:57:15', 3, 2005, 1),
(2012, 'No ha quedado ningu?n repuesto, insumo, componente, etc. de este interno en almace?n', NULL, NULL, NULL, 0, '2018-08-07 14:57:47', 3, 2006, 1),
(2013, 'Arne?s ele?ctrico SIN cables cortados', NULL, NULL, NULL, 0, '2018-08-07 14:59:04', 3, 2007, 1),
(2014, 'Arne?s ele?ctrico SIN cables sueltos', NULL, NULL, NULL, 0, '2018-08-07 14:59:32', 3, 2007, 2),
(2015, 'Arne?s ele?ctrico SIN cables pelados', NULL, NULL, NULL, 0, '2018-08-07 14:59:46', 3, 2007, 3),
(2016, 'Arne?s ele?ctrico SIN cintas y/o corrugado protector roto o suelto', NULL, NULL, NULL, 0, '2018-08-07 14:59:55', 3, 2007, 4),
(2017, 'Arne?s ele?ctrico SIN sujetadores, precintos, agarres varios suelto', NULL, NULL, NULL, 0, '2018-08-07 15:00:05', 3, 2007, 5),
(2018, 'Arne?s ele?ctrico SIN fichas y/o conectores rotos', NULL, NULL, NULL, 0, '2018-08-07 15:00:19', 3, 2007, 6),
(2019, 'Carter y protecciones varias sin abolladuras', NULL, NULL, NULL, 0, '2018-08-07 15:00:28', 3, 2007, 7),
(2020, 'Sin traspiraciones y/o pe?rdida de aceites', NULL, NULL, NULL, 0, '2018-08-07 15:00:37', 3, 2007, 8),
(2021, 'Sin pe?rdida de refrigerante y/o algu?n fluido', NULL, NULL, NULL, 0, '2018-08-07 15:00:47', 3, 2007, 9),
(2022, 'Controlar que la boca de admisio?n, escape, can?eri?as varias de ingreso y/o egreso de algu?n fluido este?n con sus tapones correspondiente. En caso de no tener tapo?n se debe tapar con algu?n insumo.', NULL, NULL, NULL, 0, '2018-08-07 15:00:58', 3, 2007, 10),
(2023, 'Cuna o soporte adecuado (ante la duda consultar a coordinador)', NULL, NULL, NULL, 0, '2018-08-07 15:01:08', 3, 2007, 11),
(2024, 'Tomar fotos del estado del componente a despachar', NULL, NULL, NULL, 0, '2018-08-07 15:01:48', 3, 2008, 1),
(2025, 'Realizar remito de salida, marcar todo los componentes incluyendo repuestos nuevos y/o usados.', NULL, NULL, NULL, 0, '2018-08-07 15:02:53', 3, 2009, 1),
(2026, 'Observacion:', NULL, NULL, NULL, 0, '2018-08-07 15:03:33', 4, 2010, 1),
(2047, 'Realizar:', NULL, NULL, NULL, 0, '2018-08-07 15:23:43', 2, 2013, 1),
(2048, 'Observacion:', NULL, NULL, NULL, 0, '2018-08-07 15:24:01', 4, 2013, 2),
(2049, 'Realizar:', NULL, NULL, NULL, 0, '2018-08-07 15:24:22', 2, 2014, 1),
(2050, 'Observacion:', NULL, NULL, NULL, 0, '2018-08-07 15:24:52', 4, 2014, 2),
(2051, 'Realizar:', NULL, NULL, NULL, 0, '2018-08-07 15:25:17', 2, 2016, 1),
(2052, 'Observacion:', NULL, NULL, NULL, 0, '2018-08-07 15:25:37', 4, 2016, 2),
(2053, 'Realizar:', NULL, NULL, NULL, 0, '2018-08-07 15:32:58', 2, 2017, 1),
(2054, 'Observacion:', NULL, NULL, NULL, 0, '2018-08-07 15:33:38', 4, 2017, 2),
(2055, 'Estado:', NULL, NULL, NULL, 0, '2018-08-07 15:33:51', 2, 2017, 3),
(2056, 'Realizar:', NULL, NULL, NULL, 0, '2018-08-07 15:35:21', 2, 2018, 1),
(2057, 'Observaciones:', NULL, NULL, NULL, 0, '2018-08-07 15:35:41', 4, 2018, 2),
(2059, 'Realizar:', NULL, NULL, NULL, 0, '2018-08-07 15:36:11', 2, 2019, 1),
(2060, 'Observacion:', NULL, NULL, NULL, 0, '2018-08-07 15:36:27', 4, 2019, 2),
(2061, 'Realizar:', NULL, NULL, NULL, 0, '2018-08-07 15:36:58', 2, 2020, 1),
(2062, 'Observacion:', NULL, NULL, NULL, 0, '2018-08-07 15:37:21', 4, 2020, 2),
(2063, 'Realizar:', NULL, NULL, NULL, 0, '2018-08-07 15:37:57', 2, 2021, 1),
(2064, 'Observaciones:', NULL, NULL, NULL, 0, '2018-08-07 15:39:03', 4, 2021, 2),
(2065, 'Realizar:', NULL, NULL, NULL, 0, '2018-08-07 15:39:37', 2, 2022, 1),
(2066, 'Observaciones:', NULL, NULL, NULL, 0, '2018-08-07 15:39:54', 4, 2022, 2),
(2067, 'Estado:', NULL, NULL, NULL, 0, '2018-08-07 15:40:00', 2, 2022, 3),
(2068, 'Realizar:', NULL, NULL, NULL, 0, '2018-08-07 15:41:55', 2, 2023, 1),
(2069, 'Observaciones:', NULL, NULL, NULL, 0, '2018-08-07 15:42:09', 4, 2023, 2),
(2070, 'Estado:', NULL, NULL, NULL, 0, '2018-08-07 15:42:16', 2, 2023, 3),
(2071, 'Realizar:', NULL, NULL, NULL, 0, '2018-08-07 15:43:48', 2, 2024, 1),
(2072, 'Observaciones:', NULL, NULL, NULL, 0, '2018-08-07 15:45:11', 2, 2024, 2),
(2073, 'Realizar:', NULL, NULL, NULL, 0, '2018-08-07 15:46:16', 2, 2025, 1),
(2074, 'Observaciones:', NULL, NULL, NULL, 0, '2018-08-07 15:46:31', 4, 2025, 2),
(2075, 'Realizar:', NULL, NULL, NULL, 0, '2018-08-07 15:47:07', 2, 2026, 1),
(2076, 'Observaciones:', NULL, NULL, NULL, 0, '2018-08-07 15:47:25', 4, 2026, 2),
(2077, 'Estado:', NULL, NULL, NULL, 0, '2018-08-07 15:47:32', 2, 2026, 3),
(2078, 'Realizar:', NULL, NULL, NULL, 0, '2018-08-07 15:48:01', 2, 2027, 1),
(2079, 'Observaciones:', NULL, NULL, NULL, 0, '2018-08-07 15:48:28', 4, 2027, 2),
(2080, 'Estado:', NULL, NULL, NULL, 0, '2018-08-07 15:48:44', 2, 2027, 3),
(2081, 'Realizar:', NULL, NULL, NULL, 0, '2018-08-07 15:49:11', 2, 2028, 1),
(2083, 'Luz de Valvula:', NULL, NULL, NULL, 0, '2018-08-07 15:49:47', 4, 2028, 2),
(2084, 'Completar:', NULL, NULL, NULL, 0, '2018-08-07 16:27:14', 2, 2029, 1),
(2085, 'Observaciones:', NULL, NULL, NULL, 0, '2018-08-07 16:27:50', 4, 2029, 2),
(2086, 'Completar:', NULL, NULL, NULL, 0, '2018-08-07 16:28:31', 2, 2030, 1),
(2087, 'Observaciones:', NULL, NULL, NULL, 0, '2018-08-07 16:29:18', 4, 2030, 2),
(2088, 'Completar:', NULL, NULL, NULL, 0, '2018-08-07 16:29:45', 2, 2031, 1),
(2089, 'Observaciones:', NULL, NULL, NULL, 0, '2018-08-07 16:30:14', 4, 2031, 2),
(2090, 'Completar:', NULL, NULL, NULL, 0, '2018-08-07 16:31:41', 2, 2032, 1),
(2091, 'Observaciones:', NULL, NULL, NULL, 0, '2018-08-07 16:31:47', 4, 2032, 2),
(2093, 'Completar:', NULL, NULL, NULL, 0, '2018-08-07 16:32:26', 2, 2033, 1),
(2094, 'Observaciones:', NULL, NULL, NULL, 0, '2018-08-07 16:32:53', 4, 2033, 2),
(2095, 'Completar:', NULL, NULL, NULL, 0, '2018-08-07 16:33:27', 2, 2034, 1),
(2096, 'Observaciones:', NULL, NULL, NULL, 0, '2018-08-07 16:33:38', 4, 2034, 2),
(2097, 'Completar:', NULL, NULL, NULL, 0, '2018-08-07 16:34:35', 2, 2035, 1),
(2098, 'Observaciones:', NULL, NULL, NULL, 0, '2018-08-07 16:34:42', 4, 2035, 2),
(2099, 'Completar:', NULL, NULL, NULL, 0, '2018-08-07 16:35:17', 2, 2036, 1),
(2100, 'Observaciones:', NULL, NULL, NULL, 0, '2018-08-07 16:35:26', 4, 2036, 2),
(2102, 'Completar:', NULL, NULL, NULL, 0, '2018-08-07 16:36:24', 2, 2037, 1),
(2103, 'Observaciones:', NULL, NULL, NULL, 0, '2018-08-07 16:36:31', 4, 2037, 2),
(2104, 'Completar:', NULL, NULL, NULL, 0, '2018-08-07 18:28:34', 2, 2038, 1),
(2105, 'Observaciones:', NULL, NULL, NULL, 0, '2018-08-07 18:29:44', 4, 2038, 2),
(2106, 'Completar:', NULL, NULL, NULL, 0, '2018-08-07 18:31:45', 2, 2039, 1),
(2107, 'Observaciones:', NULL, NULL, NULL, 0, '2018-08-07 18:34:22', 4, 2039, 2),
(2108, 'Completar:', NULL, NULL, NULL, 0, '2018-08-07 18:34:45', 2, 2040, 1),
(2109, 'Observaciones:', NULL, NULL, NULL, 0, '2018-08-07 18:38:03', 4, 2040, 2),
(2110, 'Completar:', NULL, NULL, NULL, 0, '2018-08-07 18:44:57', 2, 2041, 1),
(2111, 'Observaciones:', NULL, NULL, NULL, 0, '2018-08-07 18:58:11', 4, 2041, 2),
(2112, 'Completar:', NULL, NULL, NULL, 0, '2018-08-07 19:11:36', 2, 2042, 1),
(2113, 'Observaciones:', NULL, NULL, NULL, 0, '2018-08-07 19:13:41', 4, 2042, 2),
(2114, 'Completar:', NULL, NULL, NULL, 0, '2018-08-07 19:14:01', 2, 2043, 1),
(2115, 'Observaciones:', NULL, NULL, NULL, 0, '2018-08-07 19:14:26', 4, 2043, 2),
(2117, 'Completar:', NULL, NULL, NULL, 0, '2018-08-07 19:16:10', 2, 2044, 1),
(2118, 'Observaciones:', NULL, NULL, NULL, 0, '2018-08-07 19:20:52', 4, 2044, 2),
(2119, 'Completar:', NULL, NULL, NULL, 0, '2018-08-07 19:47:25', 2, 2045, 1),
(2120, 'Observaciones:', NULL, NULL, NULL, 0, '2018-08-07 19:47:31', 4, 2045, 2),
(2121, 'Completar:', NULL, NULL, NULL, 0, '2018-08-07 19:49:02', 2, 2046, 1),
(2122, 'Observaciones:', NULL, NULL, NULL, 0, '2018-08-07 19:49:31', 4, 2046, 2),
(2123, 'Completar:', NULL, NULL, NULL, 0, '2018-08-07 19:50:43', 2, 2047, 1),
(2124, 'Observaciones:', NULL, NULL, NULL, 0, '2018-08-07 19:50:49', 4, 2047, 2),
(2125, 'Completar:', NULL, NULL, NULL, 0, '2018-08-07 19:51:38', 2, 2048, 1),
(2126, 'Observaciones:', NULL, NULL, NULL, 0, '2018-08-07 19:52:31', 4, 2048, 2),
(2127, 'Completar:', NULL, NULL, NULL, 0, '2018-08-07 19:53:28', 2, 2049, 1),
(2128, 'Observaciones:', NULL, NULL, NULL, 0, '2018-08-07 19:53:50', 4, 2049, 2),
(2129, 'Completar:', NULL, NULL, NULL, 0, '2018-08-07 19:55:24', 2, 2050, 1),
(2130, 'Observaciones:', NULL, NULL, NULL, 0, '2018-08-07 19:55:41', 4, 2050, 2),
(2131, 'Completar:', NULL, NULL, NULL, 0, '2018-08-07 19:56:00', 2, 2051, 1),
(2132, 'Observaciones:', NULL, NULL, NULL, 0, '2018-08-07 19:56:21', 4, 2051, 2),
(2133, 'Completar:', NULL, NULL, NULL, 0, '2018-08-07 19:57:37', 2, 2052, 1),
(2134, 'Observaciones:', NULL, NULL, NULL, 0, '2018-08-07 19:58:56', 4, 2052, 2),
(2135, 'Completar:', NULL, NULL, NULL, 0, '2018-08-07 20:00:41', 2, 2053, 1),
(2136, 'Observaciones:', NULL, NULL, NULL, 0, '2018-08-07 20:02:17', 4, 2053, 2),
(2137, 'Completar:', NULL, NULL, NULL, 0, '2018-08-07 20:03:00', 2, 2054, 1),
(2138, 'Observaciones:', NULL, NULL, NULL, 0, '2018-08-07 20:03:19', 4, 2054, 2),
(2139, 'Completar:', NULL, NULL, NULL, 0, '2018-08-07 20:03:48', 2, 2055, 1),
(2140, 'Observaciones', NULL, NULL, NULL, 0, '2018-08-07 20:04:06', 4, 2055, 2),
(2141, 'Completar:', NULL, NULL, NULL, 0, '2018-08-07 20:04:29', 2, 2056, 1),
(2142, 'Observaciones:', NULL, NULL, NULL, 0, '2018-08-07 20:04:49', 4, 2056, 2),
(2143, 'Completar:', NULL, NULL, NULL, 0, '2018-08-07 20:05:12', 2, 2057, 1),
(2144, 'Observaciones:', NULL, NULL, NULL, 0, '2018-08-07 20:05:34', 4, 2057, 2),
(2145, 'Observaciones:', NULL, NULL, NULL, 0, '2018-08-07 20:13:39', 4, 2058, 1),
(2148, 'Estado:', NULL, NULL, NULL, 0, '2018-08-08 15:05:38', 2, 2060, 1),
(2149, 'Observaciones:', NULL, NULL, NULL, 0, '2018-08-08 15:05:47', 4, 2060, 2),
(2150, 'Estado:', NULL, NULL, NULL, 0, '2018-08-08 15:07:01', 2, 2061, 1),
(2151, 'Observaciones:', NULL, NULL, NULL, 0, '2018-08-08 15:07:08', 4, 2061, 2),
(2152, 'Estado:', NULL, NULL, NULL, 0, '2018-08-08 15:07:55', 2, 2062, 1),
(2153, 'Observaiones:', NULL, NULL, NULL, 0, '2018-08-08 15:12:52', 4, 2062, 2),
(2154, 'Estado:', NULL, NULL, NULL, 0, '2018-08-08 15:13:28', 2, 2063, 1),
(2155, 'Observaciones:', NULL, NULL, NULL, 0, '2018-08-08 15:13:35', 4, 2063, 2),
(2156, 'Estado:', NULL, NULL, NULL, 0, '2018-08-08 15:14:57', 2, 2064, 1),
(2157, 'Observaciones:', NULL, NULL, NULL, 0, '2018-08-08 15:15:05', 4, 2064, 2),
(2158, 'Estado:', NULL, NULL, NULL, 0, '2018-08-08 15:15:52', 2, 2065, 1),
(2159, 'Observaciones:', NULL, NULL, NULL, 0, '2018-08-08 15:16:00', 4, 2065, 2),
(2160, 'Estado:', NULL, NULL, NULL, 0, '2018-08-08 15:24:24', 2, 2066, 1),
(2161, 'Observaciones:', NULL, NULL, NULL, 0, '2018-08-08 15:25:05', 4, 2066, 2),
(2162, 'Estado:', NULL, NULL, NULL, 0, '2018-08-08 15:25:48', 2, 2067, 1),
(2163, 'Observaciones:', NULL, NULL, NULL, 0, '2018-08-08 15:25:55', 4, 2067, 2),
(2164, 'Estado:', NULL, NULL, NULL, 0, '2018-08-08 15:26:38', 2, 2068, 1),
(2165, 'Observaciones:', NULL, NULL, NULL, 0, '2018-08-08 15:26:44', 4, 2068, 2),
(2166, 'Estado:', NULL, NULL, NULL, 0, '2018-08-08 15:28:06', 2, 2069, 1),
(2168, 'Observaciones:', NULL, NULL, NULL, 0, '2018-08-08 15:28:38', 4, 2069, 2),
(2169, 'Estado:', NULL, NULL, NULL, 0, '2018-08-08 15:31:39', 2, 2070, 1),
(2170, 'Observaciones:', NULL, NULL, NULL, 0, '2018-08-08 15:31:50', 4, 2070, 2),
(2171, 'Estado:', NULL, NULL, NULL, 0, '2018-08-08 15:32:24', 2, 2071, 1),
(2172, 'Observaciones:', NULL, NULL, NULL, 0, '2018-08-08 15:32:36', 4, 2071, 2),
(2173, 'Estado:', NULL, NULL, NULL, 0, '2018-08-08 15:33:45', 2, 2072, 1),
(2174, 'Observaciones:', NULL, NULL, NULL, 0, '2018-08-08 15:33:52', 4, 2072, 2),
(2175, 'Estado:', NULL, NULL, NULL, 0, '2018-08-08 15:38:59', 2, 2073, 1),
(2176, 'Observaciones:', NULL, NULL, NULL, 0, '2018-08-08 15:39:06', 4, 2073, 2),
(2177, 'Estado:', NULL, NULL, NULL, 0, '2018-08-08 15:42:34', 2, 2074, 1),
(2178, 'Observaciones:', NULL, NULL, NULL, 0, '2018-08-08 15:42:42', 4, 2074, 2),
(2179, 'Estado:', NULL, NULL, NULL, 0, '2018-08-08 15:45:39', 2, 2075, 1),
(2180, 'Observaciones:', NULL, NULL, NULL, 0, '2018-08-08 15:45:53', 4, 2075, 2),
(2181, 'Estado:', NULL, NULL, NULL, 0, '2018-08-08 15:46:27', 2, 2076, 1),
(2182, 'Observaciones:', NULL, NULL, NULL, 0, '2018-08-08 15:46:35', 4, 2076, 2),
(2183, 'Estado:', NULL, NULL, NULL, 0, '2018-08-08 15:47:38', 2, 2077, 1),
(2184, 'Observaciones:', NULL, NULL, NULL, 0, '2018-08-08 15:47:58', 4, 2077, 2),
(2185, 'Estado:', NULL, NULL, NULL, 0, '2018-08-08 15:49:07', 2, 2078, 1),
(2186, 'Observaciones:', NULL, NULL, NULL, 0, '2018-08-08 15:49:14', 4, 2078, 2),
(2187, 'Estado:', NULL, NULL, NULL, 0, '2018-08-08 15:50:23', 2, 2079, 1),
(2188, 'Observaciones:', NULL, NULL, NULL, 0, '2018-08-08 15:50:36', 4, 2079, 2),
(2189, 'Estado:', NULL, NULL, NULL, 0, '2018-08-08 15:59:20', 2, 2082, 1),
(2190, 'Observaciones:', NULL, NULL, NULL, 0, '2018-08-08 15:59:27', 4, 2082, 2),
(2191, 'Estado:', NULL, NULL, NULL, 0, '2018-08-08 16:05:49', 2, 2083, 1),
(2192, 'Observaciones:', NULL, NULL, NULL, 0, '2018-08-08 16:05:57', 4, 2083, 2),
(2193, 'Estado:', NULL, NULL, NULL, 0, '2018-08-08 16:06:25', 2, 2084, 1),
(2194, 'Observaciones:', NULL, NULL, NULL, 0, '2018-08-08 16:06:32', 4, 2084, 2),
(2195, 'Estado:', NULL, NULL, NULL, 0, '2018-08-08 16:07:19', 2, 2085, 1),
(2196, 'Observaciones:', NULL, NULL, NULL, 0, '2018-08-08 16:07:28', 4, 2085, 2),
(2197, 'Estado:', NULL, NULL, NULL, 0, '2018-08-08 16:08:08', 2, 2086, 1),
(2198, 'Observaciones:', NULL, NULL, NULL, 0, '2018-08-08 16:08:14', 4, 2086, 2),
(2199, 'Estado:', NULL, NULL, NULL, 0, '2018-08-08 16:09:08', 2, 2087, 1),
(2200, 'Observaciones:', NULL, NULL, NULL, 0, '2018-08-08 16:09:18', 4, 2087, 2),
(2201, 'Estado:', NULL, NULL, NULL, 0, '2018-08-08 16:09:54', 2, 2088, 1),
(2202, 'Observaciones:', NULL, NULL, NULL, 0, '2018-08-08 16:10:02', 4, 2088, 2),
(2203, 'Estado:', NULL, NULL, NULL, 0, '2018-08-08 16:15:34', 2, 2089, 1),
(2204, 'Observaciones:', NULL, NULL, NULL, 0, '2018-08-08 16:15:40', 4, 2089, 2),
(2205, 'Estado:', NULL, NULL, NULL, 0, '2018-08-08 16:18:07', 2, 2090, 1),
(2206, 'Observaciones:', NULL, NULL, NULL, 0, '2018-08-08 16:18:13', 4, 2090, 2),
(2207, 'Estado:', NULL, NULL, NULL, 0, '2018-08-08 16:22:37', 2, 2091, 1),
(2208, 'Observaciones:', NULL, NULL, NULL, 0, '2018-08-08 16:22:45', 4, 2091, 2),
(2209, 'Estado:', NULL, NULL, NULL, 0, '2018-08-08 16:59:53', 2, 2092, 1),
(2210, 'Observaciones:', NULL, NULL, NULL, 0, '2018-08-08 17:00:00', 4, 2092, 2),
(2211, 'Estado:', NULL, NULL, NULL, 0, '2018-08-08 17:00:40', 2, 2093, 1),
(2212, 'Observaciones:', NULL, NULL, NULL, 0, '2018-08-08 17:00:51', 4, 2093, 2),
(2213, 'Estado:', NULL, NULL, NULL, 0, '2018-08-08 17:07:39', 2, 2094, 1),
(2214, 'Observaciones:', NULL, NULL, NULL, 0, '2018-08-08 17:07:47', 4, 2094, 2),
(2215, 'Estado:', NULL, NULL, NULL, 0, '2018-08-08 17:09:00', 2, 2095, 1),
(2216, 'Estado:', NULL, NULL, NULL, 0, '2018-08-08 17:09:04', 2, 2096, 1),
(2217, 'Estado:', NULL, NULL, NULL, 0, '2018-08-08 17:09:10', 2, 2097, 1),
(2218, 'Estado:', NULL, NULL, NULL, 0, '2018-08-08 17:09:15', 2, 2098, 1),
(2219, 'Observaciones:', NULL, NULL, NULL, 0, '2018-08-08 17:09:27', 4, 2095, 2),
(2220, 'Observaciones:', NULL, NULL, NULL, 0, '2018-08-08 17:09:32', 4, 2096, 2),
(2221, 'Observaciones:', NULL, NULL, NULL, 0, '2018-08-08 17:09:37', 4, 2097, 2),
(2222, 'Observaciones:', NULL, NULL, NULL, 0, '2018-08-08 17:09:42', 4, 2098, 2),
(2223, 'Estado:', NULL, NULL, NULL, 0, '2018-08-08 17:42:02', 2, 2099, 1),
(2224, 'Observaciones:', NULL, NULL, NULL, 0, '2018-08-08 17:42:10', 4, 2099, 2),
(2225, 'Estado:', NULL, NULL, NULL, 0, '2018-08-08 17:45:29', 2, 2100, 1),
(2226, 'Observaciones:', NULL, NULL, NULL, 0, '2018-08-08 17:46:05', 4, 2100, 2),
(2227, 'Estado:', NULL, NULL, NULL, 0, '2018-08-08 17:46:32', 2, 2101, 1),
(2228, 'Observaciones:', NULL, NULL, NULL, 0, '2018-08-08 17:47:44', 4, 2101, 2),
(2229, 'Estado:', NULL, NULL, NULL, 0, '2018-08-08 17:48:10', 2, 2102, 1),
(2230, 'Observaciones:', NULL, NULL, NULL, 0, '2018-08-08 17:48:16', 4, 2102, 2),
(2231, 'Estado:', NULL, NULL, NULL, 0, '2018-08-08 18:00:10', 2, 2103, 1),
(2232, 'Observacion:', NULL, NULL, NULL, 0, '2018-08-08 18:00:22', 4, 2103, 2),
(2233, 'Estado:', NULL, NULL, NULL, 0, '2018-08-08 18:01:30', 2, 2104, 1),
(2234, 'Observaciones:', NULL, NULL, NULL, 0, '2018-08-08 18:01:43', 4, 2104, 2),
(2235, 'Estado:', NULL, NULL, NULL, 0, '2018-08-08 18:03:33', 2, 2105, 1),
(2236, 'Observaciones:', NULL, NULL, NULL, 0, '2018-08-08 18:03:49', 4, 2105, 2),
(2237, 'Estado:', NULL, NULL, NULL, 0, '2018-08-08 18:19:26', 2, 2106, 1),
(2238, 'Observaciones:', NULL, NULL, NULL, 0, '2018-08-08 18:19:39', 4, 2106, 2),
(2239, 'Estado:', NULL, NULL, NULL, 0, '2018-08-08 18:20:11', 2, 2107, 1),
(2240, 'Observaciones:', NULL, NULL, NULL, 0, '2018-08-08 18:20:19', 4, 2107, 2),
(2241, 'Estado:', NULL, NULL, NULL, 0, '2018-08-08 18:20:47', 2, 2108, 1),
(2242, 'Observaciones:', NULL, NULL, NULL, 0, '2018-08-08 18:20:58', 4, 2108, 2),
(2243, 'Estado:', NULL, NULL, NULL, 0, '2018-08-08 18:21:29', 2, 2109, 1),
(2244, 'Observaciones:', NULL, NULL, NULL, 0, '2018-08-08 18:21:36', 4, 2109, 2),
(2245, 'Estado:', NULL, NULL, NULL, 0, '2018-08-08 18:23:26', 2, 2110, 1),
(2246, 'Observaciones:', NULL, NULL, NULL, 0, '2018-08-08 18:23:32', 4, 2110, 2),
(2247, 'Estado:', NULL, NULL, NULL, 0, '2018-08-08 18:33:06', 2, 2111, 1),
(2248, 'Observaciones:', NULL, NULL, NULL, 0, '2018-08-08 18:33:24', 4, 2111, 2),
(2249, 'Estado:', NULL, NULL, NULL, 0, '2018-08-08 18:57:14', 2, 2112, 1),
(2250, 'Observaciones:', NULL, NULL, NULL, 0, '2018-08-08 18:57:29', 4, 2112, 2),
(2251, 'Estado:', NULL, NULL, NULL, 0, '2018-08-08 18:58:47', 2, 2113, 1),
(2252, 'Observaciones:', NULL, NULL, NULL, 0, '2018-08-08 18:59:07', 4, 2113, 2),
(2253, 'Estado:', NULL, NULL, NULL, 0, '2018-08-08 18:59:31', 2, 2114, 1),
(2254, 'Observaciones:', NULL, NULL, NULL, 0, '2018-08-08 18:59:37', 4, 2114, 2),
(2255, 'Estado:', NULL, NULL, NULL, 0, '2018-08-08 19:01:08', 2, 2115, 1),
(2256, 'Observaciones:', NULL, NULL, NULL, 0, '2018-08-08 19:01:18', 4, 2115, 2),
(2257, 'Estado:', NULL, NULL, NULL, 0, '2018-08-08 19:04:59', 2, 2116, 1),
(2258, 'Observaciones:', NULL, NULL, NULL, 0, '2018-08-08 19:05:06', 4, 2116, 2),
(2259, 'Estado:', NULL, NULL, NULL, 0, '2018-08-08 19:06:28', 2, 2117, 1),
(2260, 'Observaciones:', NULL, NULL, NULL, 0, '2018-08-08 19:06:35', 4, 2117, 2),
(2261, 'Estado:', NULL, NULL, NULL, 0, '2018-08-08 19:07:56', 2, 2118, 1),
(2262, 'Observaciones:', NULL, NULL, NULL, 0, '2018-08-08 19:10:14', 4, 2118, 2),
(2263, 'Estado:', NULL, NULL, NULL, 0, '2018-08-08 19:21:26', 2, 2119, 1),
(2264, 'Observaciones:', NULL, NULL, NULL, 0, '2018-08-08 19:21:46', 4, 2119, 2),
(2265, 'Estado:', NULL, NULL, NULL, 0, '2018-08-08 19:22:25', 2, 2120, 1),
(2266, 'Observaciones:', NULL, NULL, NULL, 0, '2018-08-08 19:22:41', 4, 2120, 2),
(2267, 'Estado:', NULL, NULL, NULL, 0, '2018-08-08 19:23:12', 2, 2121, 1),
(2268, 'Observaciones:', NULL, NULL, NULL, 0, '2018-08-08 19:23:18', 4, 2121, 2),
(2269, 'Estado:', NULL, NULL, NULL, 0, '2018-08-08 19:23:49', 2, 2122, 1),
(2270, 'Observaciones:', NULL, NULL, NULL, 0, '2018-08-08 19:24:03', 4, 2122, 2),
(2271, 'Estado:', NULL, NULL, NULL, 0, '2018-08-08 19:26:34', 2, 2124, 1),
(2272, 'Observaciones:', NULL, NULL, NULL, 0, '2018-08-08 19:26:41', 4, 2124, 2),
(2273, 'Estado:', NULL, NULL, NULL, 0, '2018-08-08 19:27:20', 2, 2125, 1),
(2274, 'Observaciones:', NULL, NULL, NULL, 0, '2018-08-08 19:27:29', 4, 2125, 2),
(2275, 'Estado:', NULL, NULL, NULL, 0, '2018-08-08 19:28:44', 2, 2126, 1),
(2276, 'Observaciones:', NULL, NULL, NULL, 0, '2018-08-08 19:28:53', 4, 2126, 2),
(2277, 'Estado:', NULL, NULL, NULL, 0, '2018-08-08 19:33:52', 2, 2127, 1),
(2278, 'Observaciones:', NULL, NULL, NULL, 0, '2018-08-08 19:34:13', 4, 2127, 2),
(2279, 'Estado:', NULL, NULL, NULL, 0, '2018-08-08 19:36:46', 2, 2128, 1),
(2280, 'Observaciones:', NULL, NULL, NULL, 0, '2018-08-08 19:37:10', 4, 2128, 2),
(2281, 'Estado:', NULL, NULL, NULL, 0, '2018-08-08 19:38:38', 2, 2129, 1),
(2282, 'Observaciones:', NULL, NULL, NULL, 0, '2018-08-08 19:38:50', 4, 2129, 2),
(2283, 'Estado:', NULL, NULL, NULL, 0, '2018-08-08 19:40:31', 2, 2131, 1),
(2284, 'Observaciones:', NULL, NULL, NULL, 0, '2018-08-08 19:40:40', 4, 2131, 2),
(2285, 'Estado:', NULL, NULL, NULL, 0, '2018-08-08 19:41:47', 2, 2132, 1),
(2286, 'Observaciones:', NULL, NULL, NULL, 0, '2018-08-08 19:41:56', 4, 2132, 2),
(2287, 'Estado:', NULL, NULL, NULL, 0, '2018-08-08 19:43:39', 2, 2133, 1),
(2288, 'Observaciones:', NULL, NULL, NULL, 0, '2018-08-08 19:43:53', 4, 2133, 2),
(2289, 'Estado:', NULL, NULL, NULL, 0, '2018-08-08 19:45:16', 2, 2134, 1),
(2290, 'Observaciones:', NULL, NULL, NULL, 0, '2018-08-08 19:45:33', 4, 2134, 2),
(2291, 'Estado:', NULL, NULL, NULL, 0, '2018-08-11 23:37:50', 2, 2135, 1),
(2292, 'Estado:', NULL, NULL, NULL, 0, '2018-08-11 23:37:54', 2, 2136, 1),
(2293, 'Estado:', NULL, NULL, NULL, 0, '2018-08-11 23:37:58', 2, 2137, 1),
(2294, 'Estado:', NULL, NULL, NULL, 0, '2018-08-11 23:38:03', 2, 2138, 1),
(2295, 'Estado:', NULL, NULL, NULL, 0, '2018-08-11 23:38:09', 2, 2139, 1),
(2296, 'Estado:', NULL, NULL, NULL, 0, '2018-08-11 23:38:14', 2, 2140, 1),
(2297, 'Estado:', NULL, NULL, NULL, 0, '2018-08-11 23:38:18', 2, 2141, 1),
(2298, 'Observaciones:', NULL, NULL, NULL, 0, '2018-08-11 23:39:46', 4, 2135, 2),
(2299, 'Observaciones:', NULL, NULL, NULL, 0, '2018-08-11 23:39:51', 4, 2136, 2),
(2300, 'Observaciones:', NULL, NULL, NULL, 0, '2018-08-11 23:39:56', 4, 2137, 2),
(2301, 'Observaciones:', NULL, NULL, NULL, 0, '2018-08-11 23:40:00', 4, 2138, 2),
(2302, 'Observaciones:', NULL, NULL, NULL, 0, '2018-08-11 23:40:06', 4, 2139, 2),
(2303, 'Observaciones:', NULL, NULL, NULL, 0, '2018-08-11 23:40:19', 4, 2140, 2),
(2304, 'Observaciones:', NULL, NULL, NULL, 0, '2018-08-11 23:40:23', 4, 2141, 2),
(2306, 'Print de pantalla al 100%:', NULL, NULL, NULL, 0, '2018-08-13 03:02:12', 4, 2143, 1),
(2308, 'Filmar una prueba desde arranque hasta apagado:', NULL, NULL, NULL, 0, '2018-08-13 03:04:43', 4, 2143, 2),
(2309, 'Estado:', NULL, NULL, NULL, 0, '2018-08-13 03:10:56', 2, 2144, 1),
(2310, 'Estado:', NULL, NULL, NULL, 0, '2018-08-13 03:11:01', 2, 2145, 1),
(2311, 'Estado:', NULL, NULL, NULL, 0, '2018-08-13 03:11:05', 2, 2146, 1),
(2313, 'Estado:', NULL, NULL, NULL, 0, '2018-08-13 03:11:18', 2, 2147, 1),
(2314, 'Estado:', NULL, NULL, NULL, 0, '2018-08-13 03:11:23', 2, 2148, 1),
(2315, 'Estado:', NULL, NULL, NULL, 0, '2018-08-13 03:11:48', 2, 2149, 1),
(2316, 'Estado:', NULL, NULL, NULL, 0, '2018-08-13 03:11:53', 2, 2150, 1),
(2317, 'Observaciones:', NULL, NULL, NULL, 0, '2018-08-13 03:12:09', 4, 2144, 2),
(2318, 'Observaciones:', NULL, NULL, NULL, 0, '2018-08-13 03:12:15', 4, 2145, 2),
(2319, 'Observaciones:', NULL, NULL, NULL, 0, '2018-08-13 03:12:21', 4, 2146, 2),
(2320, 'Observaciones:', NULL, NULL, NULL, 0, '2018-08-13 03:12:26', 4, 2147, 2),
(2321, 'Observaciones:', NULL, NULL, NULL, 0, '2018-08-13 03:12:31', 4, 2148, 2),
(2322, 'Observaciones:', NULL, NULL, NULL, 0, '2018-08-13 03:12:36', 4, 2149, 2),
(2323, 'Observaciones:', NULL, NULL, NULL, 0, '2018-08-13 03:12:41', 4, 2150, 2),
(2324, 'Estado:', NULL, NULL, NULL, 0, '2018-08-13 03:19:46', 2, 2151, 1),
(2325, 'Estado:', NULL, NULL, NULL, 0, '2018-08-13 03:19:50', 2, 2152, 1),
(2326, 'Estado:', NULL, NULL, NULL, 0, '2018-08-13 03:19:56', 2, 2153, 1),
(2327, 'Estado:', NULL, NULL, NULL, 0, '2018-08-13 03:20:01', 2, 2154, 1),
(2328, 'Estado:', NULL, NULL, NULL, 0, '2018-08-13 03:20:05', 2, 2155, 1),
(2329, 'Estado:', NULL, NULL, NULL, 0, '2018-08-13 03:20:10', 2, 2156, 1),
(2330, 'Observaciones:', NULL, NULL, NULL, 0, '2018-08-13 03:22:15', 4, 2151, 2),
(2331, 'Observaciones:', NULL, NULL, NULL, 0, '2018-08-13 03:22:22', 4, 2152, 2),
(2332, 'Observaciones:', NULL, NULL, NULL, 0, '2018-08-13 03:22:30', 4, 2153, 2),
(2333, 'Observaciones:', NULL, NULL, NULL, 0, '2018-08-13 03:22:37', 4, 2154, 2),
(2334, 'Observaciones:', NULL, NULL, NULL, 0, '2018-08-13 03:22:45', 4, 2155, 2),
(2335, 'Observaciones:', NULL, NULL, NULL, 0, '2018-08-13 03:22:51', 4, 2156, 2),
(2336, 'Estado:', NULL, NULL, NULL, 0, '2018-08-13 03:26:51', 2, 2157, 1),
(2337, 'Estado:', NULL, NULL, NULL, 0, '2018-08-13 03:26:56', 2, 2158, 1),
(2338, 'Estado:', NULL, NULL, NULL, 0, '2018-08-13 03:27:00', 2, 2159, 1),
(2339, 'Estado:', NULL, NULL, NULL, 0, '2018-08-13 03:27:07', 2, 2160, 1),
(2340, 'Estado:', NULL, NULL, NULL, 0, '2018-08-13 03:27:13', 2, 2161, 1),
(2341, 'Estado:', NULL, NULL, NULL, 0, '2018-08-13 03:27:18', 2, 2162, 1),
(2342, 'Estado:', NULL, NULL, NULL, 0, '2018-08-13 03:27:26', 2, 2163, 1),
(2343, 'Estado:', NULL, NULL, NULL, 0, '2018-08-13 03:27:31', 2, 2164, 1),
(2344, 'Estado:', NULL, NULL, NULL, 0, '2018-08-13 03:27:36', 2, 2165, 1),
(2345, 'Observaciones:', NULL, NULL, NULL, 0, '2018-08-13 03:31:52', 4, 2157, 2),
(2346, 'Observaciones:', NULL, NULL, NULL, 0, '2018-08-13 03:31:57', 4, 2158, 2),
(2347, 'Observaciones:', NULL, NULL, NULL, 0, '2018-08-13 03:32:03', 4, 2159, 2),
(2348, 'Observaciones:', NULL, NULL, NULL, 0, '2018-08-13 03:32:08', 4, 2160, 2),
(2349, 'Observaciones:', NULL, NULL, NULL, 0, '2018-08-13 03:32:12', 4, 2161, 2),
(2350, 'Observaciones:', NULL, NULL, NULL, 0, '2018-08-13 03:32:16', 4, 2162, 2),
(2351, 'Observaciones:', NULL, NULL, NULL, 0, '2018-08-13 03:32:23', 4, 2163, 2),
(2352, 'Observaciones:', NULL, NULL, NULL, 0, '2018-08-13 03:32:27', 4, 2164, 2),
(2353, 'Observaciones:', NULL, NULL, NULL, 0, '2018-08-13 03:32:31', 4, 2165, 2),
(2354, 'Observaciones:', NULL, NULL, NULL, 0, '2018-08-13 03:33:57', 4, 2166, 1),
(2355, 'Observaciones:', NULL, NULL, NULL, 0, '2018-08-13 03:34:27', 4, 2167, 1),
(2500, '850-LAVADO DE MOTOR DE 4 CILINDRO', NULL, NULL, NULL, 0, '2018-08-23 14:42:19', 3, 2500, 1),
(2501, 'CANTIDAD:', NULL, NULL, NULL, 0, '2018-08-23 14:42:30', 1, 2500, 2),
(2502, '860-LAVADO DE MOTOR DE 5 CILINDRO', NULL, NULL, NULL, 0, '2018-08-23 14:42:59', 3, 2500, 3),
(2503, 'CANTIDAD:', NULL, NULL, NULL, 0, '2018-08-23 14:43:11', 1, 2500, 4),
(2504, '870-LAVADO DE MOTOR DE 6 CILINDRO', NULL, NULL, NULL, 0, '2018-08-23 14:44:03', 3, 2500, 5),
(2505, 'CANTIDAD:', NULL, NULL, NULL, 0, '2018-08-23 14:44:21', 1, 2500, 6),
(2506, '880-LAVADO DE MOTOR DE 8 CILINDRO', NULL, NULL, NULL, 0, '2018-08-23 14:44:40', 3, 2500, 7),
(2507, 'CANTIDAD:', NULL, NULL, NULL, 0, '2018-08-23 14:44:45', 1, 2500, 8),
(2508, '881-LAVADO DE MOTOR DE 12 CILINDRO', NULL, NULL, NULL, 0, '2018-08-23 14:45:22', 3, 2500, 9),
(2509, 'CANTIDAD:', NULL, NULL, NULL, 0, '2018-08-23 14:45:33', 1, 2500, 10),
(2510, '10-RECTIFICAR Y BRUÑIR CILINDROS', NULL, NULL, NULL, 0, '2018-08-23 14:46:04', 3, 2501, 1),
(2511, 'CANTIDAD:', NULL, NULL, NULL, 0, '2018-08-23 14:46:10', 1, 2501, 2),
(2512, '20-BRUÑIR CILINDROS', NULL, NULL, NULL, 0, '2018-08-23 14:46:32', 3, 2501, 3),
(2513, 'CANTIDAD:', NULL, NULL, NULL, 0, '2018-08-23 14:46:41', 1, 2501, 4),
(2514, '30-ENCAMISAR RECT. Y BRUÑIR CILINDROS', NULL, NULL, NULL, 0, '2018-08-23 14:49:36', 3, 2501, 5),
(2515, 'CANTIDAD:', NULL, NULL, NULL, 0, '2018-08-23 14:49:46', 1, 2501, 6),
(2516, '100-SACAR, COLOCAR Y CONTROLAR CAMISAS', NULL, NULL, NULL, 0, '2018-08-23 14:50:03', 3, 2501, 7),
(2517, 'CANTIDAD:', NULL, NULL, NULL, 0, '2018-08-23 14:50:22', 1, 2501, 8),
(2518, '108-BRUÑIR ALOJAMIENTO DE CAMISAS', NULL, NULL, NULL, 0, '2018-08-23 14:50:59', 3, 2501, 9),
(2519, 'CANTIDAD:', NULL, NULL, NULL, 0, '2018-08-23 14:51:05', 1, 2501, 10),
(2520, '110-CONTROLAR Y/O DAR ALTURA A CAMISA', NULL, NULL, NULL, 0, '2018-08-23 14:51:29', 3, 2501, 11),
(2521, 'CANTIDAD:', NULL, NULL, NULL, 0, '2018-08-23 14:51:35', 1, 2501, 12),
(2522, '112-DAR ALTURA A CAMISAS (P/ESP. NOCIVO)', NULL, NULL, NULL, 0, '2018-08-23 14:51:58', 3, 2501, 13),
(2523, 'CANTIDAD:', NULL, NULL, NULL, 0, '2018-08-23 14:52:09', 1, 2501, 14),
(2524, '120-CONTROLAR Y/O DAR ALTURA A PISTONES', NULL, NULL, NULL, 0, '2018-08-23 14:52:33', 3, 2501, 15),
(2525, 'CANTIDAD:', NULL, NULL, NULL, 0, '2018-08-23 14:52:39', 1, 2501, 16),
(2526, '130-ENCAMISAR CILINDROS ?SIN RECTIFICAR?', NULL, NULL, NULL, 0, '2018-08-23 14:52:53', 3, 2501, 17),
(2527, 'CANTIDAD:', NULL, NULL, NULL, 0, '2018-08-23 14:52:59', 1, 2501, 18),
(2528, '140-REACONDICIONA ALOJAMIENTO DE CAMISAS', NULL, NULL, NULL, 0, '2018-08-23 14:53:12', 3, 2501, 19),
(2529, 'CANTIDAD:', NULL, NULL, NULL, 0, '2018-08-23 14:53:16', 1, 2501, 20),
(2530, '142-REACONDICIONAR ALOJ. RELLENADO DE CAMISAS', NULL, NULL, NULL, 0, '2018-08-23 14:53:30', 3, 2501, 21),
(2531, 'CANTIDAD:', NULL, NULL, NULL, 0, '2018-08-23 14:53:37', 1, 2501, 22),
(2532, '1300-RECONSTRUIR MUÑON DE LA BIELA', NULL, NULL, NULL, 0, '2018-08-23 15:05:40', 3, 2502, 1),
(2533, 'CANTIDAD:', NULL, NULL, NULL, 0, '2018-08-23 15:05:45', 1, 2502, 2),
(2534, '1310-RECONSTRUIR INTERIOR DE BIELA', NULL, NULL, NULL, 0, '2018-08-23 15:06:10', 3, 2502, 3),
(2535, 'CANTIDAD:', NULL, NULL, NULL, 0, '2018-08-23 15:06:15', 1, 2502, 4),
(2536, '1320-CAMBIAR Y ALESAR BUJES DE BIELA', NULL, NULL, NULL, 0, '2018-08-23 15:07:37', 3, 2502, 5),
(2537, 'CANTIDAD:', NULL, NULL, NULL, 0, '2018-08-23 15:07:44', 1, 2502, 6),
(2538, '1330-AJUSTAR PERNO DE BIELA', NULL, NULL, NULL, 0, '2018-08-23 15:08:02', 3, 2502, 7),
(2539, 'CANTIDAD:', NULL, NULL, NULL, 0, '2018-08-23 15:08:08', 1, 2502, 8),
(2540, '1340-ENCAMISAR CILINDRO', NULL, NULL, NULL, 0, '2018-08-23 15:08:44', 3, 2502, 9),
(2541, 'CANTIDAD:', NULL, NULL, NULL, 0, '2018-08-23 15:08:51', 1, 2502, 10),
(2542, '1350-BRUÑIR CILINDRO', NULL, NULL, NULL, 0, '2018-08-23 15:09:17', 3, 2502, 11),
(2543, 'CANTIDAD:', NULL, NULL, NULL, 0, '2018-08-23 15:09:22', 1, 2502, 12),
(2544, '1360-AJUSTAR COJINETE DE BIELA', NULL, NULL, NULL, 0, '2018-08-23 15:09:33', 3, 2502, 13),
(2545, 'CANTIDAD:', NULL, NULL, NULL, 0, '2018-08-23 15:09:43', 1, 2502, 14),
(2546, '2041-REPARACION BASE DE COMPRESOR', NULL, NULL, NULL, 0, '2018-08-23 15:10:03', 3, 2502, 15),
(2547, 'CANTIDAD:', NULL, NULL, NULL, 0, '2018-08-23 15:10:12', 1, 2502, 16),
(2548, '970-CONTROLAR BOMBA DE ACEITE', NULL, NULL, NULL, 0, '2018-08-23 15:10:42', 3, 2503, 1),
(2549, 'CANTIDAD:', NULL, NULL, NULL, 0, '2018-08-23 15:10:50', 1, 2503, 2),
(2550, '980-REPARAR BOMBA DE ACEITE', NULL, NULL, NULL, 0, '2018-08-23 15:11:23', 3, 2503, 3),
(2551, 'CANTIDAD:', NULL, NULL, NULL, 0, '2018-08-23 15:11:28', 1, 2503, 4),
(2552, '990-RECTIFICAR BALANCINES', NULL, NULL, NULL, 0, '2018-08-23 15:11:41', 3, 2503, 5),
(2553, 'CANTIDAD:', NULL, NULL, NULL, 0, '2018-08-23 15:11:52', 1, 2503, 6),
(2554, '991-RECTIFICAR BOTADORES', NULL, NULL, NULL, 0, '2018-08-23 15:12:05', 3, 2503, 7),
(2555, 'CANTIDAD', NULL, NULL, NULL, 0, '2018-08-23 15:12:13', 1, 2503, 8),
(2556, '992-CAMBIAR BUJES DE BALANCINES Y ALESAR', NULL, NULL, NULL, 0, '2018-08-23 15:12:25', 3, 2503, 9),
(2557, 'CANTIDAD:', NULL, NULL, NULL, 0, '2018-08-23 15:12:31', 1, 2503, 10),
(2558, '2033-SOLDAR BLOCK', NULL, NULL, NULL, 0, '2018-08-23 15:26:53', 3, 2504, 1),
(2559, 'CANTIDAD:', NULL, NULL, NULL, 0, '2018-08-23 15:27:03', 1, 2504, 2),
(2560, '2034-SOLDAR TAPA DE CILINDRO', NULL, NULL, NULL, 0, '2018-08-23 15:27:50', 3, 2504, 3),
(2561, 'CANTIDAD', NULL, NULL, NULL, 0, '2018-08-23 15:27:55', 1, 2504, 4),
(2562, '2035-SOLDAR Y RELLENAR TAPA CON ALUMINIO', NULL, NULL, NULL, 0, '2018-08-23 15:32:20', 3, 2504, 5),
(2563, 'CANTIDAD:', NULL, NULL, NULL, 0, '2018-08-23 15:32:29', 1, 2504, 6),
(2564, '2036-RELLENAR BANCADA DE BLOCK', NULL, NULL, NULL, 0, '2018-08-23 15:32:45', 3, 2504, 7),
(2565, 'CANTIDAD:', NULL, NULL, NULL, 0, '2018-08-23 15:32:50', 1, 2504, 8),
(2566, '2037-SOLDAR BLOCK C/SOLDADURA ELECTRICA', NULL, NULL, NULL, 0, '2018-08-23 15:33:06', 3, 2504, 9),
(2567, 'CANTIDAD:', NULL, NULL, NULL, 0, '2018-08-23 15:33:12', 1, 2504, 10),
(2568, '748-LAVADO DE TAPA DE CILINDRO', NULL, NULL, NULL, 0, '2018-08-23 15:35:51', 3, 2505, 1),
(2569, 'CANTIDAD:', NULL, NULL, NULL, 0, '2018-08-23 15:35:58', 1, 2505, 2),
(2570, '750-GRANALLADO DE TAPA DE CILINDRO', NULL, NULL, NULL, 0, '2018-08-23 15:36:12', 3, 2505, 3),
(2571, 'CANTIDAD:', NULL, NULL, NULL, 0, '2018-08-23 15:36:20', 1, 2505, 4),
(2572, '600-RECTIFICAR VALVULAS', NULL, NULL, NULL, 0, '2018-08-23 15:36:31', 3, 2505, 5),
(2573, 'CANTIDAD:', NULL, NULL, NULL, 0, '2018-08-23 15:36:38', 1, 2505, 6),
(2574, '610-RECTIFICAR ASIENTOS DE VALVULAS', NULL, NULL, NULL, 0, '2018-08-23 15:36:56', 3, 2505, 7),
(2575, 'CANTIDAD:', NULL, NULL, NULL, 0, '2018-08-23 15:37:04', 1, 2505, 8),
(2576, '620-ENCASQUILLAR Y RECTIF. ASIENTOS DE VALV.', NULL, NULL, NULL, 0, '2018-08-23 15:37:17', 3, 2505, 9),
(2577, 'CANTIDAD:', NULL, NULL, NULL, 0, '2018-08-23 15:37:23', 1, 2505, 10),
(2578, '630-ENCASQUILLAR ASIENTOS DE VALV. (S/RECTIF)', NULL, NULL, NULL, 0, '2018-08-23 15:37:48', 3, 2505, 11),
(2579, 'CANTIDAD:', NULL, NULL, NULL, 0, '2018-08-23 15:37:53', 1, 2505, 12),
(2580, '640-REPOSICION DE GUIAS DE VALVULAS', NULL, NULL, NULL, 0, '2018-08-23 15:38:06', 3, 2505, 13),
(2581, 'CANTIDAD:', NULL, NULL, NULL, 0, '2018-08-23 15:38:14', 1, 2505, 14),
(2582, '650-ENTUBAR GUIAS DE VALVULAS', NULL, NULL, NULL, 0, '2018-08-23 15:38:25', 3, 2505, 15),
(2583, 'CANTIDAD:', NULL, NULL, NULL, 0, '2018-08-23 15:38:31', 1, 2505, 16),
(2584, '660-AJUSTAR VASTAGOS DE VALVULAS A GUIAS', NULL, NULL, NULL, 0, '2018-08-23 15:38:44', 3, 2505, 17),
(2585, 'CANTIDAD:', NULL, NULL, NULL, 0, '2018-08-23 15:38:49', 1, 2505, 18),
(2586, '670-ADAPTAR GUIAS DE VALVULAS', NULL, NULL, NULL, 0, '2018-08-23 15:40:48', 3, 2505, 19),
(2587, 'CANTIDAD:', NULL, NULL, NULL, 0, '2018-08-23 15:40:53', 1, 2505, 20),
(2588, '680-MAQUINAR GUIAS PARA ADAPTAR RETENES', NULL, NULL, NULL, 0, '2018-08-23 15:55:10', 3, 2505, 21),
(2589, 'CANTIDAD:', NULL, NULL, NULL, 0, '2018-08-23 15:55:20', 1, 2505, 22),
(2590, '681-SACAR CONTROLAR Y COLOCAR PRECAMARAS', NULL, NULL, NULL, 0, '2018-08-23 15:55:38', 3, 2505, 23),
(2591, 'CANTIDAD:', NULL, NULL, NULL, 0, '2018-08-23 15:55:44', 1, 2505, 24),
(2592, '682-RECONSTRUIR ASIENTOS DE PRECAMARAS', NULL, NULL, NULL, 0, '2018-08-23 15:56:19', 3, 2505, 25),
(2593, 'CANTIDAD:', NULL, NULL, NULL, 0, '2018-08-23 15:56:43', 1, 2505, 26),
(2594, '683-SACAR CONTROLAR Y COLO, CAMISAS INYEC', NULL, NULL, NULL, 0, '2018-08-23 16:01:50', 3, 2505, 27),
(2595, 'CANTIDAD:', NULL, NULL, NULL, 0, '2018-08-23 16:02:00', 1, 2505, 28),
(2596, '684-RECTIFICAR VALVULAS TOP BRAKE', NULL, NULL, NULL, 0, '2018-08-23 16:02:24', 3, 2505, 29),
(2597, 'CANTIDAD:', NULL, NULL, NULL, 0, '2018-08-23 16:02:31', 1, 2505, 30),
(2598, '685-RECTIFICAR ASIENTOS DE TOP BRAKE', NULL, NULL, NULL, 0, '2018-08-23 16:02:52', 3, 2505, 31),
(2599, 'CANTIDAD:', NULL, NULL, NULL, 0, '2018-08-23 16:02:58', 1, 2505, 32),
(2600, '745-HACER RANURAS DE PARALLAMAS', NULL, NULL, NULL, 0, '2018-08-23 16:03:16', 3, 2505, 33),
(2601, 'CANTIDAD:', NULL, NULL, NULL, 0, '2018-08-23 16:03:23', 1, 2505, 34),
(2602, '780-ARMAR/REGULAR TAPA C/PLATILLOS 2 CIL.', NULL, NULL, NULL, 0, '2018-08-23 16:03:36', 3, 2505, 35),
(2603, 'CANTIDAD:', NULL, NULL, NULL, 0, '2018-08-23 16:03:40', 1, 2505, 36),
(2604, '782-ARMAR/REGULAR TAPA C/PLATILLOS 3 CIL.', NULL, NULL, NULL, 0, '2018-08-23 16:03:53', 3, 2505, 37),
(2605, 'CANTIDAD:', NULL, NULL, NULL, 0, '2018-08-23 16:04:00', 1, 2505, 38),
(2606, '784-ARMAR/REGULAR TAPA C/PLATILLOS 4 CIL.', NULL, NULL, NULL, 0, '2018-08-23 16:04:22', 3, 2505, 39),
(2607, 'CANTIDAD:', NULL, NULL, NULL, 0, '2018-08-23 16:04:28', 1, 2505, 40),
(2608, '790-ARMAR/REGULAR TAPA C/PLATILLOS 5 CIL.', NULL, NULL, NULL, 0, '2018-08-23 16:04:40', 3, 2505, 41),
(2609, 'CANTIDAD:', NULL, NULL, NULL, 0, '2018-08-23 16:04:47', 1, 2505, 42),
(2610, '792-ARMAR/REGULAR TAPA C/PLATILLOS 6 CIL', NULL, NULL, NULL, 0, '2018-08-23 16:05:02', 3, 2505, 43),
(2611, 'CANTIDAD:', NULL, NULL, NULL, 0, '2018-08-23 16:05:08', 1, 2505, 44),
(2612, '794-ARMAR/REGULAR TAPA C/BOTADORES HIDRAU.', NULL, NULL, NULL, 0, '2018-08-23 16:05:33', 3, 2505, 45),
(2613, 'CANTIDAD:', NULL, NULL, NULL, 0, '2018-08-23 16:05:39', 1, 2505, 46),
(2614, '190-PRESENTAR COJINETES DE BANCADA', NULL, NULL, NULL, 0, '2018-08-23 16:06:46', 3, 2506, 1),
(2615, 'CANTIDAD:', NULL, NULL, NULL, 0, '2018-08-23 16:06:52', 1, 2506, 2),
(2616, '210-ALESAR Y PRESENTAR COJ. DE BANCADA', NULL, NULL, NULL, 0, '2018-08-23 16:07:09', 3, 2506, 3),
(2617, 'CANTIDAD:', NULL, NULL, NULL, 0, '2018-08-23 16:07:17', 1, 2506, 4),
(2618, '220-REACONDICIONA ALOJ. DE COJ.DE BANCADA', NULL, NULL, NULL, 0, '2018-08-26 22:39:12', 3, 2506, 5),
(2619, 'CANTIDAD:', NULL, NULL, NULL, 0, '2018-08-26 22:39:19', 1, 2506, 6),
(2620, '480-ALESAR BANCADA RETEN DE BLOCK', NULL, NULL, NULL, 0, '2018-08-26 22:39:36', 3, 2506, 7),
(2621, 'CANTIDAD:', NULL, NULL, NULL, 0, '2018-08-26 22:39:45', 1, 2506, 8),
(2622, '500-ALESAR Y AJUSTAR COJ.ARBOL LEVAS', NULL, NULL, NULL, 0, '2018-08-26 22:40:31', 3, 2506, 9),
(2623, 'CANTIDAD:', NULL, NULL, NULL, 0, '2018-08-26 22:40:40', 1, 2506, 10),
(2624, '501-ALESAR ALOJ. P/ADAPTAR ARBOL LEVAS', NULL, NULL, NULL, 0, '2018-08-26 22:40:54', 3, 2506, 11),
(2625, 'CANTIDAD:', NULL, NULL, NULL, 0, '2018-08-26 22:41:02', 1, 2506, 12),
(2626, '510-ALESAR ALOJ. ARBOL LEVA P/ADAPTAR COJINETES', NULL, NULL, NULL, 0, '2018-08-26 22:43:04', 3, 2506, 13),
(2627, 'CANTIDAD:', NULL, NULL, NULL, 0, '2018-08-26 22:43:10', 1, 2506, 14),
(2628, '560-RECTIFICAR APOYOS DE EJE DE MANO/BALAN.', NULL, NULL, NULL, 0, '2018-08-26 22:44:55', 3, 2506, 15),
(2629, 'CANTIDAD:', NULL, NULL, NULL, 0, '2018-08-26 22:45:01', 1, 2506, 16),
(2630, '570-ALESAR Y AJUSTAR COJ.EJE MAND/BALANC.', NULL, NULL, NULL, 0, '2018-08-26 22:46:50', 3, 2506, 17),
(2631, 'CANTIDAD:', NULL, NULL, NULL, 0, '2018-08-26 22:46:56', 1, 2506, 18),
(2632, '580-ALESAR ALOJ. EJE MAN/BALANC.P/ADAP COJ', NULL, NULL, NULL, 0, '2018-08-26 22:51:34', 3, 2506, 19),
(2633, 'CANTIDAD:', NULL, NULL, NULL, 0, '2018-08-26 22:51:46', 1, 2506, 20);
INSERT INTO `frm_valores` (`VALO_ID`, `NOMBRE`, `PISTA`, `LONGITUD`, `VALOR_DEFECTO`, `OBLIGATORIO`, `FEC_CREACION`, `TIDA_ID`, `GRUP_ID`, `ORDEN`) VALUES
(2634, '40-AJUSTAR PERNO Y ARMAR BIELA', NULL, NULL, NULL, 0, '2018-08-26 23:11:47', 3, 2507, 1),
(2635, 'CANTIDAD:', NULL, NULL, NULL, 0, '2018-08-26 23:11:54', 1, 2507, 2),
(2636, '50-CAMBIAR BUJAS DE BIELA Y ALESAR', NULL, NULL, NULL, 0, '2018-08-26 23:14:02', 3, 2507, 3),
(2637, 'CANTIDAD:', NULL, NULL, NULL, 0, '2018-08-26 23:14:08', 1, 2507, 4),
(2638, '60-ARMAR BIELAS CON PERNOS A PRESION', NULL, NULL, NULL, 0, '2018-08-26 23:14:26', 3, 2507, 5),
(2639, 'CANTIDAD:', NULL, NULL, NULL, 0, '2018-08-26 23:14:31', 1, 2507, 6),
(2641, '70-BRUÑIR ALOJAMIENTO DE PISTON', NULL, NULL, NULL, 0, '2018-08-26 23:15:08', 3, 2507, 7),
(2642, 'CANTIDAD:', NULL, NULL, NULL, 0, '2018-08-26 23:15:15', 1, 2507, 8),
(2643, '80-REACONDICIONAR OJO DE BIELA', NULL, NULL, NULL, 0, '2018-08-26 23:15:28', 3, 2507, 9),
(2644, 'CANTIDAD:', NULL, NULL, NULL, 0, '2018-08-26 23:15:35', 1, 2507, 10),
(2645, '160-RECTIFICAR INTERIOR DE BIELA DE MOTOR', NULL, NULL, NULL, 0, '2018-08-26 23:17:20', 3, 2507, 11),
(2646, 'CANTIDAD:', NULL, NULL, NULL, 0, '2018-08-26 23:17:25', 1, 2507, 12),
(2647, '170-RECTIFICAR INTERIOR DE BIELA DENTADA', NULL, NULL, NULL, 0, '2018-08-26 23:17:39', 3, 2507, 13),
(2648, 'CANTIDAD:', NULL, NULL, NULL, 0, '2018-08-26 23:17:46', 1, 2507, 14),
(2649, '180-PRESENTAR Y AJUSTAR COJINETES DE BIELAS', NULL, NULL, NULL, 0, '2018-08-26 23:17:59', 3, 2507, 15),
(2650, 'CANTIDAD:', NULL, NULL, NULL, 0, '2018-08-26 23:18:09', 1, 2507, 16),
(2651, '200-ALESAR Y PRESENTAR COJINETES DE BIELAS', NULL, NULL, NULL, 0, '2018-08-26 23:18:20', 3, 2507, 17),
(2652, 'CANTIDAD:', NULL, NULL, NULL, 0, '2018-08-26 23:18:25', 1, 2507, 18),
(2653, '800-PRUEBA HIDRAULICA A TAPA DE 1 CIL.', NULL, NULL, NULL, 0, '2018-08-27 00:41:09', 3, 2508, 1),
(2654, 'CANTIDAD:', NULL, NULL, NULL, 0, '2018-08-27 00:41:37', 1, 2508, 2),
(2655, '802-PRUEBA HIDRAULICA A TAPA DE 2 CIL.', NULL, NULL, NULL, 0, '2018-08-27 00:55:06', 3, 2508, 3),
(2656, 'CANTIDAD:', NULL, NULL, NULL, 0, '2018-08-27 00:55:12', 1, 2508, 4),
(2657, '804-PRUEBA HIDRAULICA A TAPA DE 3 CIL.', NULL, NULL, NULL, 0, '2018-08-27 00:55:30', 3, 2508, 5),
(2658, 'CANTIDAD:', NULL, NULL, NULL, 0, '2018-08-27 00:55:41', 1, 2508, 6),
(2659, '806-PRUEBA HIDRAULICA A TAPA DE 4 CIL.', NULL, NULL, NULL, 0, '2018-08-27 00:55:57', 3, 2508, 7),
(2660, 'CANTIDAD:', NULL, NULL, NULL, 0, '2018-08-27 00:56:03', 1, 2508, 8),
(2661, '810-PRUEBA HIDRAULICA A TAPA DE 5 CIL', NULL, NULL, NULL, 0, '2018-08-27 00:56:18', 3, 2508, 9),
(2662, 'CANTIDAD:', NULL, NULL, NULL, 0, '2018-08-27 00:56:27', 1, 2508, 10),
(2663, '812-PRUEBA HIDRAULICA A TAPA DE 6 CIL.', NULL, NULL, NULL, 0, '2018-08-27 00:57:52', 3, 2508, 11),
(2664, 'CANTIDAD:', NULL, NULL, NULL, 0, '2018-08-27 00:57:59', 1, 2508, 12),
(2665, '2100-REALIZAR PRUEBA AFTERCOOLER', NULL, NULL, NULL, 0, '2018-08-27 00:58:21', 3, 2508, 13),
(2666, 'CANTIDAD:', NULL, NULL, NULL, 0, '2018-08-27 00:58:26', 1, 2508, 14),
(2667, '2101-REALIZAR PRUEBA TUBO ENFRIADORES', NULL, NULL, NULL, 0, '2018-08-27 00:58:44', 3, 2508, 15),
(2668, 'CANTIDAD:', NULL, NULL, NULL, 0, '2018-08-27 00:58:57', 1, 2508, 16),
(2669, '150-RECTIFICAR CUELLO DE CIGUEÑAL', NULL, NULL, NULL, 0, '2018-08-27 00:59:31', 3, 2509, 1),
(2670, 'CANTIDAD:', NULL, NULL, NULL, 0, '2018-08-27 01:00:17', 1, 2509, 2),
(2671, '152-PULIR CUELLO DE CIGUEÑAL', NULL, NULL, NULL, 0, '2018-08-27 01:01:01', 3, 2509, 3),
(2672, 'CANTIDAD:', NULL, NULL, NULL, 0, '2018-08-27 01:01:06', 1, 2509, 4),
(2673, '230-CONTROL DE DETECTOR DE FISURA 2 CIL', NULL, NULL, NULL, 0, '2018-08-27 01:01:17', 3, 2509, 5),
(2674, 'CANTIDAD:', NULL, NULL, NULL, 0, '2018-08-27 01:01:23', 1, 2509, 6),
(2675, '240-CONTROL DE DETECTOR DE FISURA 3 CIL', NULL, NULL, NULL, 0, '2018-08-27 01:01:39', 3, 2509, 7),
(2676, 'CANTIDAD:', NULL, NULL, NULL, 0, '2018-08-27 01:01:50', 1, 2509, 8),
(2679, '250-CONTROL DE DETECTOR DE FISURA 4 CIL', NULL, NULL, NULL, 0, '2018-08-27 01:02:25', 3, 2509, 9),
(2680, 'CANTIDAD:', NULL, NULL, NULL, 0, '2018-08-27 01:02:31', 1, 2509, 10),
(2681, '260-CONTROL DE DETECTOR DE FISURA 5 CIL', NULL, NULL, NULL, 0, '2018-08-27 01:02:42', 3, 2509, 11),
(2682, 'CANTIDAD:', NULL, NULL, NULL, 0, '2018-08-27 01:02:46', 1, 2509, 12),
(2683, '270-CONTROL DE DETECTOR DE FISURA 6 CIL', NULL, NULL, NULL, 0, '2018-08-27 01:03:01', 3, 2509, 13),
(2684, 'CANTIDAD:', NULL, NULL, NULL, 0, '2018-08-27 01:03:07', 1, 2509, 14),
(2685, '280-CONTROL DE DETECTOR DE FISURA 8 CIL', NULL, NULL, NULL, 0, '2018-08-27 01:03:27', 3, 2509, 15),
(2686, 'CANTIDAD:', NULL, NULL, NULL, 0, '2018-08-27 01:03:32', 1, 2509, 16),
(2687, '689-RECONST SUPERFICIE DE TAPA DE VALVULA', NULL, NULL, NULL, 0, '2018-08-27 01:03:59', 3, 2510, 1),
(2688, 'CANTIDAD:', NULL, NULL, NULL, 0, '2018-08-27 01:04:03', 1, 2510, 2),
(2689, '690-RECTIFICAR SUPERFICIE DE TAPA 1 CIL.', NULL, NULL, NULL, 0, '2018-08-27 01:04:15', 3, 2510, 3),
(2690, 'CANTIDAD:', NULL, NULL, NULL, 0, '2018-08-27 01:04:20', 1, 2510, 4),
(2691, '700-RECTIFICAR SUPERFICIE DE TAPA 2 CIL.', NULL, NULL, NULL, 0, '2018-08-27 01:05:18', 3, 2510, 5),
(2692, 'CANTIDAD:', NULL, NULL, NULL, 0, '2018-08-27 01:05:24', 1, 2510, 6),
(2693, '710-RECTIFICAR SUPERFICIE DE TAPA 3 CIL.', NULL, NULL, NULL, 0, '2018-08-27 01:05:48', 3, 2510, 7),
(2694, 'CANTIDAD:', NULL, NULL, NULL, 0, '2018-08-27 01:05:52', 1, 2510, 8),
(2695, '720-RECTIFICAR SUPERFICIE DE TAPA 4 CIL.', NULL, NULL, NULL, 0, '2018-08-27 01:06:05', 3, 2510, 9),
(2696, 'CANTIDAD:', NULL, NULL, NULL, 0, '2018-08-27 01:06:09', 1, 2510, 10),
(2697, '730-RECTIFICAR SUPERFICIE DE TAPA 5 CIL.', NULL, NULL, NULL, 0, '2018-08-27 01:06:24', 3, 2505, 47),
(2698, 'CANTIDAD:', NULL, NULL, NULL, 0, '2018-08-27 01:06:29', 1, 2505, 48),
(2699, '730-RECTIFICAR SUPERFICIE DE TAPA 5 CIL.', NULL, NULL, NULL, 0, '2018-08-27 01:08:22', 3, 2510, 11),
(2700, 'CANTIDAD:', NULL, NULL, NULL, 0, '2018-08-27 01:08:27', 1, 2510, 12),
(2701, '740-RECTIFICAR SUPERFICIE DE TAPA 6 CIL.', NULL, NULL, NULL, 0, '2018-08-27 01:08:40', 3, 2510, 13),
(2702, 'CANTIDAD:', NULL, NULL, NULL, 0, '2018-08-27 01:08:46', 1, 2510, 14),
(2703, '910-RECTIFICAR SUP. DE BLOCK 2 CILINDROS', NULL, NULL, NULL, 0, '2018-08-27 01:09:04', 3, 2510, 15),
(2704, 'CANTIDAD:', NULL, NULL, NULL, 0, '2018-08-27 01:09:12', 1, 2510, 16),
(2705, '920-RECTIFICAR SUP. DE BLOCK 3 CILINDROS', NULL, NULL, NULL, 0, '2018-08-27 01:10:09', 3, 2510, 17),
(2706, 'CANTIDAD:', NULL, NULL, NULL, 0, '2018-08-27 01:10:15', 1, 2510, 18),
(2707, '930-RECTIFICAR SUP. DE BLOCK 4 CILINDROS', NULL, NULL, NULL, 0, '2018-08-27 01:10:32', 3, 2510, 19),
(2708, 'CANTIDAD:', NULL, NULL, NULL, 0, '2018-08-27 01:10:36', 1, 2510, 20),
(2709, '940-RECTIFICAR SUP. DE BLOCK 5 CILINDROS', NULL, NULL, NULL, 0, '2018-08-27 01:10:50', 3, 2510, 21),
(2710, 'CANTIDAD:', NULL, NULL, NULL, 0, '2018-08-27 01:10:59', 1, 2510, 22),
(2711, '950-RECTIFICAR SUP. DE BLOCK 6 CILINDROS', NULL, NULL, NULL, 0, '2018-08-27 01:11:17', 3, 2510, 23),
(2712, 'CANTIDAD:', NULL, NULL, NULL, 0, '2018-08-27 01:11:23', 1, 2510, 24),
(2713, '960-RECTIFICAR BASE DE CARTER', NULL, NULL, NULL, 0, '2018-08-27 01:11:32', 3, 2510, 25),
(2714, 'CANTIDAD:', NULL, NULL, NULL, 0, '2018-08-27 01:11:37', 1, 2510, 26),
(2715, '965-RECTIFICAR BASE DE BANCADA A BLOCK', NULL, NULL, NULL, 0, '2018-08-27 01:11:48', 3, 2510, 27),
(2716, 'CANTIDAD:', NULL, NULL, NULL, 0, '2018-08-27 01:11:54', 1, 2510, 28),
(2717, '1225-RECTIF.BASE MULTIPLE DE ESCAPE 1 o 2 CIL.', NULL, NULL, NULL, 0, '2018-08-27 01:12:10', 3, 2510, 29),
(2718, 'CANTIDAD:', NULL, NULL, NULL, 0, '2018-08-27 01:12:15', 1, 2510, 30),
(2719, '1226-RECTIF.BASE MULTIPLE DE ESCAPE 3 o 4 CIL.', NULL, NULL, NULL, 0, '2018-08-27 01:12:26', 3, 2510, 31),
(2720, 'CANTIDAD:', NULL, NULL, NULL, 0, '2018-08-27 01:12:31', 1, 2510, 32),
(2721, '1227-RECTIF.BASE MULTIPLE DE ESCAPE 5 o 6 CIL.', NULL, NULL, NULL, 0, '2018-08-27 01:12:41', 3, 2510, 33),
(2722, 'CANTIDAD:', NULL, NULL, NULL, 0, '2018-08-27 01:12:47', 1, 2510, 34),
(2723, '410-ENDEREZAR CIGUEÑAL', NULL, NULL, NULL, 0, '2018-08-27 04:17:37', 3, 2511, 1),
(2724, 'CANTIDAD:', NULL, NULL, NULL, 0, '2018-08-27 04:17:51', 1, 2511, 2),
(2725, '420-CONTROLAR DUREZA DE CIGUEÑAL', NULL, NULL, NULL, 0, '2018-08-27 04:18:35', 3, 2511, 3),
(2726, 'CANTIDAD:', NULL, NULL, NULL, 0, '2018-08-27 04:18:44', 1, 2511, 4),
(2727, '430-SAC. Y COL. TAP.CIGUEÑAL C/LIMP-S/MAT', NULL, NULL, NULL, 0, '2018-08-27 04:19:56', 3, 2511, 5),
(2728, 'CANTIDAD', NULL, NULL, NULL, 0, '2018-08-27 04:20:02', 1, 2511, 6),
(2729, '440-SAC. Y COL. TAP.ROSC.CIGUEÑAL C/LIMP - S/MAT', NULL, NULL, NULL, 0, '2018-08-27 04:21:07', 3, 2511, 7),
(2730, 'CANTIDAD:', NULL, NULL, NULL, 0, '2018-08-27 04:21:21', 1, 2511, 8),
(2731, '450-SACAR/COLOCAR Y MANDRILAR TUBOS CIG.', NULL, NULL, NULL, 0, '2018-08-27 04:22:02', 3, 2511, 9),
(2732, 'CANTIDAD:', NULL, NULL, NULL, 0, '2018-08-27 04:22:08', 1, 2511, 10),
(2733, '460-SACAR/COLOCAR CONTRAPESOS A PRESION CIG.', NULL, NULL, NULL, 0, '2018-08-27 04:22:29', 3, 2511, 11),
(2734, 'CANTIDAD:', NULL, NULL, NULL, 0, '2018-08-27 04:22:40', 1, 2511, 12),
(2735, '35-RECTIFICAR PISTONES', NULL, NULL, NULL, 0, '2018-08-27 04:23:31', 3, 2512, 1),
(2736, 'CANTIDAD:', NULL, NULL, NULL, 0, '2018-08-27 04:23:36', 1, 2512, 2),
(2737, '90-HACER Y/O AMPLIAR RANURA DE AROS', NULL, NULL, NULL, 0, '2018-08-27 04:24:26', 3, 2512, 3),
(2738, 'CANTIDAD:', NULL, NULL, NULL, 0, '2018-08-27 04:24:31', 1, 2512, 4),
(2739, '95-CAMBIAR INYECTORES DE PISTON', NULL, NULL, NULL, 0, '2018-08-27 04:24:57', 3, 2512, 5),
(2740, 'CANTIDAD:', NULL, NULL, NULL, 0, '2018-08-27 04:25:07', 1, 2512, 6),
(2741, '1200-FRESAR CABEZA DE PISTON', NULL, NULL, NULL, 0, '2018-08-27 04:25:21', 3, 2512, 7),
(2742, 'CANTIDAD:', NULL, NULL, NULL, 0, '2018-08-27 04:25:27', 1, 2512, 8),
(2743, '470-ROSCA CIGUEÑAL Y MODIFICAR RETEN', NULL, NULL, NULL, 0, '2018-08-27 04:26:14', 3, 2512, 9),
(2744, 'CANTIDAD:', NULL, NULL, NULL, 0, '2018-08-27 04:26:20', 1, 2512, 10),
(2745, '1220-REACONDICIONAR ENGRANAJE', NULL, NULL, NULL, 0, '2018-08-27 04:27:37', 3, 2512, 11),
(2746, 'CANTIDAD:', NULL, NULL, NULL, 0, '2018-08-27 04:27:45', 1, 2512, 12),
(2747, '1400-RECTIFICAR VOLANTE', NULL, NULL, NULL, 0, '2018-08-27 04:28:37', 3, 2512, 13),
(2748, 'CANTIDAD:', NULL, NULL, NULL, 0, '2018-08-27 04:28:47', 1, 2512, 14),
(2749, '1410-ENCAMISAR POLEA', NULL, NULL, NULL, 0, '2018-08-27 04:29:06', 3, 2512, 15),
(2750, 'CANTIDAD:', NULL, NULL, NULL, 0, '2018-08-27 04:29:12', 1, 2512, 16),
(2751, '1420-CAMBIAR CORONA DE ARRANQUE', NULL, NULL, NULL, 0, '2018-08-27 04:29:27', 3, 2512, 17),
(2752, 'CANTIDAD:', NULL, NULL, NULL, 0, '2018-08-27 04:29:32', 1, 2512, 18),
(2753, '1430-COLOCAR INSERTOS PARA ROSCA', NULL, NULL, NULL, 0, '2018-08-27 04:29:48', 3, 2512, 19),
(2754, 'CANTIDAD:', NULL, NULL, NULL, 0, '2018-08-27 04:29:54', 1, 2512, 20),
(2755, '290-BALANCEO SUELTO 2 CIL.', NULL, NULL, NULL, 0, '2018-08-27 04:31:42', 3, 2513, 1),
(2756, 'CANTIDAD:', NULL, NULL, NULL, 0, '2018-08-27 04:31:48', 1, 2513, 2),
(2757, '300-BALANCEO COMPLETO 2 CIL.', NULL, NULL, NULL, 0, '2018-08-27 04:32:32', 3, 2513, 3),
(2758, 'CANTIDAD:', NULL, NULL, NULL, 0, '2018-08-27 04:32:38', 1, 2513, 4),
(2759, '310-BALANCEO SUELTO 3 CIL.', NULL, NULL, NULL, 0, '2018-08-27 04:33:13', 3, 2513, 5),
(2760, 'CANTIDAD:', NULL, NULL, NULL, 0, '2018-08-27 04:33:19', 1, 2513, 6),
(2761, '320-BALANCEO COMPLETO 3 CIL.', NULL, NULL, NULL, 0, '2018-08-27 04:33:32', 3, 2513, 7),
(2762, 'CANTIDAD:', NULL, NULL, NULL, 0, '2018-08-27 04:33:38', 1, 2513, 2),
(2763, '330-BALANCEO SUELTO 4 CIL.', NULL, NULL, NULL, 0, '2018-08-27 04:34:33', 3, 2513, 3),
(2764, 'CANTIDAD:', NULL, NULL, NULL, 0, '2018-08-27 04:34:39', 1, 2513, 4),
(2765, '340-BALANCEO COMPLETO 4 CIL.', NULL, NULL, NULL, 0, '2018-08-27 04:35:26', 3, 2513, 5),
(2766, 'CANTIDAD:', NULL, NULL, NULL, 0, '2018-08-27 04:35:31', 1, 2513, 6),
(2767, '350-BALANCEO SUELTO 5 CIL.', NULL, NULL, NULL, 0, '2018-08-27 04:36:03', 3, 2513, 7),
(2768, 'CANTIDAD:', NULL, NULL, NULL, 0, '2018-08-27 04:36:09', 1, 2513, 8),
(2769, '360-BALANCEO COMPLETO 5 CIL.', NULL, NULL, NULL, 0, '2018-08-27 04:36:38', 3, 2513, 9),
(2770, 'CANTIDAD:', NULL, NULL, NULL, 0, '2018-08-27 04:36:43', 1, 2513, 10),
(2771, '370-BALANCEO SUELTO 6 CIL.', NULL, NULL, NULL, 0, '2018-08-27 04:36:57', 3, 2513, 11),
(2772, 'CANTIDAD:', NULL, NULL, NULL, 0, '2018-08-27 04:37:03', 1, 2513, 12),
(2773, '380-BALANCEO COMPLETO 6 CIL.', NULL, NULL, NULL, 0, '2018-08-27 04:37:16', 3, 2513, 13),
(2774, 'CANTIDAD:', NULL, NULL, NULL, 0, '2018-08-27 04:37:21', 1, 2513, 14),
(2775, '390-BALANCEO SUELTO 8 CIL.', NULL, NULL, NULL, 0, '2018-08-27 04:37:33', 3, 2513, 15),
(2776, 'CANTIDAD:', NULL, NULL, NULL, 0, '2018-08-27 04:37:40', 1, 2513, 16),
(2777, '392-BALANCEAR VOLANTE, PLACA Y POLEA', NULL, NULL, NULL, 0, '2018-08-27 04:37:54', 3, 2513, 17),
(2778, 'CANTIDAD:', NULL, NULL, NULL, 0, '2018-08-27 04:38:00', 1, 2513, 18),
(2779, '393-BALANCEAR POLEA', NULL, NULL, NULL, 0, '2018-08-27 04:38:25', 3, 2513, 19),
(2780, 'CANTIDAD:', NULL, NULL, NULL, 0, '2018-08-27 04:38:30', 1, 2513, 20),
(2781, '400-BALANCEO COMPLETO 8CIL.', NULL, NULL, NULL, 0, '2018-08-27 04:38:53', 3, 2513, 21),
(2782, 'CANTIDAD:', NULL, NULL, NULL, 0, '2018-08-27 04:38:58', 1, 2513, 22),
(2783, '490-RECTIFICAR APOYO ARBOL DE LEVAS', NULL, NULL, NULL, 0, '2018-08-27 04:39:36', 3, 2514, 1),
(2784, 'CANTIDAD:', NULL, NULL, NULL, 0, '2018-08-27 04:39:44', 1, 2514, 2),
(2785, '491-PULIR ARBOL DE LEVAS', NULL, NULL, NULL, 0, '2018-08-27 04:40:20', 3, 2514, 3),
(2786, 'CANTIDAD:', NULL, NULL, NULL, 0, '2018-08-27 04:40:26', 1, 2514, 4),
(2787, '520-RECTIFICAR ARBOL DE LEVA', NULL, NULL, NULL, 0, '2018-08-27 04:40:38', 3, 2514, 5),
(2788, 'CANTIDAD:', NULL, NULL, NULL, 0, '2018-08-27 04:40:44', 1, 2514, 6),
(2789, '540-RECTIFICAR EXENTRICO ARBOL LEVAS', NULL, NULL, NULL, 0, '2018-08-27 04:40:57', 3, 2514, 7),
(2790, 'CANTIDAD:', NULL, NULL, NULL, 0, '2018-08-27 04:41:05', 1, 2514, 8),
(2791, '550-CONTROLAR ARBOL LEVAS C/DETEC FISURAS', NULL, NULL, NULL, 0, '2018-08-27 04:41:17', 3, 2514, 9),
(2792, 'CANTIDAD:', NULL, NULL, NULL, 0, '2018-08-27 04:41:23', 1, 2514, 10),
(2793, '590-RECTIFICAR EXENTRICO EJE MANDO/BALANC', NULL, NULL, NULL, 0, '2018-08-27 04:41:36', 3, 2514, 11),
(2794, 'CANTIDAD:', NULL, NULL, NULL, 0, '2018-08-27 04:41:42', 1, 2514, 12),
(2795, '1000-REPARAR ARBOL DE BALNCINES', NULL, NULL, NULL, 0, '2018-08-27 04:41:55', 3, 2514, 13),
(2796, 'CANTIDAD:', NULL, NULL, NULL, 0, '2018-08-27 04:42:05', 1, 2514, 14),
(2798, '1014-SEMI-ARMADO MOTOR NAFTERO 4 CIL.', NULL, NULL, NULL, 0, '2018-08-27 04:43:23', 3, 2516, 1),
(2799, 'CANTIDAD:', NULL, NULL, NULL, 0, '2018-08-27 04:43:32', 1, 2516, 2),
(2800, '1020-SEMI-ARMADO MOTOR NAFTERO 5 CIL.', NULL, NULL, NULL, 0, '2018-08-27 04:43:53', 3, 2516, 3),
(2801, 'CANTIDAD:', NULL, NULL, NULL, 0, '2018-08-27 04:43:59', 1, 2516, 4),
(2802, '1022-SEMI-ARMADO MOTOR NAFTERO 6 CIL.', NULL, NULL, NULL, 0, '2018-08-27 04:45:28', 3, 2516, 5),
(2803, 'CANTIDAD:', NULL, NULL, NULL, 0, '2018-08-27 04:45:33', 1, 2516, 6),
(2804, '1024-SEMI-ARMADO MOTOR NAFTERO 8 CIL.', NULL, NULL, NULL, 0, '2018-08-27 04:45:46', 3, 2516, 7),
(2805, 'CANTIDAD:', NULL, NULL, NULL, 0, '2018-08-27 04:45:51', 1, 2516, 8),
(2806, '1062-SEMI-ARMADO MOTOR GASOLERO GR. 6 CIL.', NULL, NULL, NULL, 0, '2018-08-27 04:46:06', 3, 2516, 9),
(2807, 'CANTIDAD:', NULL, NULL, NULL, 0, '2018-08-27 04:46:12', 1, 2516, 10),
(2808, '1064-SEMI-ARMADO MOTOR GASOLERO GR. 8 CIL.', NULL, NULL, NULL, 0, '2018-08-27 04:46:31', 3, 2516, 11),
(2809, 'CANTIDAD:', NULL, NULL, NULL, 0, '2018-08-27 04:46:36', 1, 2516, 12),
(2810, '1065-SEMI-ARMADO MOTOR GASOLERO GR.12 CIL.', NULL, NULL, NULL, 0, '2018-08-27 04:46:50', 3, 2516, 13),
(2811, 'CANTIDAD:', NULL, NULL, NULL, 0, '2018-08-27 04:46:58', 1, 2516, 14),
(2812, '1154-ARM./PUESTO/MARCHA GASOLERO CH.4 CIL', NULL, NULL, NULL, 0, '2018-08-27 04:49:05', 3, 2517, 1),
(2813, 'CANTIDAD:', NULL, NULL, NULL, 0, '2018-08-27 04:49:12', 1, 2517, 2),
(2814, '1160-ARM./PUESTO/MARCHA GASOLERO CH.5 CIL', NULL, NULL, NULL, 0, '2018-08-27 04:49:26', 3, 2517, 3),
(2815, 'CANTIDAD:', NULL, NULL, NULL, 0, '2018-08-27 04:49:36', 1, 2517, 4),
(2816, '1162-ARM./PUESTO/MARCHA GASOLERO CH.6 CIL', NULL, NULL, NULL, 0, '2018-08-27 04:49:58', 3, 2517, 5),
(2817, 'CANTIDAD:', NULL, NULL, NULL, 0, '2018-08-27 04:50:03', 1, 2517, 6),
(2818, '1182-ARM./PUESTO/MARCHA GASOLERO GR.6 CIL', NULL, NULL, NULL, 0, '2018-08-27 04:50:18', 3, 2517, 7),
(2819, 'CANTIDAD:', NULL, NULL, NULL, 0, '2018-08-27 04:50:24', 1, 2517, 8),
(2820, '1184-ARM./PUESTO/MARCHA GASOLERO GR.8 CIL', NULL, NULL, NULL, 0, '2018-08-27 04:50:40', 3, 2517, 9),
(2821, 'CANTIDAD:', NULL, NULL, NULL, 0, '2018-08-27 04:50:46', 1, 2517, 10),
(2822, '1189-ARM./PUESTO/MARCHA GASOLERO GR.12 CIL', NULL, NULL, NULL, 0, '2018-08-27 04:51:05', 3, 2517, 11),
(2823, 'CANTIDAD:', NULL, NULL, NULL, 0, '2018-08-27 04:51:14', 1, 2517, 12),
(2824, '1192-ARM./PUESTO/MARCHA GASOLERO GR.16 CIL', NULL, NULL, NULL, 0, '2018-08-27 04:51:27', 3, 2517, 13),
(2825, 'CANTIDAD:', NULL, NULL, NULL, 0, '2018-08-27 04:51:36', 1, 2517, 14),
(2826, '1188-COLOCAR Y PROBAR MOTOR EN BANCO PRUEBA', NULL, NULL, NULL, 0, '2018-08-27 04:52:07', 3, 2517, 15),
(2827, 'CANTIDAD:', NULL, NULL, NULL, 0, '2018-08-27 04:52:13', 1, 2517, 16),
(2828, '1191-MANO DE OBRA DESARME & EVALUACION', NULL, NULL, NULL, 0, '2018-08-27 04:52:46', 3, 2517, 17),
(2829, 'CANTIDAD:', NULL, NULL, NULL, 0, '2018-08-27 04:52:55', 1, 2517, 18),
(2830, '1074-ARMADO DE MOTOR NAFTERO 4 CIL.', NULL, NULL, NULL, 0, '2018-08-27 04:53:32', 3, 2518, 1),
(2831, 'CANTIDAD:', NULL, NULL, NULL, 0, '2018-08-27 04:53:44', 1, 2518, 2),
(2832, '1080-ARMADO DE MOTOR NAFTERO 5 CIL.', NULL, NULL, NULL, 0, '2018-08-27 04:54:12', 3, 2518, 3),
(2833, 'CANTIDAD:', NULL, NULL, NULL, 0, '2018-08-27 04:54:21', 1, 2518, 4),
(2834, '1082-ARMADO DE MOTOR NAFTERO 6 CIL.', NULL, NULL, NULL, 0, '2018-08-27 04:54:44', 3, 2518, 5),
(2835, 'CANTIDAD:', NULL, NULL, NULL, 0, '2018-08-27 04:54:50', 1, 2518, 6),
(2836, '1084-ARMADO DE MOTOR NAFTERO 8 CIL.', NULL, NULL, NULL, 0, '2018-08-27 04:55:10', 3, 2518, 7),
(2837, 'CANTIDAD:', NULL, NULL, NULL, 0, '2018-08-27 04:55:17', 1, 2518, 8),
(2838, '1094-ARMADO DE MOTOR GASOLERO CH. 4 CIL.', NULL, NULL, NULL, 0, '2018-08-27 04:55:58', 3, 2518, 9),
(2839, 'CANTIDAD:', NULL, NULL, NULL, 0, '2018-08-27 04:56:04', 1, 2518, 10),
(2840, '1100-ARMADO DE MOTOR GASOLERO CH. 5 CIL.', NULL, NULL, NULL, 0, '2018-08-27 04:56:35', 3, 2518, 11),
(2841, 'CANTIDAD:', NULL, NULL, NULL, 0, '2018-08-27 04:56:41', 1, 2518, 12),
(2842, '1102-ARMADO DE MOTOR GASOLERO CH. 6 CIL.', NULL, NULL, NULL, 0, '2018-08-27 04:56:55', 3, 2518, 13),
(2843, 'CANTIDAD:', NULL, NULL, NULL, 0, '2018-08-27 04:57:01', 1, 2518, 14),
(2844, '1104-ARMADO DE MOTOR GASOLERO CH. 8 CIL.', NULL, NULL, NULL, 0, '2018-08-27 04:57:19', 3, 2518, 15),
(2845, 'CANTIDAD:', NULL, NULL, NULL, 0, '2018-08-27 04:57:35', 1, 2518, 16),
(2846, '1114-ARMADO DE MOTOR GASOLERO GR. 4 CIL.', NULL, NULL, NULL, 0, '2018-08-27 04:57:56', 3, 2518, 17),
(2847, 'CANTIDAD:', NULL, NULL, NULL, 0, '2018-08-27 04:58:03', 1, 2518, 18),
(2848, '1120-ARMADO DE MOTOR GASOLERO GR. 5 CIL.', NULL, NULL, NULL, 0, '2018-08-27 04:58:35', 3, 2518, 19),
(2849, 'CANTIDAD:', NULL, NULL, NULL, 0, '2018-08-27 04:58:50', 1, 2518, 20),
(2850, '1122-ARMADO DE MOTOR GASOLERO GR. 6 CIL.', NULL, NULL, NULL, 0, '2018-08-27 05:00:15', 3, 2518, 21),
(2851, 'CANTIDAD:', NULL, NULL, NULL, 0, '2018-08-27 05:00:26', 1, 2518, 22),
(2852, '1124-ARMADO DE MOTOR GASOLERO GR. 8 CIL.', NULL, NULL, NULL, 0, '2018-08-27 05:01:37', 3, 2518, 23),
(2853, 'CANTIDAD:', NULL, NULL, NULL, 0, '2018-08-27 05:01:45', 1, 2518, 24),
(2854, '2066-CONTROLAR Y CALIBRAR BOMBA INYECTORA', NULL, NULL, NULL, 0, '2018-08-27 05:02:49', 3, 2519, 1),
(2855, 'CANTIDAD:', NULL, NULL, NULL, 0, '2018-08-27 05:02:55', 1, 2519, 2),
(2856, '2069-CONTROLAR Y CALIBRAR INYECTORES', NULL, NULL, NULL, 0, '2018-08-27 05:03:24', 3, 2519, 3),
(2857, 'CANTIDAD:', NULL, NULL, NULL, 0, '2018-08-27 05:03:30', 1, 2519, 4),
(2858, '2075-CAMBIO DE PUNTA DE MANGA DIFERENCIAL', NULL, NULL, NULL, 0, '2018-08-27 05:03:56', 3, 2520, 1),
(2859, 'CANTIDAD:', NULL, NULL, NULL, 0, '2018-08-27 05:04:01', 1, 2520, 2),
(2860, '2080-DESVASTAR ALOJAMIENTO RULEMAN PILOTO,HACERCAMISA DE FUNDICION DEJAR TERMINADO A MEDIDA DE RULEMAN', NULL, NULL, NULL, 0, '2018-08-27 05:04:16', 3, 2520, 3),
(2861, 'CANTIDAD:', NULL, NULL, NULL, 0, '2018-08-27 05:04:24', 1, 2520, 4),
(2862, '2110-MANO DE OBRA DE SERVICIO EN CAMPO', NULL, NULL, NULL, 0, '2018-08-27 05:05:44', 3, 2521, 1),
(2863, 'CANTIDAD:', NULL, NULL, NULL, 0, '2018-08-27 05:05:51', 1, 2521, 2),
(2864, '2110-TRASLADO PARA SERVICIO EN CAMPO', NULL, NULL, NULL, 0, '2018-08-27 05:06:08', 3, 2521, 3),
(2865, 'CANTIDAD:', NULL, NULL, NULL, 0, '2018-08-27 05:06:13', 1, 2521, 4),
(2866, '2102-COLOCAR ESCANER PARA EXTRAER DATOS', NULL, NULL, NULL, 0, '2018-08-27 05:06:39', 3, 2521, 5),
(2867, 'CANTIDAD:', NULL, NULL, NULL, 0, '2018-08-27 05:06:45', 1, 2521, 6),
(2868, '2045-REPARAR TURBO CAMION', NULL, NULL, NULL, 0, '2018-08-27 05:07:06', 3, 2522, 1),
(2869, 'CANTIDAD:', NULL, NULL, NULL, 0, '2018-08-27 05:07:15', 1, 2522, 2),
(2870, '2050-REPARAR TURBO AUTOMOVIL', NULL, NULL, NULL, 0, '2018-08-27 05:07:28', 3, 2522, 3),
(2871, 'CANTIDAD:', NULL, NULL, NULL, 0, '2018-08-27 05:07:37', 1, 2522, 4),
(2872, '2060-REPARAR TURBO MAQUINA INDUSTRIAL', NULL, NULL, NULL, 0, '2018-08-27 05:07:58', 3, 2522, 5),
(2873, 'CANTIDAD:', NULL, NULL, NULL, 0, '2018-08-27 05:08:04', 1, 2522, 6),
(2874, '2038-BALANCEO CARDAN 1 TRAMO', NULL, NULL, NULL, 0, '2018-08-27 05:08:28', 3, 2523, 1),
(2875, 'CANTIDAD:', NULL, NULL, NULL, 0, '2018-08-27 05:08:33', 1, 2523, 2),
(2876, '2039-BALANCEO CARDAN 2 TRAMOS', NULL, NULL, NULL, 0, '2018-08-27 05:08:46', 3, 2523, 3),
(2877, 'CANTIDAD:', NULL, NULL, NULL, 0, '2018-08-27 05:08:51', 1, 2523, 4),
(2878, '2040-BALANCEO CARDAN 3 TRAMOS', NULL, NULL, NULL, 0, '2018-08-27 05:09:04', 3, 2523, 5),
(2879, 'CANTIDAD:', NULL, NULL, NULL, 0, '2018-08-27 05:09:09', 1, 2523, 6),
(2880, '2043-MANO DE OBRA POR HACER ENCAMISADO A 6 (SEIS) ALOJAMIENTOS DE SUPLEMENTOS DE CAMISAS', NULL, NULL, NULL, 0, '2018-08-27 05:09:30', 3, 2524, 1),
(2881, 'CANTIDAD:', NULL, NULL, NULL, 0, '2018-08-27 05:09:36', 1, 2524, 2),
(2882, '2044-ABRIR ALOJAMIENTO DE BOTADOR Y FABRICAR AL TORNO DOS CAMISAS Y COLOCAR EN BLOCK', NULL, NULL, NULL, 0, '2018-08-27 05:09:47', 3, 2524, 3),
(2883, 'CANTIDAD:', NULL, NULL, NULL, 0, '2018-08-27 05:09:53', 1, 2524, 4),
(5000, '', NULL, NULL, NULL, 0, '2018-08-27 15:54:07', 7, 5000, 1),
(6000, '', NULL, NULL, NULL, 0, '2018-08-30 13:50:47', 7, 6000, 1);

-- --------------------------------------------------------

--
-- Estructura de tabla para la tabla `frm_valores_validos`
--

CREATE TABLE `frm_valores_validos` (
  `VAPO_ID` int(11) NOT NULL,
  `VALOR` varchar(100) NOT NULL,
  `FEC_CREACION` timestamp NOT NULL DEFAULT CURRENT_TIMESTAMP,
  `VALO_ID` int(11) NOT NULL
) ENGINE=InnoDB DEFAULT CHARSET=latin1;

--
-- Volcado de datos para la tabla `frm_valores_validos`
--

INSERT INTO `frm_valores_validos` (`VAPO_ID`, `VALOR`, `FEC_CREACION`, `VALO_ID`) VALUES
(1, 'Aprobado', '2018-07-28 15:54:05', 1),
(2, 'Rechazado', '2018-07-28 15:54:10', 1),
(3, 'Aprobado', '2018-07-28 16:02:39', 2),
(4, 'Rechazado', '2018-07-28 16:02:45', 2),
(5, 'Aprobado', '2018-07-28 16:03:42', 3),
(6, 'Rechazado', '2018-07-28 16:03:46', 3),
(7, 'Aprobado', '2018-07-28 16:04:31', 4),
(8, 'Rechazado', '2018-07-28 16:04:42', 4),
(9, 'Aprobado', '2018-07-28 16:05:33', 5),
(10, 'Rechazado', '2018-07-28 16:05:38', 5),
(11, 'Aprobado', '2018-07-28 16:06:22', 6),
(12, 'Rechazado', '2018-07-28 16:06:29', 6),
(13, 'Aprobado', '2018-07-28 16:08:07', 7),
(14, 'Rechazado', '2018-07-28 16:08:15', 7),
(15, 'Aprobado', '2018-07-28 16:08:55', 8),
(16, 'Rechazado', '2018-07-28 16:09:02', 8),
(17, 'Normal', '2018-07-28 16:18:51', 9),
(18, 'Desgastada', '2018-07-28 16:19:00', 9),
(19, 'Aprobado', '2018-07-28 16:19:06', 10),
(20, 'Rechazado', '2018-07-28 16:19:11', 10),
(21, 'Normal', '2018-07-28 16:21:04', 12),
(22, 'Desgastada', '2018-07-28 16:21:10', 12),
(23, 'Aprobado', '2018-07-28 16:21:14', 13),
(24, 'Rechazado', '2018-07-28 16:21:19', 13),
(25, 'Normal', '2018-07-28 16:22:35', 15),
(26, 'Desgastado', '2018-07-28 16:22:41', 15),
(27, 'Aprobado', '2018-07-28 16:22:45', 16),
(28, 'Rechazada', '2018-07-28 16:23:00', 16),
(29, 'Normal', '2018-07-28 16:23:52', 18),
(30, 'Desgastada', '2018-07-28 16:23:59', 18),
(31, 'Aprobado', '2018-07-28 16:24:03', 19),
(32, 'Rechazada', '2018-07-28 16:24:08', 19),
(33, 'Normal', '2018-07-28 16:25:25', 24),
(34, 'Desgastada', '2018-07-28 16:25:31', 24),
(35, 'Aprobado', '2018-07-28 16:25:35', 25),
(36, 'Rechazado', '2018-07-28 16:25:40', 25),
(37, 'Normal', '2018-07-28 16:26:16', 21),
(38, 'Desgastada', '2018-07-28 16:26:20', 21),
(39, 'Aprobado', '2018-07-28 16:26:24', 22),
(40, 'Rechazado', '2018-07-28 16:26:28', 22),
(41, 'Chapa', '2018-07-28 17:19:00', 33),
(42, 'Aluminio', '2018-07-28 17:19:07', 33),
(43, 'Otro', '2018-07-28 17:19:12', 33),
(44, 'Aprobado', '2018-07-28 17:19:25', 34),
(45, 'Rechazado:', '2018-07-28 17:19:40', 34),
(46, 'Aprobado_Reparar(*)', '2018-07-28 17:20:05', 34),
(47, 'Chapa', '2018-07-28 17:22:13', 36),
(48, 'Aluminio', '2018-07-28 17:22:19', 36),
(49, 'Otro', '2018-07-28 17:22:22', 36),
(50, 'Aprobado', '2018-07-28 17:22:42', 37),
(51, 'Rechazado', '2018-07-28 17:22:48', 37),
(52, 'Aprobado-Reparar(*)', '2018-07-28 17:23:00', 37),
(53, 'Chapa', '2018-07-28 17:23:56', 39),
(54, 'Aluminio', '2018-07-28 17:24:00', 39),
(55, 'Aprobado', '2018-07-28 17:24:11', 40),
(56, 'Rechazado', '2018-07-28 17:24:17', 40),
(57, 'Aprobado-Reparar(*)', '2018-07-28 17:24:26', 40),
(58, 'Fundicion', '2018-07-28 17:25:31', 42),
(59, 'Aluminio', '2018-07-28 17:25:35', 42),
(60, 'Aprobado', '2018-07-28 17:25:42', 43),
(61, 'Rechazado', '2018-07-28 17:25:47', 43),
(62, 'Probado-Reparar(*)', '2018-07-28 17:26:04', 43),
(63, 'Fundicion', '2018-07-28 17:27:15', 45),
(64, 'Aluminio', '2018-07-28 17:27:19', 45),
(65, 'Aprobado', '2018-07-28 17:27:29', 46),
(66, 'Rechazado', '2018-07-28 17:27:32', 46),
(67, 'Aprobado-Reparar(*)', '2018-07-28 17:27:49', 46),
(68, 'Embrague', '2018-07-28 17:36:06', 48),
(69, 'Convertidor', '2018-07-28 17:36:11', 48),
(70, 'Aprobado', '2018-07-28 17:36:45', 49),
(71, 'Rechazado', '2018-07-28 17:36:50', 49),
(72, 'Aprobado-Reparar(*)', '2018-07-28 17:37:01', 49),
(73, 'Abulonada', '2018-07-28 17:38:12', 51),
(74, 'Clavada', '2018-07-28 17:38:18', 51),
(75, 'Aprobado', '2018-07-28 17:38:23', 52),
(76, 'Rechazado', '2018-07-28 17:38:29', 52),
(77, 'Aprobado-Reparar(*)', '2018-07-28 17:38:38', 52),
(78, 'Armonica', '2018-07-28 17:39:14', 54),
(79, 'Fija', '2018-07-28 17:39:18', 54),
(80, 'Vias', '2018-07-28 17:39:21', 54),
(81, 'Aprobado', '2018-07-28 17:39:29', 55),
(82, 'Rechazado', '2018-07-28 17:39:35', 55),
(83, 'Aprobado-Reparar(*)', '2018-07-28 17:39:45', 55),
(84, 'Rectos', '2018-07-28 17:40:18', 57),
(85, 'Helicoidales', '2018-07-28 17:40:26', 57),
(86, 'Aprobado', '2018-07-28 17:40:32', 58),
(87, 'Rechazado', '2018-07-28 17:40:36', 58),
(88, 'Aprobado-Reparar(*)', '2018-07-28 17:40:48', 58),
(89, 'Cerrada', '2018-07-28 17:41:51', 60),
(90, 'Fija', '2018-07-28 17:41:55', 60),
(91, 'Aprobada', '2018-07-28 17:42:05', 61),
(92, 'Rechazada', '2018-07-28 17:42:13', 61),
(93, 'Aprobada-Reparar(*)', '2018-07-28 17:42:26', 61),
(94, 'Aprobado', '2018-07-28 17:43:11', 63),
(95, 'Rechazado', '2018-07-28 17:43:29', 63),
(96, 'Aprobado-Reparar(*)', '2018-07-28 17:43:38', 63),
(97, 'Aprobado', '2018-07-28 17:45:17', 65),
(98, 'Rechazado', '2018-07-28 17:45:23', 65),
(99, 'Aprobado-Reparar(*)', '2018-07-28 17:45:32', 65),
(100, 'Chapa', '2018-07-28 17:51:09', 67),
(101, 'Plastica', '2018-07-28 17:51:13', 67),
(102, 'Aprobado', '2018-07-28 17:51:20', 68),
(103, 'Rechazado', '2018-07-28 17:51:25', 68),
(104, 'Aprobado-Reparar(*)', '2018-07-28 17:51:40', 68),
(105, 'Fundicion ', '2018-07-28 17:53:34', 70),
(106, 'Aluminio', '2018-07-28 17:53:39', 70),
(107, 'Vias', '2018-07-28 17:53:43', 70),
(108, 'Aprobado', '2018-07-28 17:53:52', 71),
(109, 'Rechazado', '2018-07-28 17:53:56', 71),
(110, 'Aprobado-Reparar(*)', '2018-07-28 17:54:06', 71),
(111, 'Aprobado', '2018-07-28 17:58:24', 73),
(112, 'Rechazado', '2018-07-28 17:58:30', 73),
(113, 'Aprobado-Reparar(*)', '2018-07-28 17:58:47', 73),
(114, 'Aprobado', '2018-07-28 17:59:00', 75),
(115, 'Rechazado', '2018-07-28 17:59:04', 75),
(116, 'Aprobado-Reparar(*)', '2018-07-28 17:59:16', 75),
(117, 'Engranaje', '2018-07-28 18:12:17', 77),
(118, 'Lobulo', '2018-07-28 18:12:22', 77),
(119, 'Aprobado', '2018-07-28 18:12:28', 78),
(120, 'Rechazado', '2018-07-28 18:12:33', 78),
(121, 'Aprobado-Reparar(*)', '2018-07-28 18:12:52', 78),
(122, 'Mecanico', '2018-07-28 18:13:03', 80),
(123, 'Electrico', '2018-07-28 18:13:07', 80),
(124, 'Aprobado', '2018-07-28 18:13:12', 81),
(125, 'Rechazado', '2018-07-28 18:13:17', 81),
(126, 'Aprobado-Reparar(*)', '2018-07-28 18:13:31', 81),
(127, 'Chapa', '2018-07-28 18:13:44', 83),
(128, 'Aluminio', '2018-07-28 18:13:47', 83),
(129, 'Aprobado', '2018-07-28 18:13:52', 84),
(130, 'Rechazado', '2018-07-28 18:13:56', 84),
(131, 'Aprobado-Reparar(*)', '2018-07-28 18:14:11', 84),
(132, 'Chapa', '2018-07-28 18:14:21', 86),
(133, 'Aluminio', '2018-07-28 18:14:25', 86),
(134, 'Aprobado', '2018-07-28 18:14:31', 87),
(135, 'Rechazado', '2018-07-28 18:14:36', 87),
(136, 'Aprobado-Reparar(*)', '2018-07-28 18:14:46', 87),
(137, 'Chapa', '2018-07-28 18:14:54', 89),
(138, 'Aluminio', '2018-07-28 18:15:03', 89),
(139, 'Aprobado', '2018-07-28 18:15:10', 90),
(140, 'Rechazado', '2018-07-28 18:15:14', 90),
(141, 'Aprobado-Reparar(*)', '2018-07-28 18:15:24', 90),
(142, 'Chapa', '2018-07-28 18:15:42', 92),
(143, 'Aluminio', '2018-07-28 18:15:45', 92),
(144, 'Aprobado', '2018-07-28 18:15:51', 93),
(145, 'Rechazado', '2018-07-28 18:15:54', 93),
(146, 'Aprobado-Reparar(*)', '2018-07-28 18:16:04', 93),
(147, 'STD', '2018-07-28 18:16:18', 95),
(148, 'Modificada', '2018-07-28 18:16:51', 95),
(149, 'Aprobada', '2018-07-28 18:16:59', 96),
(150, 'Rechazada', '2018-07-28 18:17:06', 96),
(151, 'Fundicion', '2018-07-28 18:17:19', 98),
(152, 'Aluminio', '2018-07-28 18:17:23', 98),
(153, 'Aprobado', '2018-07-28 18:17:29', 99),
(154, 'Rechazado', '2018-07-28 18:17:33', 99),
(155, 'Aprobado-Reparar(*)', '2018-07-28 18:17:44', 99),
(156, 'Fundicion', '2018-07-28 18:18:08', 101),
(157, 'Aluminio', '2018-07-28 18:18:14', 101),
(158, 'Aprobado', '2018-07-28 18:18:20', 102),
(159, 'Rechazado', '2018-07-28 18:18:24', 102),
(160, 'Aprobado-Reparar(*)', '2018-07-28 18:18:38', 102),
(161, 'Chapa', '2018-07-28 18:18:46', 104),
(162, 'Aluminio', '2018-07-28 18:18:50', 104),
(163, 'Aprobado', '2018-07-28 18:19:00', 105),
(164, 'Rechazado', '2018-07-28 18:19:07', 105),
(165, 'Aprobado-Reparar(*)', '2018-07-28 18:19:19', 105),
(166, 'Chapa', '2018-07-28 18:19:34', 107),
(167, 'Flexibles', '2018-07-28 18:19:39', 107),
(168, 'Aprobado ', '2018-07-28 18:19:52', 108),
(169, 'Rechazado', '2018-07-28 18:19:55', 108),
(170, 'Aprobado-Reparar(*)', '2018-07-28 18:20:06', 108),
(171, 'Chapa', '2018-07-28 18:20:18', 110),
(172, 'Aluminio', '2018-07-28 18:20:23', 110),
(173, 'Aprobado', '2018-07-28 18:20:28', 111),
(174, 'Rechazado', '2018-07-28 18:20:33', 111),
(175, 'Aprobado-Reparar(*)', '2018-07-28 18:20:45', 111),
(176, 'Chapa', '2018-07-28 18:20:57', 113),
(177, 'Aluminio', '2018-07-28 18:21:02', 113),
(178, 'Aprobado', '2018-07-28 18:21:08', 114),
(179, 'Rechazado', '2018-07-28 18:21:13', 114),
(180, 'Aprobado-Reparar(*)', '2018-07-28 18:21:22', 114),
(181, 'Turbina Fundicion', '2018-07-28 18:29:29', 116),
(182, 'Turbina Aluminio', '2018-07-28 18:29:37', 116),
(183, 'Turbina Plastico', '2018-07-28 18:29:53', 116),
(184, 'Turbina Bronce', '2018-07-28 18:30:00', 116),
(185, 'Aprobado', '2018-07-28 18:30:29', 117),
(186, 'Rechazado', '2018-07-28 18:30:35', 117),
(187, 'Aprobado-Reparar(*)', '2018-07-28 18:30:47', 117),
(188, 'Agua', '2018-07-28 18:31:03', 119),
(189, 'Metal', '2018-07-28 18:31:07', 119),
(190, 'Aprobado', '2018-07-28 18:31:14', 120),
(191, 'Rechazado', '2018-07-28 18:31:20', 120),
(192, 'Aprobado-Reparar(*)', '2018-07-28 18:31:30', 120),
(193, 'Apertura', '2018-07-28 18:31:40', 122),
(194, 'Aprobado', '2018-07-28 18:31:49', 123),
(195, 'Rechazado', '2018-07-28 18:32:07', 123),
(196, 'Aprobado-Reparar(*)', '2018-07-28 18:32:16', 123),
(197, 'Fundicion', '2018-07-28 18:33:03', 125),
(198, 'Aluminio', '2018-07-28 18:33:07', 125),
(199, 'Aprobado', '2018-07-28 18:33:12', 126),
(200, 'Rechazado', '2018-07-28 18:33:16', 126),
(201, 'Aprobado-Reparar(*)', '2018-07-28 18:33:31', 126),
(202, 'Fundicion', '2018-07-28 18:33:44', 128),
(203, 'Aluminio', '2018-07-28 18:33:51', 128),
(204, 'Aprobado', '2018-07-28 18:33:58', 129),
(205, 'Rechazado', '2018-07-28 18:34:02', 129),
(206, 'Aprobado-Reparar(*)', '2018-07-28 18:34:16', 129),
(207, 'Fundicion', '2018-07-28 18:34:55', 131),
(208, 'Aluminio', '2018-07-28 18:35:03', 131),
(209, 'Aprobado', '2018-07-28 18:35:08', 132),
(210, 'Rechazado', '2018-07-28 18:35:12', 132),
(211, 'Aprobado-Reparar(*)', '2018-07-28 18:35:21', 132),
(212, 'Chapa', '2018-07-28 18:35:31', 134),
(213, 'Plastico', '2018-07-28 18:35:37', 134),
(214, 'Aprobado', '2018-07-28 18:35:42', 135),
(215, 'Rechazado', '2018-07-28 18:35:49', 135),
(216, 'Aprobado-Reparar(*)', '2018-07-28 18:36:01', 135),
(217, 'Chapa', '2018-07-28 18:36:10', 137),
(218, 'Aluminio', '2018-07-28 18:36:14', 137),
(219, 'Aprobado', '2018-07-28 18:37:19', 138),
(220, 'Rechazado', '2018-07-28 18:37:23', 138),
(221, 'Aprobado-Reparar(*)', '2018-07-28 18:37:33', 138),
(222, 'Aprobado', '2018-07-28 18:38:06', 141),
(223, 'Rechazado', '2018-07-28 18:38:10', 141),
(224, 'Aprobado-Reparar(*)', '2018-07-28 18:38:21', 141),
(225, 'Aprobado', '2018-07-28 18:38:36', 144),
(226, 'Rechazado', '2018-07-28 18:38:41', 144),
(227, 'Aprobado-Reparar(*)', '2018-07-28 18:38:52', 144),
(228, 'Lineal', '2018-07-28 18:41:15', 146),
(229, 'Rotativa', '2018-07-28 18:41:21', 146),
(230, 'Aprobado', '2018-07-28 18:41:26', 147),
(231, 'Rechazado', '2018-07-28 18:41:29', 147),
(232, 'Aprobado-Reparar(*)', '2018-07-28 18:41:40', 147),
(233, 'Comman Rail', '2018-07-28 18:43:01', 149),
(234, 'Aprobado', '2018-07-28 18:43:18', 150),
(235, 'Rechazado', '2018-07-28 18:43:23', 150),
(236, 'Aprobado-Reparar(*)', '2018-07-28 18:43:33', 150),
(237, 'Mecanico', '2018-07-28 18:44:23', 152),
(238, 'Electrico', '2018-07-28 18:44:26', 152),
(239, 'Aprobado', '2018-07-28 18:44:31', 153),
(240, 'Rechazado', '2018-07-28 18:44:35', 153),
(241, 'Aprobado-Reparar(*)', '2018-07-28 18:44:46', 153),
(242, 'Directa', '2018-07-28 18:46:11', 155),
(243, 'Indirecta', '2018-07-28 18:46:15', 155),
(244, 'Aprobado', '2018-07-28 18:46:20', 156),
(245, 'Rechazado', '2018-07-28 18:46:24', 156),
(246, 'Aprobado-Reparar(*)', '2018-07-28 18:46:39', 156),
(247, 'Aprobado', '2018-07-28 18:47:31', 158),
(248, 'Rechazado', '2018-07-28 18:47:36', 158),
(249, 'Aprobado-Reparar(*)', '2018-07-28 18:47:48', 158),
(250, 'Aprobado', '2018-07-28 18:50:22', 160),
(251, 'Rechazado', '2018-07-28 18:50:27', 160),
(252, 'Aprobado-Reparar(*)', '2018-07-28 18:50:49', 160),
(253, 'Aprobado', '2018-07-28 18:53:01', 163),
(254, 'Rechazado', '2018-07-28 18:53:09', 163),
(255, 'Aprobado-Reparar(*)', '2018-07-28 18:53:22', 163),
(256, 'Aprobado', '2018-07-28 18:54:07', 165),
(257, 'Rechazado', '2018-07-28 18:54:13', 165),
(258, 'Aprobado-Reparar(*)', '2018-07-28 18:54:23', 165),
(259, 'Mecanico', '2018-07-28 18:55:13', 167),
(260, 'Electrico', '2018-07-28 18:55:17', 167),
(261, 'Aprobado', '2018-07-28 18:55:26', 168),
(262, 'Rechazado', '2018-07-28 18:55:30', 168),
(263, 'Aprobado-Reparar(*)', '2018-07-28 18:55:40', 168),
(264, 'Mecanico', '2018-07-28 18:56:31', 170),
(265, 'Electrico', '2018-07-28 18:56:39', 170),
(266, 'Aprobado', '2018-07-28 18:56:46', 171),
(267, 'Rechazado', '2018-07-28 18:57:20', 171),
(268, 'Aprobado-Reparar(*)', '2018-07-28 18:57:38', 171),
(269, 'Manual', '2018-07-28 18:58:23', 173),
(270, 'Electrico', '2018-07-28 18:58:31', 173),
(271, 'Aprobado', '2018-07-28 18:58:42', 174),
(272, 'Rechazado', '2018-07-28 18:58:46', 174),
(273, 'Aprobado-Reparar(*)', '2018-07-28 18:59:00', 174),
(274, 'Fundicion', '2018-07-28 19:00:35', 176),
(275, 'Aluminio', '2018-07-28 19:00:41', 176),
(276, 'Aprobado', '2018-07-28 19:00:50', 177),
(277, 'Rechazado', '2018-07-28 19:00:56', 177),
(278, 'Aprobado-Reparar(*)', '2018-07-28 19:01:09', 177),
(279, 'Simples', '2018-07-28 19:02:04', 179),
(280, 'Combinados', '2018-07-28 19:02:10', 179),
(281, 'Aprobado', '2018-07-28 19:02:16', 180),
(282, 'Rechazar', '2018-07-28 19:02:22', 180),
(283, 'Aprobado-Reparar(*)', '2018-07-28 19:02:31', 180),
(284, 'Aprobado', '2018-07-28 22:25:22', 183),
(285, 'Rechazado', '2018-07-28 22:25:27', 183),
(286, 'Aprobado-Reparar(*)', '2018-07-28 22:25:38', 183),
(287, 'Aprobado', '2018-07-28 22:26:43', 185),
(288, 'Rechazado', '2018-07-28 22:26:53', 185),
(289, 'Aprobado-Reparar(*)', '2018-07-28 22:27:30', 185),
(290, 'Aprobado', '2018-07-28 22:27:57', 187),
(291, 'Rechazado', '2018-07-28 22:28:05', 187),
(292, 'Aprobado-Reparar(*)', '2018-07-28 22:28:18', 187),
(293, 'Aprobado', '2018-07-28 22:29:36', 189),
(294, 'Rechazado', '2018-07-28 22:29:41', 189),
(295, 'Aprobado-Reparar(*)', '2018-07-28 22:29:58', 189),
(296, 'Aprobado', '2018-07-28 22:32:15', 191),
(297, 'Rechazado', '2018-07-28 22:32:20', 191),
(298, 'Aprobado-Reparar(*)', '2018-07-28 22:32:33', 191),
(299, 'Aprobado', '2018-07-28 22:38:01', 193),
(300, 'Rechazado', '2018-07-28 22:38:10', 193),
(301, 'Aprobado-Reparar(*)', '2018-07-28 22:38:44', 193),
(302, 'Aprobado', '2018-07-28 22:46:31', 208),
(303, 'Rechazado', '2018-07-28 22:46:35', 208),
(304, 'Aprobado-Reparar(*)', '2018-07-28 22:46:49', 208),
(305, 'Aprobado', '2018-07-28 22:46:59', 205),
(306, 'Rechazado', '2018-07-28 22:47:04', 205),
(307, 'Aprobado-Reparar(*)', '2018-07-28 22:47:18', 205),
(308, 'Aprobado', '2018-07-28 22:47:26', 195),
(309, 'Rechazado', '2018-07-28 22:48:08', 195),
(310, 'Aprobado-Reparar(*)', '2018-07-28 22:48:18', 195),
(311, 'Aprobado', '2018-07-28 23:04:16', 210),
(312, 'Rechazado', '2018-07-28 23:04:16', 210),
(316, 'Aprobado', '2018-07-28 23:13:50', 222),
(317, 'Rechazado', '2018-07-28 23:13:50', 222),
(318, 'Aprobado', '2018-07-28 23:17:41', 226),
(319, 'Rechazado', '2018-07-28 23:17:41', 226),
(320, 'Aprobado', '2018-07-28 23:18:28', 229),
(321, 'Rechazado', '2018-07-28 23:18:28', 229),
(322, 'Aprobado', '2018-07-28 23:19:14', 232),
(323, 'Rechazado', '2018-07-28 23:19:14', 232),
(324, 'Brinell', '2018-07-28 23:20:06', 233),
(325, 'Rc', '2018-07-28 23:20:09', 233),
(326, 'Brinell', '2018-07-28 23:20:44', 234),
(327, 'Rc', '2018-07-28 23:20:47', 234),
(328, 'Brinell', '2018-07-28 23:21:10', 235),
(329, 'Rc', '2018-07-28 23:21:13', 235),
(330, 'Aprobado', '2018-07-28 23:22:21', 236),
(331, 'Rechazado', '2018-07-28 23:22:21', 236),
(332, 'Aprobado', '2018-07-28 23:22:23', 237),
(333, 'Rechazado', '2018-07-28 23:22:23', 237),
(334, 'Aprobado', '2018-07-28 23:22:25', 238),
(335, 'Rechazado', '2018-07-28 23:22:25', 238),
(336, 'Aprobado', '2018-07-28 23:22:27', 239),
(337, 'Rechazado', '2018-07-28 23:22:27', 239),
(338, 'Aprobado', '2018-07-28 23:23:07', 240),
(339, 'Rechazado', '2018-07-28 23:23:07', 240),
(340, 'Aprobado', '2018-07-28 23:23:12', 241),
(341, 'Rechazado', '2018-07-28 23:23:12', 241),
(342, 'Aprobado', '2018-07-28 23:29:54', 242),
(343, 'Rechazado', '2018-07-28 23:29:54', 242),
(344, 'Fundido', '2018-07-28 23:31:46', 244),
(345, '(*)Desgaste Axial', '2018-07-28 23:31:52', 244),
(346, 'Reemplazar', '2018-07-28 23:31:57', 244),
(347, 'Fundido', '2018-07-28 23:32:19', 245),
(348, '(*)Desgaste Axial', '2018-07-28 23:32:30', 245),
(349, 'Reemplazar', '2018-07-28 23:32:36', 245),
(350, 'Fundido', '2018-07-28 23:33:04', 246),
(351, '(*)Desgaste Axial', '2018-07-28 23:33:12', 246),
(352, 'Reemplazar', '2018-07-28 23:33:21', 246),
(353, 'Fundida', '2018-07-28 23:35:08', 247),
(354, '(*)Desgaste Axial', '2018-07-28 23:35:15', 247),
(355, 'Reemplazar', '2018-07-28 23:35:23', 247),
(356, 'Fundido ', '2018-07-28 23:35:30', 248),
(357, '(*)Desgaste Axial', '2018-07-28 23:35:41', 248),
(358, 'Reemplazar', '2018-07-28 23:35:48', 248),
(359, 'Fundida', '2018-07-28 23:35:57', 249),
(360, '(*)Desgaste Axial', '2018-07-28 23:35:59', 249),
(361, 'Reemplazar', '2018-07-28 23:36:11', 249),
(362, 'Fundida', '2018-07-28 23:36:41', 250),
(363, '(*)Desgaste Axial', '2018-07-28 23:36:43', 250),
(364, 'Reemplazar', '2018-07-28 23:36:49', 250),
(365, 'Fundida', '2018-07-28 23:37:09', 251),
(366, '(*)Desgaste Axial', '2018-07-28 23:37:11', 251),
(367, 'Reemplazar', '2018-07-28 23:37:16', 251),
(368, 'Fundida', '2018-07-28 23:37:30', 252),
(369, '(*)Desgaste Axial', '2018-07-28 23:37:33', 252),
(370, 'Reemplazar', '2018-07-28 23:37:38', 252),
(371, 'Fundido', '2018-07-28 23:38:00', 253),
(372, '(*)Desgaste Axial', '2018-07-28 23:38:02', 253),
(373, 'Reemplazar', '2018-07-28 23:38:14', 253),
(374, 'Fundido', '2018-07-28 23:38:32', 254),
(375, '(*)Desgaste Axial', '2018-07-28 23:38:34', 254),
(376, 'Reemplazar', '2018-07-28 23:38:39', 254),
(377, 'Fundido', '2018-07-28 23:38:54', 255),
(378, '(*)Desgaste Axial', '2018-07-28 23:38:58', 255),
(379, 'Reemplazar', '2018-07-28 23:39:02', 255),
(380, 'Fundido', '2018-07-28 23:39:21', 256),
(381, '(*)Desgaste Axial', '2018-07-28 23:39:23', 256),
(382, 'Reemplazar', '2018-07-28 23:39:30', 256),
(383, 'Fundido', '2018-07-28 23:39:49', 257),
(384, '(*)Desgaste Axial', '2018-07-28 23:39:51', 257),
(385, 'Reemplazar', '2018-07-28 23:39:57', 257),
(386, 'Fundido', '2018-07-28 23:40:11', 258),
(387, '(*)Desgaste Axial', '2018-07-28 23:40:13', 258),
(388, 'Reemplazar', '2018-07-28 23:40:17', 258),
(389, 'Fundido', '2018-07-28 23:40:39', 259),
(390, '(*)Desgaste Axial', '2018-07-28 23:40:41', 259),
(391, 'Reemplazar', '2018-07-28 23:40:47', 259),
(392, 'Fundido', '2018-07-28 23:41:02', 260),
(393, '(*)Desgaste Axial', '2018-07-28 23:41:05', 260),
(394, 'Reemplazar', '2018-07-28 23:41:11', 260),
(395, 'Aprobado', '2018-07-28 23:46:15', 261),
(396, 'Rechazado', '2018-07-28 23:46:15', 261),
(397, 'Aprobado', '2018-07-28 23:46:17', 262),
(398, 'Rechazado', '2018-07-28 23:46:17', 262),
(399, 'Aprobado', '2018-07-28 23:46:19', 263),
(400, 'Rechazado', '2018-07-28 23:46:19', 263),
(401, 'Aprobado', '2018-07-28 23:46:21', 264),
(402, 'Rechazado', '2018-07-28 23:46:21', 264),
(403, 'Aprobado', '2018-07-28 23:46:23', 265),
(404, 'Rechazado', '2018-07-28 23:46:23', 265),
(405, 'Aprobado', '2018-07-28 23:46:25', 266),
(406, 'Rechazado', '2018-07-28 23:46:25', 266),
(407, 'Aprobado', '2018-07-28 23:46:27', 267),
(408, 'Rechazado', '2018-07-28 23:46:27', 267),
(409, 'Aprobado', '2018-07-28 23:46:30', 268),
(410, 'Rechazado', '2018-07-28 23:46:30', 268),
(411, 'Aprobado', '2018-07-28 23:46:33', 269),
(412, 'Rechazado', '2018-07-28 23:46:33', 269),
(413, 'Aprobado', '2018-07-28 23:46:39', 270),
(414, 'Rechazado', '2018-07-28 23:46:39', 270),
(415, 'Aprobado', '2018-07-28 23:46:41', 271),
(416, 'Rechazado', '2018-07-28 23:46:41', 271),
(417, 'Aprobado', '2018-07-28 23:46:50', 272),
(418, 'Rechazado', '2018-07-28 23:46:50', 272),
(419, 'Aprobado', '2018-07-28 23:46:53', 273),
(420, 'Rechazado', '2018-07-28 23:46:53', 273),
(421, 'Aprobado', '2018-07-28 23:46:54', 274),
(422, 'Rechazado', '2018-07-28 23:46:54', 274),
(423, 'Aprobado', '2018-07-28 23:46:57', 275),
(424, 'Rechazado', '2018-07-28 23:46:57', 275),
(425, 'Aprobado', '2018-07-28 23:46:59', 276),
(426, 'Rechazado', '2018-07-28 23:46:59', 276),
(427, 'Aprobado', '2018-07-28 23:47:02', 277),
(428, 'Rechazado', '2018-07-28 23:47:02', 277),
(429, 'Aprobado', '2018-07-29 04:22:41', 333),
(430, 'Rechazado', '2018-07-29 04:22:41', 333),
(431, 'Aprobado', '2018-07-29 04:22:49', 334),
(432, 'Rechazado', '2018-07-29 04:22:49', 334),
(433, 'Aprobado', '2018-07-29 04:22:58', 335),
(434, 'Rechazado', '2018-07-29 04:22:58', 335),
(435, 'Aprobado', '2018-07-29 04:23:08', 336),
(436, 'Rechazado', '2018-07-29 04:23:08', 336),
(437, 'Aprobado', '2018-07-29 04:23:16', 337),
(438, 'Rechazado', '2018-07-29 04:23:16', 337),
(439, 'Aprobado', '2018-07-29 04:25:25', 338),
(440, 'Rechazado', '2018-07-29 04:25:25', 338),
(441, 'Aprobado', '2018-07-29 04:25:33', 339),
(442, 'Rechazado', '2018-07-29 04:25:33', 339),
(443, 'Aprobado', '2018-07-29 04:25:40', 340),
(444, 'Rechazado', '2018-07-29 04:25:40', 340),
(445, 'Aprobado', '2018-07-29 04:25:54', 341),
(446, 'Rechazado', '2018-07-29 04:25:54', 341),
(447, 'Aprobado', '2018-07-29 04:26:02', 342),
(448, 'Rechazado', '2018-07-29 04:26:02', 342),
(449, 'Aprobado', '2018-07-29 04:26:08', 343),
(450, 'Rechazado', '2018-07-29 04:26:08', 343),
(451, 'Aprobado', '2018-07-29 04:26:15', 344),
(452, 'Rechazado', '2018-07-29 04:26:15', 344),
(453, 'Aprobado', '2018-07-29 04:26:25', 345),
(454, 'Rechazado', '2018-07-29 04:26:25', 345),
(455, 'Aprobado', '2018-07-29 04:26:33', 346),
(456, 'Rechazado', '2018-07-29 04:26:33', 346),
(457, 'Aprobado', '2018-07-29 04:26:43', 347),
(458, 'Rechazado', '2018-07-29 04:26:44', 347),
(459, 'Aprobado', '2018-07-29 04:26:52', 348),
(460, 'Rechazado', '2018-07-29 04:26:52', 348),
(461, 'Aprobado', '2018-07-29 04:27:01', 349),
(462, 'Rechazado', '2018-07-29 04:27:01', 349),
(463, 'Aprobado', '2018-07-29 04:29:30', 352),
(464, 'Rechazado', '2018-07-29 04:29:30', 352),
(465, 'Aprobado', '2018-07-29 04:29:36', 353),
(466, 'Rechazado', '2018-07-29 04:29:36', 353),
(467, 'Aprobado', '2018-07-29 04:30:08', 354),
(468, 'Rechazado', '2018-07-29 04:30:08', 354),
(469, 'Aprobado', '2018-07-29 04:30:16', 355),
(470, 'Rechazado', '2018-07-29 04:30:16', 355),
(471, 'Aprobado', '2018-07-29 04:30:27', 356),
(472, 'Rechazado', '2018-07-29 04:30:27', 356),
(473, 'Aprobado', '2018-07-29 04:31:17', 357),
(474, 'Rechazado', '2018-07-29 04:31:17', 357),
(475, 'Aprobado', '2018-07-29 04:31:20', 358),
(476, 'Rechazado', '2018-07-29 04:31:20', 358),
(477, 'Aprobado', '2018-07-29 04:31:23', 359),
(478, 'Rechazado', '2018-07-29 04:31:23', 359),
(479, 'Aprobado', '2018-07-29 04:31:26', 360),
(480, 'Rechazado', '2018-07-29 04:31:26', 360),
(481, 'Aprobado', '2018-07-29 04:31:28', 361),
(482, 'Rechazado', '2018-07-29 04:31:28', 361),
(483, 'Aprobado', '2018-07-29 04:31:31', 362),
(484, 'Rechazado', '2018-07-29 04:31:31', 362),
(485, 'Aprobado', '2018-07-29 04:31:34', 363),
(486, 'Rechazado', '2018-07-29 04:31:34', 363),
(487, 'Aprobado', '2018-07-29 04:31:37', 364),
(488, 'Rechazado', '2018-07-29 04:31:37', 364),
(489, 'Aprobado', '2018-07-29 04:31:39', 365),
(490, 'Rechazado', '2018-07-29 04:31:39', 365),
(491, 'Aprobado', '2018-07-29 04:31:42', 366),
(492, 'Rechazado', '2018-07-29 04:31:42', 366),
(493, 'Aprobado', '2018-07-29 04:31:45', 367),
(494, 'Rechazado', '2018-07-29 04:31:45', 367),
(495, 'Aprobado', '2018-07-29 04:31:47', 368),
(496, 'Rechazado', '2018-07-29 04:31:47', 368),
(497, 'Aprobado', '2018-07-29 04:34:25', 369),
(498, 'Rechazado', '2018-07-29 04:34:25', 369),
(499, 'Aprobado', '2018-07-29 04:34:27', 370),
(500, 'Rechazado', '2018-07-29 04:34:27', 370),
(501, 'Aprobado', '2018-07-29 04:34:29', 371),
(502, 'Rechazado', '2018-07-29 04:34:29', 371),
(503, 'Aprobado', '2018-07-29 04:34:32', 372),
(504, 'Rechazado', '2018-07-29 04:34:32', 372),
(505, 'Aprobado', '2018-07-29 04:34:34', 373),
(506, 'Rechazado', '2018-07-29 04:34:34', 373),
(507, 'Aprobado', '2018-07-29 04:34:36', 374),
(508, 'Rechazado', '2018-07-29 04:34:36', 374),
(509, 'Aprobado', '2018-07-29 04:34:39', 375),
(510, 'Rechazado', '2018-07-29 04:34:39', 375),
(511, 'Aprobado', '2018-07-29 04:34:41', 376),
(512, 'Rechazado', '2018-07-29 04:34:41', 376),
(513, 'Aprobado', '2018-07-29 04:34:44', 377),
(514, 'Rechazado', '2018-07-29 04:34:44', 377),
(515, 'Aprobado', '2018-07-29 04:34:47', 378),
(516, 'Rechazado', '2018-07-29 04:34:47', 378),
(517, 'Aprobado', '2018-07-29 04:34:51', 379),
(518, 'Rechazado', '2018-07-29 04:34:51', 379),
(519, 'Aprobado', '2018-07-29 04:34:54', 380),
(520, 'Rechazado', '2018-07-29 04:34:54', 380),
(521, 'Aprobado', '2018-07-29 04:34:56', 381),
(522, 'Rechazado', '2018-07-29 04:34:56', 381),
(523, 'Aprobado', '2018-07-29 04:34:59', 382),
(524, 'Rechazado', '2018-07-29 04:34:59', 382),
(525, 'Aprobado', '2018-07-29 04:35:02', 383),
(526, 'Rechazado', '2018-07-29 04:35:02', 383),
(527, 'Aprobado', '2018-07-29 04:35:04', 384),
(528, 'Rechazado', '2018-07-29 04:35:04', 384),
(529, 'Aprobado', '2018-07-29 04:35:07', 385),
(530, 'Rechazado', '2018-07-29 04:35:07', 385),
(531, 'Aprobado', '2018-07-29 04:37:05', 387),
(532, 'Rechazado', '2018-07-29 04:37:05', 387),
(533, 'Guias', '2018-07-29 04:37:18', 386),
(534, 'Dentadas', '2018-07-29 04:37:28', 386),
(535, 'Fracturadas', '2018-07-29 04:37:37', 386),
(536, 'Aprobado', '2018-07-29 04:37:59', 389),
(537, 'Rechazado', '2018-07-29 04:37:59', 389),
(538, 'Guias', '2018-07-29 04:38:05', 388),
(539, 'Dentadas', '2018-07-29 04:38:10', 388),
(540, 'Fracturadas', '2018-07-29 04:38:18', 388),
(541, 'Aprobado', '2018-07-29 04:38:55', 391),
(542, 'Rechazado', '2018-07-29 04:38:55', 391),
(543, 'Guias', '2018-07-29 04:39:03', 390),
(544, 'Dentadas', '2018-07-29 04:39:11', 390),
(545, 'Fracturadas', '2018-07-29 04:39:22', 390),
(546, 'Aprobado', '2018-07-29 04:40:28', 393),
(547, 'Rechazado', '2018-07-29 04:40:28', 393),
(548, 'Guias', '2018-07-29 04:40:34', 392),
(549, 'Dentadas', '2018-07-29 04:40:43', 392),
(550, 'Fracturadas', '2018-07-29 04:41:04', 392),
(551, 'Aprobado', '2018-07-29 04:41:17', 395),
(552, 'Rechazado', '2018-07-29 04:41:17', 395),
(553, 'Guias', '2018-07-29 04:42:05', 394),
(554, 'Dentadas', '2018-07-29 04:42:12', 394),
(555, 'Fracturadas', '2018-07-29 04:42:19', 394),
(556, 'Aprobado', '2018-07-29 04:42:26', 397),
(557, 'Rechazado', '2018-07-29 04:42:26', 397),
(558, 'Guias', '2018-07-29 04:42:31', 396),
(559, 'Dentadas', '2018-07-29 04:42:36', 396),
(560, 'Fracturadas', '2018-07-29 04:42:42', 396),
(561, 'Aprobado', '2018-07-29 04:43:29', 399),
(562, 'Rechazado', '2018-07-29 04:43:29', 399),
(563, 'Guias', '2018-07-29 04:43:34', 398),
(564, 'Dentadas', '2018-07-29 04:43:39', 398),
(565, 'Fracturadas', '2018-07-29 04:43:44', 398),
(566, 'Aprobado', '2018-07-29 04:43:53', 401),
(567, 'Rechazado', '2018-07-29 04:43:53', 401),
(568, 'Guias', '2018-07-29 04:43:58', 400),
(569, 'Dentadas', '2018-07-29 04:44:03', 400),
(570, 'Fracturadas', '2018-07-29 04:44:08', 400),
(571, 'Aprobado', '2018-07-29 04:44:20', 403),
(572, 'Rechazado', '2018-07-29 04:44:20', 403),
(573, 'Guias', '2018-07-29 04:44:43', 402),
(574, 'Dentadas', '2018-07-29 04:44:47', 402),
(575, 'Fracturadas', '2018-07-29 04:44:54', 402),
(576, 'Aprobado', '2018-07-29 04:45:21', 405),
(577, 'Rechazado', '2018-07-29 04:45:21', 405),
(578, 'Guias', '2018-07-29 04:45:32', 404),
(579, 'Dentada', '2018-07-29 04:45:40', 404),
(580, 'Fracturada', '2018-07-29 04:45:46', 404),
(581, 'Aprobado', '2018-07-29 04:46:11', 407),
(582, 'Rechazado', '2018-07-29 04:46:11', 407),
(583, 'Guias', '2018-07-29 04:46:18', 406),
(584, 'Dentadas', '2018-07-29 04:46:22', 406),
(585, 'Fracturada', '2018-07-29 04:46:27', 406),
(586, 'Aprobado', '2018-07-29 04:46:54', 409),
(587, 'Rechazado', '2018-07-29 04:46:54', 409),
(588, 'Guias', '2018-07-29 04:46:59', 408),
(589, 'Dentadas', '2018-07-29 04:47:04', 408),
(590, 'Fracturada', '2018-07-29 04:47:09', 408),
(591, 'Aprobado', '2018-07-29 04:47:20', 411),
(592, 'Rechazado', '2018-07-29 04:47:20', 411),
(593, 'Guias', '2018-07-29 04:47:25', 410),
(594, 'Dentadas', '2018-07-29 04:47:33', 410),
(595, 'Fracturadas', '2018-07-29 04:47:39', 410),
(596, 'Aprobado', '2018-07-29 04:47:48', 413),
(597, 'Rechazado', '2018-07-29 04:47:48', 413),
(598, 'Guias', '2018-07-29 04:47:52', 412),
(599, 'Dentadas', '2018-07-29 04:47:56', 412),
(600, 'Fracturadas', '2018-07-29 04:48:01', 412),
(601, 'Aprobado', '2018-07-29 04:48:10', 415),
(602, 'Rechazado', '2018-07-29 04:48:10', 415),
(603, 'Guias', '2018-07-29 04:48:24', 414),
(604, 'Dentadas', '2018-07-29 04:48:30', 414),
(605, 'Fracturadas', '2018-07-29 04:48:36', 414),
(606, 'Aprobado', '2018-07-29 04:48:52', 417),
(607, 'Rechazado', '2018-07-29 04:48:52', 417),
(608, 'Guias', '2018-07-29 04:48:57', 416),
(609, 'Dentadas', '2018-07-29 04:49:03', 416),
(610, 'Fracturadas', '2018-07-29 04:49:11', 416),
(611, 'Aprobado', '2018-07-29 04:49:20', 419),
(612, 'Rechazado', '2018-07-29 04:49:20', 419),
(613, 'Guias', '2018-07-29 04:49:26', 418),
(614, 'Dentadas', '2018-07-29 04:49:32', 418),
(615, 'Fracturada', '2018-07-29 04:49:37', 418),
(616, 'Aprobado', '2018-07-29 04:50:49', 420),
(617, 'Rechazado', '2018-07-29 04:50:49', 420),
(618, 'Aprobado', '2018-07-29 04:50:51', 421),
(619, 'Rechazado', '2018-07-29 04:50:51', 421),
(620, 'Aprobado', '2018-07-29 04:50:53', 422),
(621, 'Rechazado', '2018-07-29 04:50:53', 422),
(622, 'Aprobado', '2018-07-29 04:50:55', 423),
(623, 'Rechazado', '2018-07-29 04:50:55', 423),
(624, 'Aprobado', '2018-07-29 04:50:58', 424),
(625, 'Rechazado', '2018-07-29 04:50:58', 424),
(626, 'Aprobado', '2018-07-29 04:51:00', 425),
(627, 'Rechazado', '2018-07-29 04:51:00', 425),
(628, 'Aprobado', '2018-07-29 04:51:02', 426),
(629, 'Rechazado', '2018-07-29 04:51:02', 426),
(630, 'Aprobado', '2018-07-29 04:51:04', 427),
(631, 'Rechazado', '2018-07-29 04:51:04', 427),
(632, 'Aprobado', '2018-07-29 04:51:07', 428),
(633, 'Rechazado', '2018-07-29 04:51:07', 428),
(634, 'Aprobado', '2018-07-29 04:51:09', 429),
(635, 'Rechazado', '2018-07-29 04:51:09', 429),
(636, 'Aprobado', '2018-07-29 04:51:11', 430),
(637, 'Rechazado', '2018-07-29 04:51:11', 430),
(638, 'Aprobado', '2018-07-29 04:51:14', 431),
(639, 'Rechazado', '2018-07-29 04:51:14', 431),
(640, 'Aprobado', '2018-07-29 04:51:18', 432),
(641, 'Rechazado', '2018-07-29 04:51:18', 432),
(642, 'Aprobado', '2018-07-29 04:51:21', 433),
(643, 'Rechazado', '2018-07-29 04:51:21', 433),
(644, 'Aprobado', '2018-07-29 04:51:23', 434),
(645, 'Rechazado', '2018-07-29 04:51:23', 434),
(646, 'Aprobado', '2018-07-29 04:51:26', 435),
(647, 'Rechazado', '2018-07-29 04:51:26', 435),
(648, 'Aprobado', '2018-07-29 04:51:29', 436),
(649, 'Rechazado', '2018-07-29 04:51:29', 436),
(650, 'Aprobado', '2018-07-29 04:52:07', 437),
(651, 'Rechazado', '2018-07-29 04:52:07', 437),
(652, 'Aprobado', '2018-07-29 04:52:12', 438),
(653, 'Rechazado', '2018-07-29 04:52:12', 438),
(654, 'Aprobado', '2018-07-29 04:52:18', 439),
(655, 'Rechazado', '2018-07-29 04:52:18', 439),
(656, 'Aprobado', '2018-07-29 04:52:24', 440),
(657, 'Rechazado', '2018-07-29 04:52:24', 440),
(658, 'Aprobado', '2018-07-29 04:52:30', 441),
(659, 'Rechazado', '2018-07-29 04:52:30', 441),
(660, 'Aprobado', '2018-07-29 04:52:35', 442),
(661, 'Rechazado', '2018-07-29 04:52:35', 442),
(662, 'Aprobado', '2018-07-29 04:52:42', 443),
(663, 'Rechazado', '2018-07-29 04:52:42', 443),
(664, 'Aprobado', '2018-07-29 04:52:49', 444),
(665, 'Rechazado', '2018-07-29 04:52:49', 444),
(666, 'Aprobado', '2018-07-29 04:52:55', 445),
(667, 'Rechazado', '2018-07-29 04:52:55', 445),
(668, 'Aprobado', '2018-07-29 04:53:01', 446),
(669, 'Rechazado', '2018-07-29 04:53:01', 446),
(670, 'Aprobado', '2018-07-29 04:53:07', 447),
(671, 'Rechazado', '2018-07-29 04:53:07', 447),
(672, 'Aprobado', '2018-07-29 04:53:12', 448),
(673, 'Rechazado', '2018-07-29 04:53:12', 448),
(674, 'Aprobado', '2018-07-29 04:53:19', 449),
(675, 'Rechazado', '2018-07-29 04:53:19', 449),
(676, 'Aprobado', '2018-07-29 04:53:26', 450),
(677, 'Rechazado', '2018-07-29 04:53:26', 450),
(678, 'Aprobado', '2018-07-29 04:53:33', 451),
(679, 'Rechazado', '2018-07-29 04:53:33', 451),
(680, 'Aprobado', '2018-07-29 04:53:41', 452),
(681, 'Rechazado', '2018-07-29 04:53:41', 452),
(682, 'Aprobado', '2018-07-29 04:53:46', 453),
(683, 'Rechazado', '2018-07-29 04:53:46', 453),
(684, 'Aprobado', '2018-07-29 14:23:47', 454),
(685, 'Rechazado', '2018-07-29 14:23:47', 454),
(706, 'Aprobado', '2018-07-29 14:44:14', 488),
(707, 'Rechazado', '2018-07-29 14:44:14', 488),
(726, 'Aprobado', '2018-07-29 14:47:43', 510),
(727, 'Rechazado', '2018-07-29 14:47:43', 510),
(728, 'Aprobado', '2018-07-29 14:47:45', 511),
(729, 'Rechazado', '2018-07-29 14:47:45', 511),
(730, 'Aprobado', '2018-07-29 14:47:47', 512),
(731, 'Rechazado', '2018-07-29 14:47:47', 512),
(732, 'Aprobado', '2018-07-29 14:47:49', 513),
(733, 'Rechazado', '2018-07-29 14:47:49', 513),
(734, 'Aprobado', '2018-07-29 14:47:52', 514),
(735, 'Rechazado', '2018-07-29 14:47:52', 514),
(736, 'Aprobado', '2018-07-29 14:48:27', 515),
(737, 'Rechazado', '2018-07-29 14:48:27', 515),
(738, 'Aprobado', '2018-07-29 14:48:33', 517),
(739, 'Rechazado', '2018-07-29 14:48:33', 517),
(740, 'Aprobado', '2018-07-29 14:49:05', 519),
(741, 'Rechazado', '2018-07-29 14:49:05', 519),
(742, 'Aprobado', '2018-07-29 14:49:11', 521),
(743, 'Rechazado', '2018-07-29 14:49:11', 521),
(744, 'Aprobado', '2018-07-29 14:51:08', 523),
(745, 'Rechazado', '2018-07-29 14:51:08', 523),
(746, 'Aprobado', '2018-07-29 14:51:14', 525),
(747, 'Rechazado', '2018-07-29 14:51:14', 525),
(748, 'Aprobado', '2018-07-29 14:55:48', 537),
(749, 'Rechazado', '2018-07-29 14:55:48', 537),
(750, 'Aprobado', '2018-07-29 14:55:55', 539),
(751, 'Rechazado', '2018-07-29 14:55:55', 539),
(752, 'Aprobado', '2018-07-29 14:56:05', 541),
(753, 'Rechazado', '2018-07-29 14:56:05', 541),
(754, 'Aprobado', '2018-07-29 14:56:14', 543),
(755, 'Rechazado', '2018-07-29 14:56:14', 543),
(756, 'Aprobado', '2018-07-29 14:56:21', 545),
(757, 'Rechazado', '2018-07-29 14:56:21', 545),
(758, 'Aprobado', '2018-07-29 14:56:29', 547),
(759, 'Rechazado', '2018-07-29 14:56:29', 547),
(760, 'Aprobado', '2018-07-29 14:56:40', 549),
(761, 'Rechazado', '2018-07-29 14:56:40', 549),
(762, 'Aprobado', '2018-07-29 14:56:49', 551),
(763, 'Rechazado', '2018-07-29 14:56:49', 551),
(778, 'Aprobado', '2018-07-29 15:02:59', 567),
(779, 'Rechazado', '2018-07-29 15:02:59', 567),
(780, 'Aprobado', '2018-07-29 15:07:19', 569),
(781, 'Rechazado', '2018-07-29 15:07:19', 569),
(782, 'Aprobado', '2018-07-29 15:08:58', 571),
(783, 'Rechazado', '2018-07-29 15:08:58', 571),
(784, 'Aprobado', '2018-07-29 15:18:40', 574),
(785, 'Rechazado', '2018-07-29 15:18:44', 574),
(786, 'Aprobado', '2018-07-29 15:18:50', 575),
(787, 'Rechazado', '2018-07-29 15:18:56', 575),
(788, 'Aprobado', '2018-07-29 15:19:08', 576),
(789, 'Rechazado', '2018-07-29 15:19:08', 576),
(790, 'Aprobado', '2018-07-29 15:23:12', 581),
(791, 'Rechazado', '2018-07-29 15:23:12', 581),
(792, 'Aprobado', '2018-07-29 15:28:44', 583),
(793, 'Rechazado', '2018-07-29 15:28:44', 583),
(794, 'Aprobado', '2018-07-29 15:28:46', 584),
(795, 'Rechazado', '2018-07-29 15:28:46', 584),
(796, 'Aprobado', '2018-07-29 15:28:48', 585),
(797, 'Rechazado', '2018-07-29 15:28:48', 585),
(798, 'Aprobado', '2018-07-29 15:28:50', 586),
(799, 'Rechazado', '2018-07-29 15:28:50', 586),
(800, 'Obstruidos', '2018-07-29 15:31:51', 591),
(801, 'Normales', '2018-07-29 15:31:55', 591),
(802, 'Obstruidos', '2018-07-29 15:32:07', 592),
(803, 'Normales', '2018-07-29 15:32:11', 592),
(804, 'SI', '2018-07-29 15:32:25', 593),
(805, 'NO', '2018-07-29 15:32:27', 593),
(806, 'Aprobado', '2018-07-29 15:40:28', 599),
(807, 'Rechazado', '2018-07-29 15:40:28', 599),
(808, 'Aprobado', '2018-07-29 15:40:33', 601),
(809, 'Rechazado', '2018-07-29 15:40:33', 601),
(810, 'Aprobado', '2018-07-29 15:40:39', 603),
(811, 'Rechazado', '2018-07-29 15:40:39', 603),
(812, 'A-Fijos', '2018-07-29 15:43:51', 610),
(813, 'B-Hidraulicos', '2018-07-29 15:44:00', 610),
(814, 'Normales:', '2018-07-29 15:44:50', 611),
(815, 'Fisurados', '2018-07-29 15:44:57', 611),
(816, 'Deformados', '2018-07-29 15:45:06', 611),
(817, 'Aprobado', '2018-07-29 15:49:39', 620),
(818, 'Rechazado', '2018-07-29 15:49:39', 620),
(831, 'Cambiar', '2018-07-29 16:01:29', 638),
(832, 'No Cambiar', '2018-07-29 16:01:33', 638),
(833, 'Cambiar', '2018-07-29 16:03:09', 643),
(834, 'No Cambiar', '2018-07-29 16:03:16', 643),
(835, 'Aprobado', '2018-07-29 16:06:54', 647),
(836, 'Rechazado', '2018-07-29 16:06:54', 647),
(837, 'Aprobado', '2018-07-29 16:11:07', 649),
(838, 'Rechazado', '2018-07-29 16:11:07', 649),
(839, 'Aprobado', '2018-07-29 16:11:32', 651),
(840, 'Rechazado', '2018-07-29 16:11:32', 651),
(841, 'Aprobado', '2018-07-29 16:18:10', 667),
(842, 'Rechazado', '2018-07-29 16:18:10', 667),
(843, 'Aprobado', '2018-07-29 16:20:59', 671),
(844, 'Rechazado', '2018-07-29 16:20:59', 671),
(845, 'Aprobado', '2018-07-29 16:21:11', 672),
(846, 'Rechazado', '2018-07-29 16:21:11', 672),
(847, 'Aprobado', '2018-07-29 16:21:40', 673),
(848, 'Rechazado', '2018-07-29 16:21:40', 673),
(849, 'Aprobado', '2018-07-29 16:22:33', 674),
(850, 'Rechazado', '2018-07-29 16:22:33', 674),
(851, 'Aprobado', '2018-07-29 16:22:41', 675),
(852, 'Rechazado', '2018-07-29 16:22:41', 675),
(853, 'Aprobado', '2018-07-29 17:28:31', 680),
(854, 'Rechazado', '2018-07-29 17:28:31', 680),
(855, 'Aprobado', '2018-07-29 17:28:33', 681),
(856, 'Rechazado', '2018-07-29 17:28:33', 681),
(857, 'Aprobado', '2018-07-29 17:30:06', 682),
(858, 'Rechazado', '2018-07-29 17:30:06', 682),
(859, 'Bajas', '2018-07-29 17:34:50', 686),
(860, 'Desparejas', '2018-07-29 17:34:54', 686),
(861, 'Gastado', '2018-07-29 17:35:12', 687),
(862, 'Desparejo', '2018-07-29 17:35:17', 687),
(863, 'Aprobado', '2018-07-29 17:39:18', 697),
(864, 'Rechazado', '2018-07-29 17:39:18', 697),
(865, 'Aprobado', '2018-07-29 17:40:17', 699),
(866, 'Reprobado', '2018-07-29 17:40:23', 699),
(867, 'Encamisar', '2018-07-29 17:40:31', 699),
(868, 'Aprobado', '2018-07-29 17:41:33', 701),
(869, 'Rechazado:', '2018-07-29 17:41:39', 701),
(870, 'Reconstruir', '2018-07-29 17:41:46', 701),
(871, 'Aprobado', '2018-07-29 17:52:08', 708),
(872, 'Rechazado', '2018-07-29 17:52:08', 708),
(873, 'STD', '2018-07-29 18:47:39', 710),
(874, 'Otra Medida', '2018-07-29 18:47:53', 710),
(875, 'Fundida', '2018-07-29 19:02:00', 711),
(876, 'Fuera de Medida', '2018-07-29 19:02:09', 711),
(877, 'STD', '2018-07-29 19:04:02', 712),
(878, 'Otra Medida', '2018-07-29 19:04:19', 712),
(879, 'STD', '2018-07-29 19:04:28', 713),
(880, 'Otra Medida', '2018-07-29 19:04:34', 713),
(881, 'STD', '2018-07-29 19:04:41', 714),
(882, 'Otra Medida', '2018-07-29 19:04:45', 714),
(883, 'STD', '2018-07-29 19:04:52', 715),
(884, 'Otra Medida', '2018-07-29 19:04:55', 715),
(885, 'STD', '2018-07-29 19:05:02', 716),
(886, 'Otra Medida', '2018-07-29 19:05:04', 716),
(887, 'STD', '2018-07-29 19:05:10', 717),
(888, 'Otra Medida', '2018-07-29 19:05:12', 717),
(889, 'STD', '2018-07-29 19:05:19', 718),
(890, 'Otra Medida', '2018-07-29 19:05:22', 718),
(891, 'STD', '2018-07-29 19:05:30', 719),
(892, 'Otra Medida', '2018-07-29 19:05:33', 719),
(893, 'STD', '2018-07-29 19:05:41', 720),
(894, 'Otra Medida', '2018-07-29 19:05:43', 720),
(895, 'STD', '2018-07-29 19:05:50', 721),
(896, 'Otra Medida', '2018-07-29 19:05:52', 721),
(899, 'Fundida', '2018-07-29 19:07:56', 722),
(900, 'Fuera de Medida', '2018-07-29 19:08:11', 722),
(901, 'Fundida', '2018-07-29 19:08:18', 723),
(902, 'Fuera de Medida', '2018-07-29 19:08:32', 723),
(903, 'Fundida', '2018-07-29 19:08:41', 724),
(904, 'Fuera de Medida', '2018-07-29 19:08:44', 724),
(905, 'Fundida', '2018-07-29 19:08:51', 725),
(906, 'Fuera de Medida', '2018-07-29 19:08:54', 725),
(907, 'Fundida', '2018-07-29 19:09:01', 726),
(908, 'Fuera de Medida', '2018-07-29 19:09:05', 726),
(909, 'Fundida', '2018-07-29 19:09:14', 727),
(910, 'Fuera de Medida', '2018-07-29 19:09:16', 727),
(911, 'Fundida', '2018-07-29 19:09:24', 728),
(912, 'Fuera de Medida', '2018-07-29 19:09:26', 728),
(913, 'Fundida', '2018-07-29 19:09:34', 729),
(914, 'Fuera de Medida', '2018-07-29 19:09:36', 729),
(915, 'Fundida', '2018-07-29 19:09:43', 730),
(916, 'Fuera de Medida', '2018-07-29 19:09:48', 730),
(917, 'Fundida', '2018-07-29 19:09:57', 731),
(918, 'Fuera de Medida', '2018-07-29 19:10:05', 731),
(919, 'STD', '2018-07-29 20:53:45', 732),
(920, 'Otra Medida', '2018-07-29 20:53:51', 732),
(921, 'STD', '2018-07-29 20:54:03', 733),
(922, '', '2018-07-29 20:54:08', 733),
(923, 'Otra Medida', '2018-07-29 20:54:25', 733),
(924, 'STD', '2018-07-29 20:54:32', 734),
(925, 'Otra Medida', '2018-07-29 20:55:42', 734),
(926, 'STD', '2018-07-29 20:55:56', 735),
(927, 'Otra Medida', '2018-07-29 20:56:03', 735),
(928, 'STD', '2018-07-29 20:56:10', 736),
(929, 'Otra Medida', '2018-07-29 20:56:23', 736),
(930, 'STD', '2018-07-29 20:56:30', 737),
(931, 'Otra Medida', '2018-07-29 20:56:39', 737),
(932, 'STD', '2018-07-29 20:57:12', 738),
(933, 'Otra Medida', '2018-07-29 20:59:01', 738),
(934, 'STD', '2018-07-29 20:59:12', 739),
(935, 'Otra Medida', '2018-07-29 20:59:23', 739),
(936, 'STD', '2018-07-29 20:59:38', 740),
(937, 'Otra Medida', '2018-07-29 20:59:44', 740),
(938, 'STD', '2018-07-29 20:59:51', 741),
(939, 'Otra Medida', '2018-07-29 20:59:57', 741),
(940, 'STD', '2018-07-29 21:00:18', 742),
(941, 'Otra Medida', '2018-07-29 21:00:24', 742),
(942, 'STD', '2018-07-29 21:00:30', 743),
(943, 'Otra Medida', '2018-07-29 21:00:37', 743),
(944, 'STD', '2018-07-29 21:00:43', 744),
(945, 'Otra Medida', '2018-07-29 21:00:49', 744),
(946, 'STD', '2018-07-29 21:00:58', 745),
(947, 'Otra Medida', '2018-07-29 21:01:04', 745),
(948, 'STD', '2018-07-29 21:01:12', 746),
(949, 'Otra Medida', '2018-07-29 21:01:29', 746),
(950, 'STD', '2018-07-29 21:01:38', 747),
(951, 'Otra Medida', '2018-07-29 21:01:44', 747),
(952, 'STD', '2018-07-29 21:01:52', 748),
(953, 'Otra Medida', '2018-07-29 21:02:02', 748),
(954, 'Fundida', '2018-07-29 21:02:19', 749),
(955, 'Fundida', '2018-07-29 21:02:23', 750),
(956, 'Fundida', '2018-07-29 21:02:27', 751),
(957, 'Fundida', '2018-07-29 21:02:32', 752),
(958, 'Fundida', '2018-07-29 21:02:37', 753),
(959, 'Fundida', '2018-07-29 21:02:41', 754),
(960, '', '2018-07-29 21:03:34', 754),
(961, 'Fundida', '2018-07-29 21:04:24', 755),
(962, 'Fundida', '2018-07-29 21:04:30', 756),
(963, 'Fundida', '2018-07-29 21:04:34', 757),
(964, 'Fundida', '2018-07-29 21:04:39', 758),
(965, 'Fundida', '2018-07-29 21:05:35', 759),
(966, 'Fundida', '2018-07-29 21:05:40', 760),
(967, 'Fundida', '2018-07-29 21:05:45', 761),
(968, 'Fundida', '2018-07-29 21:05:50', 762),
(969, 'Fundida', '2018-07-29 21:05:54', 763),
(970, 'Fundida', '2018-07-29 21:05:59', 764),
(971, 'Fundida', '2018-07-29 21:06:04', 765),
(972, 'Fuera de Medida', '2018-07-29 21:08:05', 749),
(973, 'Fuera de Medida', '2018-07-29 21:08:14', 750),
(974, 'Fuera de Medida', '2018-07-29 21:08:21', 751),
(975, 'Fuera de Medida', '2018-07-29 21:08:26', 752),
(976, 'Fuera de Medida', '2018-07-29 21:08:30', 753),
(977, 'Fuera de Medida', '2018-07-29 21:08:37', 754),
(978, 'Fuera de Medida', '2018-07-29 21:08:42', 755),
(979, 'Fuera de Medida', '2018-07-29 21:08:46', 756),
(980, 'Fuera de Medida', '2018-07-29 21:08:51', 757),
(981, 'Fuera de Medida', '2018-07-29 21:08:56', 758),
(982, 'Fuera de Medida', '2018-07-29 21:11:26', 759),
(983, 'Fuera de Medida', '2018-07-29 21:11:30', 760),
(984, 'Fuera de Medida', '2018-07-29 21:11:36', 761),
(985, 'Fuera de Medida', '2018-07-29 21:11:45', 762),
(986, 'Fuera de Medida', '2018-07-29 21:11:49', 763),
(987, 'Fuera de Medida', '2018-07-29 21:11:55', 764),
(988, 'Fuera de Medida', '2018-07-29 21:12:00', 765),
(989, 'Normal', '2018-07-29 21:26:22', 766),
(990, 'Falta de Dureza', '2018-07-29 21:26:24', 766),
(991, 'Normal', '2018-07-29 21:26:32', 767),
(992, 'Falta de Dureza', '2018-07-29 21:26:34', 767),
(993, 'Normal', '2018-07-29 21:26:41', 768),
(994, 'Falta de Dureza', '2018-07-29 21:26:42', 768),
(995, 'Normal', '2018-07-29 21:26:55', 769),
(996, 'Falta de Dureza', '2018-07-29 21:26:57', 769),
(997, 'Normal', '2018-07-29 21:27:04', 770),
(998, 'Falta de Dureza', '2018-07-29 21:27:07', 770),
(999, 'Normal', '2018-07-29 21:27:17', 771),
(1000, 'Falta de Dureza', '2018-07-29 21:27:19', 771),
(1001, 'Normal', '2018-07-29 21:27:26', 772),
(1002, 'Falta de Dureza', '2018-07-29 21:27:28', 772),
(1003, 'Normal', '2018-07-29 21:27:34', 773),
(1004, 'Falta de Dureza', '2018-07-29 21:27:36', 773),
(1005, 'Normal', '2018-07-29 21:27:42', 774),
(1006, 'Falta de Dureza', '2018-07-29 21:27:44', 774),
(1007, 'Normal', '2018-07-29 21:27:50', 775),
(1008, 'Falta de Dureza', '2018-07-29 21:27:52', 775),
(1009, 'Normal', '2018-07-29 21:35:07', 776),
(1010, 'Falta Dureza', '2018-07-29 21:35:16', 776),
(1011, 'Normal', '2018-07-29 21:35:26', 777),
(1012, 'Falta Dureza', '2018-07-29 21:35:28', 777),
(1013, 'Normal', '2018-07-29 21:35:35', 778),
(1014, 'Falta Dureza', '2018-07-29 21:35:37', 778),
(1015, 'Normal', '2018-07-29 21:35:43', 779),
(1016, 'Falta Dureza', '2018-07-29 21:35:49', 779),
(1017, 'Normal', '2018-07-29 21:35:58', 780),
(1018, 'Falta Dureza', '2018-07-29 21:36:00', 780),
(1019, 'Normal', '2018-07-29 21:36:08', 781),
(1020, 'Falta Dureza', '2018-07-29 21:36:09', 781),
(1021, 'Normal', '2018-07-29 21:36:33', 782),
(1022, 'Falta Dureza', '2018-07-29 21:36:35', 782),
(1023, 'Normal', '2018-07-29 21:36:46', 783),
(1024, 'Falta Dureza', '2018-07-29 21:36:48', 783),
(1025, 'Normal', '2018-07-29 21:37:00', 784),
(1026, 'Falta Dureza', '2018-07-29 21:37:02', 784),
(1027, 'Normal', '2018-07-29 21:37:07', 785),
(1028, 'Falta Dureza', '2018-07-29 21:37:09', 785),
(1029, 'Normal', '2018-07-29 21:37:17', 786),
(1030, 'Falta Dureza', '2018-07-29 21:37:18', 786),
(1031, 'Normal', '2018-07-29 21:37:27', 787),
(1032, 'Falta Dureza', '2018-07-29 21:37:29', 787),
(1033, 'Normal', '2018-07-29 21:38:41', 788),
(1034, 'Falta Dureza', '2018-07-29 21:38:43', 788),
(1035, 'Normal', '2018-07-29 21:38:49', 789),
(1036, 'Falta Dureza', '2018-07-29 21:38:52', 789),
(1037, 'Normal', '2018-07-29 21:39:17', 790),
(1038, 'Falta Dureza', '2018-07-29 21:39:19', 790),
(1039, 'Normal', '2018-07-29 21:39:27', 791),
(1040, 'Falta Dureza', '2018-07-29 21:39:28', 791),
(1041, 'Normal', '2018-07-29 21:39:33', 792),
(1042, 'Falta Dureza', '2018-07-29 21:39:35', 792),
(1043, 'Normal', '2018-07-29 21:44:16', 793),
(1044, 'Falta de Radio', '2018-07-29 21:44:24', 793),
(1045, 'Normal', '2018-07-29 21:44:30', 794),
(1046, 'Falta de Radio', '2018-07-29 21:44:32', 794),
(1047, 'Normal', '2018-07-29 21:45:05', 795),
(1048, 'Falta de Radio', '2018-07-29 21:45:07', 795),
(1049, 'Normal', '2018-07-29 21:45:16', 796),
(1050, 'Falta de Radio', '2018-07-29 21:45:18', 796),
(1051, 'Normal', '2018-07-29 21:45:23', 797),
(1052, 'Falta de Radio', '2018-07-29 21:45:24', 797),
(1053, 'Normal', '2018-07-29 21:45:29', 798),
(1054, 'Falta de Radio', '2018-07-29 21:45:31', 798),
(1055, 'Normal', '2018-07-29 21:45:36', 799),
(1056, 'Falta de Radio', '2018-07-29 21:45:38', 799),
(1057, 'Normal', '2018-07-29 21:45:52', 800),
(1058, 'Falta de Radio', '2018-07-29 21:45:53', 800),
(1059, 'Normal', '2018-07-29 21:45:58', 801),
(1060, 'Falta de Radio', '2018-07-29 21:46:01', 801),
(1061, 'Normal', '2018-07-29 21:46:10', 802),
(1062, 'Falta de Radio', '2018-07-29 21:46:13', 802),
(1063, 'Normal', '2018-07-29 21:46:19', 803),
(1064, 'Falta de Radio', '2018-07-29 21:46:21', 803),
(1065, 'Normal', '2018-07-29 23:11:04', 804),
(1066, 'Normal', '2018-07-29 23:11:09', 805),
(1067, 'Normal', '2018-07-29 23:11:13', 806),
(1068, 'Normal', '2018-07-29 23:11:18', 807),
(1069, 'Normal', '2018-07-29 23:11:24', 808),
(1070, 'Normal', '2018-07-29 23:11:52', 809),
(1071, 'Normal', '2018-07-29 23:11:56', 810),
(1072, 'Normal', '2018-07-29 23:12:08', 811),
(1073, 'Normal', '2018-07-29 23:12:15', 812),
(1074, 'Normal', '2018-07-29 23:12:20', 813),
(1075, 'Normal', '2018-07-29 23:12:24', 814),
(1076, 'Normal', '2018-07-29 23:12:29', 815),
(1077, 'Normal', '2018-07-29 23:12:33', 816),
(1078, 'Normal', '2018-07-29 23:12:38', 817),
(1079, 'Normal', '2018-07-29 23:12:42', 818),
(1080, 'Normal', '2018-07-29 23:12:46', 819),
(1081, 'Normal', '2018-07-29 23:12:55', 820),
(1082, 'Falta de Radio', '2018-07-29 23:13:17', 804),
(1083, 'Falta de Radio', '2018-07-29 23:13:22', 805),
(1084, 'Falta de Radio', '2018-07-29 23:13:26', 806),
(1085, 'Falta de Radio', '2018-07-29 23:13:30', 807),
(1086, 'Falta de Radio', '2018-07-29 23:13:34', 808),
(1087, 'Falta de Radio', '2018-07-29 23:13:38', 809),
(1088, 'Falta de Radio', '2018-07-29 23:13:42', 810),
(1089, 'Falta de Radio', '2018-07-29 23:13:46', 811),
(1090, 'Falta de Radio', '2018-07-29 23:13:52', 812),
(1091, 'Falta de Radio', '2018-07-29 23:13:57', 813),
(1092, 'Falta de Radio', '2018-07-29 23:14:01', 814),
(1093, 'Falta de Radio', '2018-07-29 23:14:05', 815),
(1094, 'Falta de Radio', '2018-07-29 23:14:09', 816),
(1095, 'Falta de Radio', '2018-07-29 23:14:13', 817),
(1096, 'Falta de Radio', '2018-07-29 23:14:17', 818),
(1097, 'Falta de Radio', '2018-07-29 23:14:22', 819),
(1098, 'Falta de Radio', '2018-07-29 23:14:25', 820),
(1099, 'Aprobado', '2018-07-29 23:15:29', 822),
(1100, 'Rechazado', '2018-07-29 23:15:29', 822),
(1101, 'Aprobado', '2018-07-29 23:15:32', 823),
(1102, 'Rechazado', '2018-07-29 23:15:32', 823),
(1103, 'Aprobado', '2018-07-29 23:24:54', 826),
(1104, 'Rechazado', '2018-07-29 23:24:54', 826),
(1105, 'Aprobado', '2018-07-29 23:25:25', 829),
(1106, 'Rechazado', '2018-07-29 23:25:25', 829),
(1107, 'Aprobado', '2018-07-29 23:32:14', 834),
(1108, 'Rechazado', '2018-07-29 23:32:14', 834),
(1109, 'Aprobado', '2018-07-29 23:32:40', 837),
(1110, 'Rechazado', '2018-07-29 23:32:40', 837),
(1111, 'Aprobado', '2018-07-29 23:38:42', 865),
(1112, 'Rechazado', '2018-07-29 23:38:42', 865),
(1113, 'Aprobado', '2018-07-29 23:43:17', 867),
(1114, 'Rechazado', '2018-07-29 23:43:17', 867),
(1115, 'Aprobado', '2018-07-29 23:43:50', 870),
(1116, 'Rechazado', '2018-07-29 23:43:50', 870),
(1200, 'Importado', '2018-07-31 14:31:56', 1210),
(1201, 'Nacional', '2018-07-31 14:32:02', 1210),
(1202, 'Importado', '2018-07-31 14:42:35', 1234),
(1203, 'Nacional', '2018-07-31 14:42:39', 1234),
(1204, 'Rectificado', '2018-07-31 14:50:44', 1237),
(1205, 'Encamisado (*)', '2018-07-31 14:50:55', 1237),
(1208, 'Nuevo ', '2018-07-31 15:31:39', 1275),
(1209, 'Usado', '2018-07-31 15:31:50', 1275),
(1212, '', '2018-07-31 15:45:00', 1281),
(1213, 'Nueva', '2018-07-31 15:48:27', 1285),
(1214, 'Usada', '2018-07-31 15:48:30', 1285),
(1215, 'Nuevo ', '2018-07-31 15:55:03', 1291),
(1216, 'Usado:', '2018-07-31 15:55:07', 1291),
(1219, 'Nueva:', '2018-07-31 16:16:47', 1315),
(1220, 'Usada', '2018-07-31 16:16:54', 1315),
(1229, 'Si', '2018-07-31 18:17:06', 1379),
(1230, 'No', '2018-07-31 18:17:08', 1379),
(1231, 'Bueno', '2018-07-31 18:17:45', 1381),
(1232, 'Malo', '2018-07-31 18:17:49', 1381),
(1233, 'Nuevo', '2018-07-31 18:17:55', 1381),
(1234, 'Si ', '2018-07-31 18:18:36', 1382),
(1235, 'No', '2018-07-31 18:18:38', 1382),
(1236, 'Bueno', '2018-07-31 18:18:44', 1384),
(1237, 'Malo', '2018-07-31 18:18:46', 1384),
(1238, 'Nuevo', '2018-07-31 18:18:53', 1384),
(1239, 'Si', '2018-07-31 18:19:41', 1385),
(1240, 'No', '2018-07-31 18:19:44', 1385),
(1241, 'Bueno', '2018-07-31 18:20:07', 1387),
(1242, 'Malo', '2018-07-31 18:20:12', 1387),
(1243, 'Nuevo', '2018-07-31 18:20:16', 1387),
(1244, 'Si', '2018-07-31 18:21:39', 1388),
(1245, 'No', '2018-07-31 18:21:42', 1388),
(1246, 'Bueno', '2018-07-31 18:21:48', 1390),
(1247, 'Malo', '2018-07-31 18:21:51', 1390),
(1248, 'Nuevo', '2018-07-31 18:21:56', 1390),
(1249, 'Si', '2018-07-31 18:22:19', 1391);
INSERT INTO `frm_valores_validos` (`VAPO_ID`, `VALOR`, `FEC_CREACION`, `VALO_ID`) VALUES
(1250, 'No', '2018-07-31 18:22:21', 1391),
(1251, 'Bueno', '2018-07-31 18:22:43', 1393),
(1252, 'Malo', '2018-07-31 18:22:48', 1393),
(1253, 'Nuevo', '2018-07-31 18:22:53', 1393),
(1254, 'Si', '2018-07-31 18:23:16', 1394),
(1255, 'No', '2018-07-31 18:23:19', 1394),
(1256, 'Bueno', '2018-07-31 18:23:52', 1396),
(1257, 'Malo', '2018-07-31 18:23:56', 1396),
(1258, 'Nuevo', '2018-07-31 18:24:01', 1396),
(1259, 'Si', '2018-07-31 18:25:19', 1397),
(1260, 'No', '2018-07-31 18:25:21', 1397),
(1261, 'Bueno', '2018-07-31 18:25:25', 1399),
(1262, 'Malo', '2018-07-31 18:25:29', 1399),
(1263, 'Normal', '2018-07-31 18:25:33', 1399),
(1264, 'Si', '2018-07-31 18:26:00', 1400),
(1265, 'No', '2018-07-31 18:26:02', 1400),
(1267, 'Bueno', '2018-07-31 18:26:28', 1402),
(1268, 'Malo', '2018-07-31 18:26:32', 1402),
(1269, 'Nuevo', '2018-07-31 18:26:44', 1402),
(1270, 'Si', '2018-07-31 18:27:30', 1403),
(1271, 'No', '2018-07-31 18:27:35', 1403),
(1272, 'Bueno', '2018-07-31 18:27:40', 1405),
(1273, 'Malo', '2018-07-31 18:27:43', 1405),
(1274, 'Normal', '2018-07-31 18:27:46', 1405),
(1275, 'Si', '2018-07-31 18:28:12', 1406),
(1276, 'No', '2018-07-31 18:28:14', 1406),
(1277, 'Bueno', '2018-07-31 18:28:34', 1408),
(1278, 'Malo', '2018-07-31 18:28:36', 1408),
(1279, 'Nuevo', '2018-07-31 18:28:39', 1408),
(1280, 'Si', '2018-07-31 18:29:54', 1409),
(1281, 'No', '2018-07-31 18:29:56', 1409),
(1282, 'Bueno', '2018-07-31 18:30:03', 1411),
(1283, 'Malo', '2018-07-31 18:30:06', 1411),
(1284, 'Nuevo', '2018-07-31 18:30:10', 1411),
(1285, 'Si', '2018-07-31 18:30:38', 1412),
(1286, 'No', '2018-07-31 18:30:41', 1412),
(1287, 'Bueno ', '2018-07-31 18:30:58', 1414),
(1288, 'Malo', '2018-07-31 18:31:01', 1414),
(1289, 'Nuevo', '2018-07-31 18:31:05', 1414),
(1290, 'Si', '2018-07-31 18:32:18', 1415),
(1291, 'No', '2018-07-31 18:32:20', 1415),
(1292, 'Bueno', '2018-07-31 18:32:38', 1417),
(1293, 'Malo', '2018-07-31 18:32:41', 1417),
(1294, 'Nuevo', '2018-07-31 18:32:44', 1417),
(1295, 'Si', '2018-07-31 18:33:25', 1418),
(1296, 'No', '2018-07-31 18:33:28', 1418),
(1297, 'Bueno', '2018-07-31 18:33:32', 1420),
(1298, 'Malo', '2018-07-31 18:33:35', 1420),
(1299, 'Nuevo', '2018-07-31 18:33:40', 1420),
(1300, 'Si', '2018-07-31 18:34:15', 1421),
(1301, 'No', '2018-07-31 18:34:18', 1421),
(1302, 'Bueno', '2018-07-31 18:34:22', 1423),
(1303, 'Malo', '2018-07-31 18:34:25', 1423),
(1304, 'Nuevo', '2018-07-31 18:34:33', 1423),
(1305, 'Si', '2018-07-31 18:47:30', 1433),
(1306, 'No', '2018-07-31 18:47:33', 1433),
(1307, 'Bueno', '2018-07-31 18:47:43', 1435),
(1308, 'Malo', '2018-07-31 18:47:48', 1435),
(1309, 'Nuevo', '2018-07-31 18:47:52', 1435),
(1310, 'Si', '2018-07-31 18:49:39', 1436),
(1311, 'No', '2018-07-31 18:49:41', 1436),
(1312, 'Bueno', '2018-07-31 18:49:46', 1438),
(1313, 'Malo', '2018-07-31 18:49:50', 1438),
(1314, 'Nuevo', '2018-07-31 18:49:55', 1438),
(1315, 'Si', '2018-07-31 18:50:25', 1439),
(1316, 'No', '2018-07-31 18:50:27', 1439),
(1317, 'Bueno', '2018-07-31 18:50:56', 1441),
(1318, 'Malo', '2018-07-31 18:50:59', 1441),
(1319, 'Nuevo', '2018-07-31 18:51:02', 1441),
(1320, 'Si', '2018-07-31 18:53:16', 1442),
(1321, 'No', '2018-07-31 18:53:18', 1442),
(1322, 'Bueno', '2018-07-31 18:53:29', 1444),
(1323, 'Malo', '2018-07-31 18:53:32', 1444),
(1324, 'Nuevo', '2018-07-31 18:53:35', 1444),
(1325, 'Si', '2018-07-31 18:54:02', 1445),
(1326, 'No', '2018-07-31 18:54:05', 1445),
(1327, 'Bueno', '2018-07-31 18:54:26', 1447),
(1328, 'Malo', '2018-07-31 18:54:29', 1447),
(1329, 'Nuevo', '2018-07-31 18:54:32', 1447),
(1330, 'Si', '2018-07-31 18:55:20', 1448),
(1331, 'No', '2018-07-31 18:55:23', 1448),
(1332, 'Bueno', '2018-07-31 18:55:27', 1450),
(1333, 'Malo', '2018-07-31 18:55:33', 1450),
(1334, 'Nuevo', '2018-07-31 18:55:38', 1450),
(1335, 'Si', '2018-07-31 18:56:18', 1451),
(1336, 'No', '2018-07-31 18:56:21', 1451),
(1337, 'Bueno', '2018-07-31 18:56:50', 1453),
(1338, 'Malo', '2018-07-31 18:56:53', 1453),
(1339, 'Normal', '2018-07-31 18:56:56', 1453),
(1340, 'Si', '2018-07-31 18:57:45', 1454),
(1341, 'No', '2018-07-31 18:57:47', 1454),
(1342, 'Bueno', '2018-07-31 18:57:53', 1456),
(1343, 'Malo', '2018-07-31 18:57:56', 1456),
(1344, 'Nuevo', '2018-07-31 18:58:00', 1456),
(1345, 'Si', '2018-07-31 18:59:01', 1457),
(1346, 'No', '2018-07-31 18:59:03', 1457),
(1347, 'Bueno', '2018-07-31 18:59:10', 1459),
(1348, 'Malo', '2018-07-31 18:59:13', 1459),
(1349, 'Normal', '2018-07-31 18:59:16', 1459),
(1350, 'Si', '2018-07-31 18:59:52', 1460),
(1351, 'No', '2018-07-31 18:59:54', 1460),
(1352, 'Bueno', '2018-07-31 18:59:58', 1462),
(1353, 'Malo', '2018-07-31 19:00:00', 1462),
(1354, 'Normal', '2018-07-31 19:00:04', 1462),
(1355, 'Si', '2018-07-31 19:00:25', 1463),
(1356, 'No', '2018-07-31 19:00:29', 1463),
(1357, 'Bueno', '2018-07-31 19:00:53', 1465),
(1358, 'Malo', '2018-07-31 19:00:56', 1465),
(1359, 'Normal', '2018-07-31 19:00:59', 1465),
(1360, 'Si', '2018-07-31 19:01:38', 1466),
(1361, 'No', '2018-07-31 19:01:40', 1466),
(1362, 'Bueno', '2018-07-31 19:02:09', 1468),
(1363, 'Malo', '2018-07-31 19:02:13', 1468),
(1364, 'Normal', '2018-07-31 19:02:17', 1468),
(1365, 'Si', '2018-07-31 19:11:32', 1469),
(1366, 'No', '2018-07-31 19:11:38', 1469),
(1367, 'Bueno', '2018-07-31 19:11:42', 1471),
(1368, 'Malo', '2018-07-31 19:11:44', 1471),
(1369, 'Nuevo', '2018-07-31 19:11:52', 1471),
(1370, 'Bueno', '2018-07-31 19:12:43', 1474),
(1371, 'Malo', '2018-07-31 19:12:45', 1474),
(1372, 'Nuevo', '2018-07-31 19:12:48', 1474),
(1373, 'Si', '2018-07-31 19:13:28', 1475),
(1374, 'No', '2018-07-31 19:13:31', 1475),
(1375, 'Bueno', '2018-07-31 19:13:39', 1477),
(1376, 'Malo', '2018-07-31 19:13:42', 1477),
(1377, 'Nuevo', '2018-07-31 19:13:47', 1477),
(1378, 'Si', '2018-07-31 19:14:50', 1478),
(1379, 'No', '2018-07-31 19:14:52', 1478),
(1380, 'Bueno', '2018-07-31 19:14:57', 1480),
(1381, 'Malo', '2018-07-31 19:15:00', 1480),
(1382, 'Nuevo', '2018-07-31 19:15:04', 1480),
(1383, 'Si', '2018-07-31 19:15:39', 1481),
(1384, 'No', '2018-07-31 19:15:41', 1481),
(1385, 'Bueno', '2018-07-31 19:16:09', 1483),
(1386, 'Malo', '2018-07-31 19:16:11', 1483),
(1387, 'Nuevo', '2018-07-31 19:16:14', 1483),
(1388, 'Si', '2018-07-31 19:17:40', 1484),
(1389, 'No', '2018-07-31 19:17:42', 1484),
(1390, 'Bueno', '2018-07-31 19:17:46', 1486),
(1391, 'Malo', '2018-07-31 19:17:48', 1486),
(1392, 'Nuevo', '2018-07-31 19:17:54', 1486),
(1393, 'Si', '2018-07-31 19:23:46', 1496),
(1394, 'No', '2018-07-31 19:23:48', 1496),
(1395, 'Bueno', '2018-07-31 19:23:54', 1498),
(1396, 'Malo', '2018-07-31 19:23:56', 1498),
(1397, 'Nuevo', '2018-07-31 19:23:59', 1498),
(1398, 'Si', '2018-07-31 19:25:15', 1499),
(1399, 'No', '2018-07-31 19:25:17', 1499),
(1400, 'Bueno', '2018-07-31 19:25:21', 1501),
(1401, 'Malo', '2018-07-31 19:25:23', 1501),
(1402, 'Nuevo', '2018-07-31 19:25:27', 1501),
(1403, 'Si', '2018-07-31 19:26:11', 1502),
(1404, 'No', '2018-07-31 19:26:13', 1502),
(1405, 'Bueno', '2018-07-31 19:26:18', 1504),
(1406, 'Malo', '2018-07-31 19:26:21', 1504),
(1407, 'Nuevo', '2018-07-31 19:26:24', 1504),
(1408, 'Si ', '2018-07-31 19:29:11', 1507),
(1409, 'No', '2018-07-31 19:29:13', 1507),
(1410, 'Bueno', '2018-07-31 19:29:25', 1509),
(1411, 'Malo', '2018-07-31 19:29:31', 1509),
(1412, 'Normal', '2018-07-31 19:29:34', 1509),
(1413, 'Si', '2018-07-31 19:30:12', 1510),
(1414, 'No', '2018-07-31 19:30:14', 1510),
(1415, 'Bueno', '2018-07-31 19:30:19', 1512),
(1416, 'Malo', '2018-07-31 19:30:22', 1512),
(1417, 'Normal', '2018-07-31 19:30:25', 1512),
(1418, 'Si', '2018-07-31 19:31:00', 1513),
(1419, 'No', '2018-07-31 19:31:03', 1513),
(1420, 'Bueno', '2018-07-31 19:31:07', 1515),
(1421, 'Malo', '2018-07-31 19:31:12', 1515),
(1422, 'Normal', '2018-07-31 19:31:15', 1515),
(1423, 'Si', '2018-07-31 19:32:09', 1516),
(1424, 'No', '2018-07-31 19:32:12', 1516),
(1425, 'Bueno', '2018-07-31 19:32:17', 1518),
(1426, 'Malo', '2018-07-31 19:32:20', 1518),
(1427, 'Nuevo', '2018-07-31 19:32:27', 1518),
(1428, 'Si', '2018-07-31 19:32:47', 1519),
(1429, 'No', '2018-07-31 19:32:50', 1519),
(1430, 'Bueno', '2018-07-31 19:33:20', 1522),
(1431, 'Malo', '2018-07-31 19:33:23', 1522),
(1432, 'Nuevo', '2018-07-31 19:33:27', 1522),
(1433, 'Si', '2018-07-31 19:33:56', 1523),
(1434, 'No', '2018-07-31 19:33:58', 1523),
(1435, 'Bueno', '2018-07-31 19:34:14', 1525),
(1436, 'Malo', '2018-07-31 19:34:16', 1525),
(1438, 'Nuevo', '2018-07-31 19:34:19', 1525),
(1441, 'Si', '2018-07-31 19:34:59', 1526),
(1442, 'No', '2018-07-31 19:35:02', 1526),
(1443, 'Bueno', '2018-07-31 19:35:47', 1530),
(1444, 'Malo', '2018-07-31 19:35:50', 1530),
(1445, 'Nuevo', '2018-07-31 19:35:53', 1530),
(1446, 'Si', '2018-07-31 19:36:21', 1531),
(1447, 'No', '2018-07-31 19:36:23', 1531),
(1448, 'Bueno', '2018-07-31 19:36:50', 1533),
(1449, 'Malo', '2018-07-31 19:36:53', 1533),
(1450, 'Nuevo', '2018-07-31 19:36:58', 1533),
(1451, 'Si', '2018-07-31 19:37:21', 1534),
(1452, 'No', '2018-07-31 19:37:22', 1534),
(1453, 'Bueno', '2018-07-31 19:38:05', 1536),
(1454, 'Malo', '2018-07-31 19:38:08', 1536),
(1455, 'Nuevo', '2018-07-31 19:38:17', 1536),
(1456, 'Si', '2018-07-31 19:39:46', 1537),
(1457, 'No', '2018-07-31 19:39:48', 1537),
(1458, 'Bueno', '2018-07-31 19:40:13', 1539),
(1459, 'Malo', '2018-07-31 19:40:17', 1539),
(1460, 'Nuevo', '2018-07-31 19:40:21', 1539),
(1461, 'Si', '2018-07-31 19:41:13', 1540),
(1462, 'No', '2018-07-31 19:41:17', 1540),
(1463, 'Bueno', '2018-07-31 19:41:22', 1542),
(1464, 'Malo', '2018-07-31 19:41:25', 1542),
(1465, 'Nuevo', '2018-07-31 19:41:28', 1542),
(1466, 'Si', '2018-07-31 19:42:15', 1545),
(1467, 'No', '2018-07-31 19:42:17', 1545),
(1468, 'Bueno', '2018-07-31 19:42:33', 1547),
(1469, 'Malo', '2018-07-31 19:42:36', 1547),
(1470, 'Nuevo', '2018-07-31 19:42:43', 1547),
(1471, 'Si', '2018-07-31 19:43:20', 1548),
(1472, 'No', '2018-07-31 19:43:23', 1548),
(1473, 'Bueno', '2018-07-31 19:43:27', 1550),
(1474, 'Malo', '2018-07-31 19:43:30', 1550),
(1475, 'Nuevo', '2018-07-31 19:43:41', 1550),
(1476, 'Si', '2018-07-31 19:44:22', 1551),
(1477, 'No', '2018-07-31 19:44:24', 1551),
(1478, 'Bueno', '2018-07-31 19:44:28', 1553),
(1479, 'Malo', '2018-07-31 19:44:31', 1553),
(1480, 'Nuevo', '2018-07-31 19:44:34', 1553),
(1481, 'Si', '2018-07-31 19:45:56', 1554),
(1482, 'No', '2018-07-31 19:45:59', 1554),
(1483, 'Bueno', '2018-07-31 19:46:04', 1556),
(1484, 'Malo', '2018-07-31 19:46:07', 1556),
(1485, 'Nuevo', '2018-07-31 19:46:10', 1556),
(1486, 'Si', '2018-07-31 19:46:30', 1557),
(1487, 'No', '2018-07-31 19:46:33', 1557),
(1488, 'Bueno ', '2018-07-31 19:47:03', 1559),
(1489, 'Malo', '2018-07-31 19:47:05', 1559),
(1490, 'Nuevo', '2018-07-31 19:47:16', 1559),
(1491, 'Si', '2018-07-31 19:48:09', 1560),
(1492, 'No', '2018-07-31 19:48:12', 1560),
(1493, 'Bueno', '2018-07-31 19:48:17', 1562),
(1494, 'Malo', '2018-07-31 19:48:22', 1562),
(1495, 'Nuevo', '2018-07-31 19:48:27', 1562),
(1496, 'Si', '2018-07-31 19:49:15', 1563),
(1497, 'No', '2018-07-31 19:49:17', 1563),
(1498, 'Bueno', '2018-07-31 19:49:21', 1565),
(1499, 'Malo', '2018-07-31 19:49:24', 1565),
(1500, 'Nuevo', '2018-07-31 19:49:28', 1565),
(1501, 'Si', '2018-07-31 19:50:10', 1566),
(1502, 'No', '2018-07-31 19:50:12', 1566),
(1503, 'Bueno', '2018-07-31 19:50:16', 1568),
(1504, 'Malo', '2018-07-31 19:50:19', 1568),
(1506, 'Nuevo', '2018-07-31 19:50:25', 1568),
(1507, 'Si', '2018-07-31 19:50:48', 1569),
(1508, 'No', '2018-07-31 19:50:49', 1569),
(1509, 'Bueno', '2018-07-31 19:51:10', 1571),
(1510, 'Malo', '2018-07-31 19:51:12', 1571),
(1511, 'Nuevo', '2018-07-31 19:51:15', 1571),
(1512, 'Si ', '2018-07-31 19:51:38', 1572),
(1513, 'No', '2018-07-31 19:51:41', 1572),
(1514, 'Bueno', '2018-07-31 19:52:06', 1574),
(1515, 'Malo', '2018-07-31 19:52:09', 1574),
(1516, 'Nuevo', '2018-07-31 19:52:12', 1574),
(1517, 'Si', '2018-07-31 19:52:31', 1575),
(1518, 'No', '2018-07-31 19:52:38', 1575),
(1519, 'Bueno', '2018-07-31 19:52:55', 1577),
(1520, 'Malo', '2018-07-31 19:52:57', 1577),
(1521, 'Nuevo', '2018-07-31 19:53:01', 1577),
(1522, 'Si ', '2018-07-31 19:54:05', 1578),
(1523, 'No', '2018-07-31 19:54:09', 1578),
(1524, 'Bueno', '2018-07-31 19:54:42', 1580),
(1525, 'Malo', '2018-07-31 19:54:44', 1580),
(1526, 'Nuevo', '2018-07-31 19:54:48', 1580),
(1527, 'Si', '2018-07-31 20:10:22', 1630),
(1528, 'No', '2018-07-31 20:10:26', 1630),
(1529, 'Si', '2018-07-31 20:10:33', 1629),
(1530, 'No', '2018-07-31 20:10:36', 1629),
(1531, 'Si', '2018-07-31 20:10:43', 1628),
(1532, 'No', '2018-07-31 20:10:46', 1628),
(1533, 'Si', '2018-07-31 20:10:51', 1627),
(1534, 'No', '2018-07-31 20:10:55', 1627),
(1535, 'Si', '2018-07-31 20:11:05', 1626),
(1536, 'No', '2018-07-31 20:11:07', 1626),
(1537, 'Si', '2018-07-31 20:11:11', 1625),
(1538, 'No', '2018-07-31 20:11:17', 1625),
(1539, 'Si', '2018-07-31 20:11:22', 1624),
(1540, 'No', '2018-07-31 20:11:25', 1624),
(1541, 'Si', '2018-07-31 20:11:37', 1623),
(1542, 'No', '2018-07-31 20:11:40', 1623),
(1543, 'Si', '2018-07-31 20:11:45', 1622),
(1544, 'No', '2018-07-31 20:11:47', 1622),
(1545, 'Si', '2018-07-31 20:11:51', 1621),
(1546, 'No', '2018-07-31 20:11:54', 1621),
(1547, 'Si', '2018-07-31 20:12:03', 1620),
(1548, 'No', '2018-07-31 20:12:05', 1620),
(1549, 'Si', '2018-07-31 20:12:12', 1619),
(1550, 'No', '2018-07-31 20:12:17', 1619),
(1551, 'Si', '2018-07-31 20:12:24', 1618),
(1552, 'No', '2018-07-31 20:12:27', 1618),
(1553, 'Si', '2018-07-31 20:12:34', 1617),
(1554, 'No', '2018-07-31 20:12:38', 1617),
(1555, 'Si', '2018-07-31 20:12:45', 1616),
(1556, 'No', '2018-07-31 20:12:47', 1616),
(1557, 'Si', '2018-07-31 20:12:57', 1615),
(1558, 'No', '2018-07-31 20:12:59', 1615),
(1559, 'Si', '2018-07-31 20:13:04', 1614),
(1560, 'No', '2018-07-31 20:13:07', 1614),
(1561, 'Si', '2018-07-31 20:13:12', 1613),
(1562, 'No', '2018-07-31 20:13:16', 1613),
(1563, 'Si', '2018-07-31 20:13:23', 1612),
(1564, 'No', '2018-07-31 20:13:26', 1612),
(1565, 'Si', '2018-07-31 20:13:33', 1611),
(1566, 'No', '2018-07-31 20:13:37', 1611),
(1567, 'Si', '2018-07-31 20:13:46', 1610),
(1568, 'No', '2018-07-31 20:13:48', 1610),
(1569, 'Si', '2018-07-31 20:13:52', 1609),
(1570, 'No', '2018-07-31 20:13:57', 1609),
(1571, 'Si', '2018-07-31 20:14:02', 1608),
(1572, 'No', '2018-07-31 20:14:04', 1608),
(1573, 'Si', '2018-07-31 20:14:08', 1607),
(1574, 'No', '2018-07-31 20:14:09', 1607),
(1575, 'Si', '2018-07-31 20:14:15', 1606),
(1576, 'No', '2018-07-31 20:14:18', 1606),
(1577, 'Si', '2018-07-31 20:14:24', 1605),
(1578, 'No', '2018-07-31 20:14:28', 1605),
(1579, 'Si', '2018-07-31 20:14:32', 1604),
(1580, 'No', '2018-07-31 20:14:36', 1604),
(1581, 'Si', '2018-07-31 20:14:43', 1603),
(1582, 'No', '2018-07-31 20:14:45', 1603),
(1583, 'Si', '2018-07-31 20:14:51', 1602),
(1584, 'No', '2018-07-31 20:14:53', 1602),
(1585, 'Si', '2018-07-31 20:15:00', 1601),
(1586, 'No', '2018-07-31 20:15:02', 1601),
(1587, 'Si', '2018-07-31 20:15:08', 1600),
(1588, 'No', '2018-07-31 20:15:10', 1600),
(1589, 'Si', '2018-07-31 20:15:14', 1599),
(1590, 'No', '2018-07-31 20:15:17', 1599),
(1591, 'Si', '2018-07-31 20:15:22', 1598),
(1592, 'No', '2018-07-31 20:15:24', 1598),
(1593, 'Si', '2018-07-31 20:15:27', 1597),
(1594, 'No', '2018-07-31 20:15:30', 1597),
(1595, 'Si', '2018-07-31 20:15:33', 1596),
(1596, 'No', '2018-07-31 20:15:38', 1596),
(1598, 'Bueno', '2018-08-03 17:48:10', 1666),
(1599, 'Malo', '2018-08-03 17:48:13', 1666),
(1600, 'Nuevo', '2018-08-03 17:48:17', 1666),
(1601, 'Bueno', '2018-08-03 17:48:57', 1667),
(1602, 'Malo', '2018-08-03 17:49:00', 1667),
(1603, 'Nuevo', '2018-08-03 17:49:04', 1667),
(1604, 'Bueno', '2018-08-03 17:49:12', 1668),
(1605, 'Malo', '2018-08-03 17:49:14', 1668),
(1606, 'Nuevo', '2018-08-03 17:49:18', 1668),
(1607, 'Bueno', '2018-08-03 17:49:42', 1669),
(1608, 'Malo', '2018-08-03 17:49:46', 1669),
(1609, 'Nuevo', '2018-08-03 17:49:51', 1669),
(1610, 'Bueno', '2018-08-03 17:49:57', 1670),
(1611, 'Malo', '2018-08-03 17:50:03', 1670),
(1612, 'Nuevo', '2018-08-03 17:50:07', 1670),
(1613, 'Bueno', '2018-08-03 17:50:16', 1671),
(1614, 'Malo', '2018-08-03 17:50:20', 1671),
(1615, 'Nuevo', '2018-08-03 17:50:24', 1671),
(1616, 'Bueno ', '2018-08-03 17:50:31', 1672),
(1617, 'Malo', '2018-08-03 17:50:34', 1672),
(1618, 'Nuevo', '2018-08-03 17:50:40', 1672),
(1619, 'Bueno', '2018-08-03 17:50:46', 1673),
(1620, 'Malo', '2018-08-03 17:50:49', 1673),
(1621, 'Nuevo', '2018-08-03 17:50:53', 1673),
(1622, 'Bueno', '2018-08-03 17:51:04', 1674),
(1623, 'Malo', '2018-08-03 17:51:07', 1674),
(1624, 'Nuevo', '2018-08-03 17:51:09', 1674),
(1625, 'Bueno', '2018-08-03 17:51:15', 1675),
(1626, 'Malo', '2018-08-03 17:51:18', 1675),
(1627, 'Nuevo', '2018-08-03 17:51:22', 1675),
(1628, 'Bueno', '2018-08-03 17:51:27', 1676),
(1629, 'Malo', '2018-08-03 17:51:30', 1676),
(1630, 'Nuevo', '2018-08-03 17:51:34', 1676),
(1631, 'Bueno', '2018-08-03 17:51:48', 1677),
(1632, 'Malo', '2018-08-03 17:51:50', 1677),
(1633, 'Nuevo', '2018-08-03 17:51:55', 1677),
(1634, 'Bueno', '2018-08-03 17:52:04', 1678),
(1635, 'Malo', '2018-08-03 17:52:06', 1678),
(1636, 'Nuevo', '2018-08-03 17:52:09', 1678),
(1637, 'Bueno', '2018-08-03 17:52:14', 1679),
(1638, 'Malo', '2018-08-03 17:52:18', 1679),
(1639, 'Nuevo', '2018-08-03 17:52:21', 1679),
(1640, 'Bueno', '2018-08-03 17:52:26', 1680),
(1641, 'Malo', '2018-08-03 17:52:30', 1680),
(1642, 'Nuevo', '2018-08-03 17:52:33', 1680),
(1643, 'Bueno', '2018-08-03 17:52:38', 1681),
(1644, 'Malo', '2018-08-03 17:52:43', 1681),
(1645, 'Nuevo', '2018-08-03 17:52:46', 1681),
(1646, 'Bueno', '2018-08-03 17:52:58', 1682),
(1647, 'Malo', '2018-08-03 17:53:01', 1682),
(1648, 'Nuevo', '2018-08-03 17:53:04', 1682),
(1649, 'Bueno', '2018-08-03 17:53:13', 1683),
(1650, 'Malo', '2018-08-03 17:53:19', 1683),
(1651, 'Nuevo', '2018-08-03 17:53:24', 1683),
(1652, 'Bueno ', '2018-08-03 17:53:55', 1684),
(1653, 'Malo', '2018-08-03 17:53:58', 1684),
(1654, 'Nuevo', '2018-08-03 17:54:02', 1684),
(1655, 'Bueno', '2018-08-03 17:55:06', 1685),
(1656, 'Malo', '2018-08-03 17:55:09', 1685),
(1657, 'Nuevo', '2018-08-03 17:55:13', 1685),
(1658, 'Bueno', '2018-08-03 17:55:21', 1686),
(1659, 'Malo', '2018-08-03 17:55:25', 1686),
(1660, 'Nuevo', '2018-08-03 17:55:30', 1686),
(1661, 'Bueno', '2018-08-03 17:55:38', 1687),
(1662, 'Malo', '2018-08-03 17:55:45', 1687),
(1663, 'Nuevo', '2018-08-03 17:55:49', 1687),
(1664, 'Bueno', '2018-08-03 17:56:05', 1688),
(1665, 'Malo', '2018-08-03 17:56:07', 1688),
(1666, 'Nuevo', '2018-08-03 17:56:11', 1688),
(1667, 'Bueno ', '2018-08-03 17:56:18', 1689),
(1668, 'Malo', '2018-08-03 17:56:21', 1689),
(1669, 'Nuevo', '2018-08-03 17:56:26', 1689),
(1670, 'Bueno', '2018-08-03 17:56:34', 1690),
(1671, 'Malo', '2018-08-03 17:56:37', 1690),
(1672, 'Nuevo', '2018-08-03 17:56:42', 1690),
(1673, 'Bueno', '2018-08-03 17:56:47', 1691),
(1674, 'Malo', '2018-08-03 17:56:50', 1691),
(1675, 'Nuevo', '2018-08-03 17:56:53', 1691),
(1676, 'Bueno', '2018-08-03 17:56:59', 1692),
(1677, 'Malo', '2018-08-03 17:57:03', 1692),
(1678, 'Nuevo', '2018-08-03 17:57:06', 1692),
(1679, 'Bueno', '2018-08-03 17:57:11', 1693),
(1680, 'Malo', '2018-08-03 17:57:14', 1693),
(1681, 'Nuevo', '2018-08-03 17:57:18', 1693),
(1682, 'Bueno', '2018-08-03 17:57:25', 1694),
(1683, 'Malo', '2018-08-03 17:57:29', 1694),
(1684, 'Nuevo', '2018-08-03 17:57:31', 1694),
(1685, 'Bueno', '2018-08-03 17:57:56', 1695),
(1686, 'Malo', '2018-08-03 17:57:59', 1695),
(1687, 'Nuevo', '2018-08-03 17:58:08', 1695),
(1688, 'Bueno', '2018-08-03 17:58:12', 1696),
(1689, 'Malo', '2018-08-03 17:58:16', 1696),
(1690, 'Nuevo', '2018-08-03 17:58:24', 1696),
(1691, 'Bueno', '2018-08-03 17:58:29', 1697),
(1692, 'Malo', '2018-08-03 17:58:32', 1697),
(1693, 'Nuevo', '2018-08-03 17:58:35', 1697),
(1694, 'Bueno', '2018-08-03 17:58:42', 1698),
(1695, 'Malo', '2018-08-03 17:58:46', 1698),
(1696, 'Nuevo', '2018-08-03 17:58:56', 1698),
(1697, 'Bueno', '2018-08-03 17:59:04', 1699),
(1698, 'Malo', '2018-08-03 17:59:08', 1699),
(1699, 'Nuevo', '2018-08-03 17:59:11', 1699),
(1700, 'Bueno', '2018-08-03 17:59:17', 1700),
(1701, 'Malo', '2018-08-03 17:59:23', 1700),
(1702, 'Nuevo', '2018-08-03 17:59:26', 1700),
(1703, 'Aprobado', '2018-08-03 19:40:00', 850),
(1704, 'Rechazado', '2018-08-03 19:40:04', 850),
(1705, 'Aprobado', '2018-08-03 19:40:23', 851),
(1706, 'Rechazado', '2018-08-03 19:40:30', 851),
(1707, 'Aprobado', '2018-08-03 19:40:42', 852),
(1708, 'Rechazado', '2018-08-03 19:40:48', 852),
(1709, 'Aprobado', '2018-08-03 19:40:58', 853),
(1710, 'Rechazado', '2018-08-03 19:41:04', 853),
(1711, 'Aprobado', '2018-08-03 19:41:11', 854),
(1712, 'Rechazado', '2018-08-03 19:41:17', 854),
(1713, 'Aprobado', '2018-08-03 19:41:26', 855),
(1714, 'Rechazado', '2018-08-03 19:41:30', 855),
(1715, 'Aprobado', '2018-08-03 19:41:38', 856),
(1716, 'Rechazado', '2018-08-03 19:41:43', 856),
(1717, 'Aprobado', '2018-08-03 19:41:50', 857),
(1718, 'Rechazado', '2018-08-03 19:41:56', 857),
(1719, 'Aprobado', '2018-08-03 19:42:02', 858),
(1720, 'Rechazado', '2018-08-03 19:42:06', 858),
(1721, 'Aprobado', '2018-08-03 19:42:12', 859),
(1722, 'Rechazado', '2018-08-03 19:42:16', 859),
(1723, 'Aprobado', '2018-08-03 19:42:22', 860),
(1724, 'Rechazado', '2018-08-03 19:42:27', 860),
(2023, 'Si', '2018-08-07 15:23:48', 2047),
(2024, 'No', '2018-08-07 15:23:50', 2047),
(2025, 'Si', '2018-08-07 15:24:26', 2049),
(2026, 'No', '2018-08-07 15:24:28', 2049),
(2027, 'Si', '2018-08-07 15:25:22', 2051),
(2028, 'No', '2018-08-07 15:25:26', 2051),
(2029, 'Si', '2018-08-07 15:33:26', 2053),
(2030, 'No', '2018-08-07 15:33:29', 2053),
(2031, 'Nuevo', '2018-08-07 15:33:59', 2055),
(2032, 'Usado', '2018-08-07 15:34:03', 2055),
(2033, 'Si', '2018-08-07 15:35:25', 2056),
(2034, 'No', '2018-08-07 15:35:27', 2056),
(2035, 'Si', '2018-08-07 15:36:19', 2059),
(2036, 'No', '2018-08-07 15:36:21', 2059),
(2037, 'Si', '2018-08-07 15:37:05', 2061),
(2038, 'No', '2018-08-07 15:37:07', 2061),
(2039, 'Si', '2018-08-07 15:38:05', 2063),
(2040, 'No', '2018-08-07 15:38:07', 2063),
(2041, 'Si', '2018-08-07 15:39:44', 2065),
(2042, 'No', '2018-08-07 15:39:46', 2065),
(2043, 'Nuevo ', '2018-08-07 15:40:07', 2067),
(2044, 'Usado', '2018-08-07 15:40:10', 2067),
(2045, 'Si', '2018-08-07 15:41:59', 2068),
(2046, 'No', '2018-08-07 15:42:01', 2068),
(2047, 'Nuevo', '2018-08-07 15:42:20', 2070),
(2048, 'Usado', '2018-08-07 15:42:23', 2070),
(2049, 'Si', '2018-08-07 15:43:55', 2071),
(2050, 'No', '2018-08-07 15:43:57', 2071),
(2051, 'Si', '2018-08-07 15:46:21', 2073),
(2052, 'No', '2018-08-07 15:46:23', 2073),
(2053, 'Si', '2018-08-07 15:47:11', 2075),
(2054, 'No', '2018-08-07 15:47:13', 2075),
(2055, 'Nuevo', '2018-08-07 15:47:41', 2077),
(2056, 'Usado', '2018-08-07 15:47:44', 2077),
(2057, 'Si', '2018-08-07 15:48:05', 2078),
(2058, 'No', '2018-08-07 15:48:09', 2078),
(2059, 'Nuevo', '2018-08-07 15:48:48', 2080),
(2060, 'Usado', '2018-08-07 15:48:51', 2080),
(2061, 'Si', '2018-08-07 15:49:15', 2081),
(2062, 'No', '2018-08-07 15:49:17', 2081),
(2063, 'Ok', '2018-08-07 16:27:30', 2084),
(2064, 'No corresponde', '2018-08-07 16:27:37', 2084),
(2065, 'Ok', '2018-08-07 16:28:40', 2086),
(2067, 'No corresponde', '2018-08-07 16:29:04', 2086),
(2068, 'Ok', '2018-08-07 16:29:55', 2088),
(2069, 'No corresponde', '2018-08-07 16:30:01', 2088),
(2070, 'Ok', '2018-08-07 16:31:51', 2090),
(2071, 'No corresponde', '2018-08-07 16:31:55', 2090),
(2072, 'Ok', '2018-08-07 16:32:29', 2093),
(2073, 'No corresponde', '2018-08-07 16:32:35', 2093),
(2074, 'Ok', '2018-08-07 16:33:43', 2095),
(2075, 'No corresponde', '2018-08-07 16:33:48', 2095),
(2076, 'Ok', '2018-08-07 16:34:48', 2097),
(2077, 'No corresponde', '2018-08-07 16:34:56', 2097),
(2078, 'Ok', '2018-08-07 16:35:44', 2099),
(2079, 'No corresponde', '2018-08-07 16:35:52', 2099),
(2080, 'Ok', '2018-08-07 16:36:36', 2102),
(2081, 'No corresponde', '2018-08-07 16:36:44', 2102),
(2082, 'Ok', '2018-08-07 18:31:10', 2104),
(2083, 'No corresponde', '2018-08-07 18:31:17', 2104),
(2084, 'Ok', '2018-08-07 18:31:52', 2106),
(2085, 'No corresponde', '2018-08-07 18:32:08', 2106),
(2086, 'Ok', '2018-08-07 18:36:04', 2108),
(2087, 'No corresponde', '2018-08-07 18:36:11', 2108),
(2088, 'Ok', '2018-08-07 18:45:02', 2110),
(2089, 'No corresponde', '2018-08-07 18:57:55', 2110),
(2090, 'Ok', '2018-08-07 19:13:26', 2112),
(2091, 'No corresponde', '2018-08-07 19:13:32', 2112),
(2092, 'Ok', '2018-08-07 19:14:05', 2114),
(2093, 'No corresponde', '2018-08-07 19:14:17', 2114),
(2094, 'Ok', '2018-08-07 19:17:21', 2117),
(2095, 'No corresponde', '2018-08-07 19:17:27', 2117),
(2096, 'Ok', '2018-08-07 19:47:35', 2119),
(2097, 'No corresponde', '2018-08-07 19:47:50', 2119),
(2098, 'Ok', '2018-08-07 19:49:14', 2121),
(2099, 'No corresponde', '2018-08-07 19:49:21', 2121),
(2100, 'Ok', '2018-08-07 19:51:00', 2123),
(2101, 'No corresponde', '2018-08-07 19:51:17', 2123),
(2102, 'Ok', '2018-08-07 19:51:45', 2125),
(2103, 'No corresponde', '2018-08-07 19:51:50', 2125),
(2104, 'Ok', '2018-08-07 19:53:32', 2127),
(2105, 'No corresponde', '2018-08-07 19:53:40', 2127),
(2106, 'Ok', '2018-08-07 19:55:27', 2129),
(2107, 'No corresponde', '2018-08-07 19:55:33', 2129),
(2108, 'Ok', '2018-08-07 19:56:04', 2131),
(2109, 'No corresponde', '2018-08-07 19:56:14', 2131),
(2110, 'Ok', '2018-08-07 19:57:40', 2133),
(2111, 'No corresponde', '2018-08-07 19:57:50', 2133),
(2112, 'Ok', '2018-08-07 20:00:47', 2135),
(2113, 'No corresponde', '2018-08-07 20:02:07', 2135),
(2114, 'Ok', '2018-08-07 20:03:05', 2137),
(2115, 'No corresponde', '2018-08-07 20:03:12', 2137),
(2116, 'Ok', '2018-08-07 20:03:52', 2139),
(2117, 'No corresponde', '2018-08-07 20:03:58', 2139),
(2118, 'Ok', '2018-08-07 20:04:34', 2141),
(2119, 'No corresponde', '2018-08-07 20:04:39', 2141),
(2120, 'Ok', '2018-08-07 20:05:19', 2143),
(2121, 'No corresponde', '2018-08-07 20:05:24', 2143),
(2124, 'Ok', '2018-08-08 15:06:03', 2148),
(2125, 'No Ok', '2018-08-08 15:06:08', 2148),
(2126, 'Ok', '2018-08-08 15:07:14', 2150),
(2127, 'No Ok', '2018-08-08 15:07:18', 2150),
(2128, 'Ok', '2018-08-08 15:12:35', 2152),
(2129, 'No Ok', '2018-08-08 15:12:38', 2152),
(2130, 'Ok', '2018-08-08 15:13:54', 2154),
(2131, 'No Ok', '2018-08-08 15:14:00', 2154),
(2132, 'Ok', '2018-08-08 15:15:09', 2156),
(2133, 'No Ok', '2018-08-08 15:15:14', 2156),
(2134, 'Ok', '2018-08-08 15:16:12', 2158),
(2135, 'No Ok', '2018-08-08 15:16:18', 2158),
(2136, 'Ok', '2018-08-08 15:25:12', 2160),
(2137, 'No Ok', '2018-08-08 15:25:15', 2160),
(2138, 'Ok', '2018-08-08 15:25:59', 2162),
(2139, 'No Ok', '2018-08-08 15:26:02', 2162),
(2140, 'Ok', '2018-08-08 15:26:52', 2164),
(2141, 'No Ok', '2018-08-08 15:26:56', 2164),
(2142, 'Ok', '2018-08-08 15:28:45', 2166),
(2143, 'No Ok', '2018-08-08 15:28:50', 2166),
(2144, 'Ok', '2018-08-08 15:31:54', 2169),
(2145, 'No Ok', '2018-08-08 15:31:58', 2169),
(2146, 'Ok', '2018-08-08 15:32:47', 2171),
(2147, 'No Ok', '2018-08-08 15:32:56', 2171),
(2148, 'Ok', '2018-08-08 15:33:56', 2173),
(2149, 'No Ok', '2018-08-08 15:34:06', 2173),
(2150, 'Ok', '2018-08-08 15:39:11', 2175),
(2151, 'No Ok', '2018-08-08 15:39:14', 2175),
(2152, 'Ok', '2018-08-08 15:42:49', 2177),
(2153, 'No Ok:', '2018-08-08 15:42:54', 2177),
(2154, 'Ok', '2018-08-08 15:45:57', 2179),
(2155, 'No Ok', '2018-08-08 15:46:04', 2179),
(2156, 'Ok', '2018-08-08 15:46:48', 2181),
(2157, 'No Ok', '2018-08-08 15:46:52', 2181),
(2158, 'Ok', '2018-08-08 15:48:04', 2183),
(2160, 'No Ok', '2018-08-08 15:48:13', 2183),
(2161, 'Ok', '2018-08-08 15:49:18', 2185),
(2162, 'No Ok', '2018-08-08 15:49:23', 2185),
(2163, 'Ok', '2018-08-08 15:50:39', 2187),
(2164, 'No Ok', '2018-08-08 15:50:42', 2187),
(2165, 'Ok', '2018-08-08 15:59:32', 2189),
(2166, 'No Ok', '2018-08-08 15:59:38', 2189),
(2167, 'Ok', '2018-08-08 16:06:02', 2191),
(2168, 'No Ok', '2018-08-08 16:06:08', 2191),
(2169, 'Ok', '2018-08-08 16:06:57', 2193),
(2170, 'No Ok', '2018-08-08 16:07:00', 2193),
(2171, 'Ok', '2018-08-08 16:07:31', 2195),
(2172, 'No Ok', '2018-08-08 16:07:36', 2195),
(2173, 'Ok', '2018-08-08 16:08:21', 2197),
(2174, 'No Ok', '2018-08-08 16:08:26', 2197),
(2175, 'Ok', '2018-08-08 16:09:25', 2199),
(2176, '', '2018-08-08 16:09:25', 2199),
(2177, 'No Ok', '2018-08-08 16:09:32', 2199),
(2178, 'Ok', '2018-08-08 16:10:11', 2201),
(2179, 'No Ok', '2018-08-08 16:10:16', 2201),
(2180, 'Ok', '2018-08-08 16:15:47', 2203),
(2181, 'No Ok', '2018-08-08 16:15:52', 2203),
(2182, 'Ok', '2018-08-08 16:23:16', 2207),
(2183, 'No Ok', '2018-08-08 16:23:28', 2207),
(2184, 'Ok', '2018-08-08 17:00:05', 2209),
(2185, 'No Ok', '2018-08-08 17:00:11', 2209),
(2186, 'Ok', '2018-08-08 17:03:10', 2211),
(2187, 'No Ok', '2018-08-08 17:03:16', 2211),
(2188, 'Ok', '2018-08-08 17:07:52', 2213),
(2189, 'No Ok', '2018-08-08 17:07:59', 2213),
(2190, 'Ok ', '2018-08-08 17:09:53', 2215),
(2191, 'No Ok', '2018-08-08 17:09:58', 2215),
(2192, 'Ok', '2018-08-08 17:10:05', 2216),
(2193, 'No Ok', '2018-08-08 17:10:10', 2216),
(2194, 'Ok', '2018-08-08 17:10:16', 2217),
(2195, 'No Ok', '2018-08-08 17:10:22', 2217),
(2196, 'Ok', '2018-08-08 17:10:29', 2218),
(2197, 'No Ok', '2018-08-08 17:10:35', 2218),
(2198, 'Ok', '2018-08-08 17:42:15', 2223),
(2199, 'No Ok', '2018-08-08 17:42:21', 2223),
(2200, 'Ok', '2018-08-08 17:45:34', 2225),
(2201, 'No Ok', '2018-08-08 17:45:38', 2225),
(2202, 'Ok', '2018-08-08 17:47:28', 2227),
(2203, 'No Ok', '2018-08-08 17:47:33', 2227),
(2204, 'Ok', '2018-08-08 17:50:11', 2229),
(2205, 'No Ok', '2018-08-08 17:50:16', 2229),
(2206, 'Ok', '2018-08-08 18:00:28', 2231),
(2207, 'No Ok', '2018-08-08 18:00:44', 2231),
(2208, 'Ok', '2018-08-08 18:01:58', 2233),
(2209, 'No Ok', '2018-08-08 18:02:02', 2233),
(2210, 'Ok', '2018-08-08 18:04:47', 2235),
(2211, 'No Ok', '2018-08-08 18:04:51', 2235),
(2212, 'Ok', '2018-08-08 18:19:44', 2237),
(2213, 'No Ok', '2018-08-08 18:19:48', 2237),
(2214, 'Ok', '2018-08-08 18:20:23', 2239),
(2215, 'No Ok', '2018-08-08 18:20:26', 2239),
(2216, 'Ok', '2018-08-08 18:21:03', 2241),
(2217, 'No Ok', '2018-08-08 18:21:06', 2241),
(2218, 'Ok', '2018-08-08 18:21:42', 2243),
(2219, 'No Ok', '2018-08-08 18:21:46', 2243),
(2220, 'Ok', '2018-08-08 18:24:20', 2245),
(2221, 'No Ok', '2018-08-08 18:24:27', 2245),
(2222, 'Ok', '2018-08-08 18:34:14', 2247),
(2223, 'No Ok', '2018-08-08 18:34:21', 2247),
(2224, 'Ok', '2018-08-08 18:57:19', 2249),
(2225, 'No Ok', '2018-08-08 18:57:22', 2249),
(2226, 'Ok', '2018-08-08 18:58:52', 2251),
(2227, 'No Ok', '2018-08-08 18:58:56', 2251),
(2228, 'Ok', '2018-08-08 18:59:47', 2253),
(2230, 'No Ok', '2018-08-08 18:59:52', 2253),
(2231, 'Ok', '2018-08-08 19:01:26', 2255),
(2232, 'No Ok', '2018-08-08 19:01:30', 2255),
(2233, 'Ok', '2018-08-08 19:05:11', 2257),
(2234, 'No Ok', '2018-08-08 19:05:16', 2257),
(2235, 'Ok', '2018-08-08 19:07:06', 2259),
(2236, 'No Ok', '2018-08-08 19:07:13', 2259),
(2237, 'Ok', '2018-08-08 19:10:18', 2261),
(2238, 'No Ok', '2018-08-08 19:10:23', 2261),
(2239, 'Ok', '2018-08-08 19:21:31', 2263),
(2240, 'No Ok', '2018-08-08 19:21:35', 2263),
(2241, 'Ok', '2018-08-08 19:22:29', 2265),
(2242, 'No Ok', '2018-08-08 19:22:33', 2265),
(2243, 'Ok', '2018-08-08 19:23:23', 2267),
(2244, 'No Ok', '2018-08-08 19:23:26', 2267),
(2245, 'Ok', '2018-08-08 19:24:09', 2269),
(2246, 'No Ok', '2018-08-08 19:24:13', 2269),
(2247, 'Ok', '2018-08-08 19:26:45', 2271),
(2248, 'No Ok', '2018-08-08 19:26:48', 2271),
(2249, 'Ok', '2018-08-08 19:27:32', 2273),
(2250, 'No Ok', '2018-08-08 19:27:36', 2273),
(2251, 'Ok', '2018-08-08 19:28:59', 2275),
(2252, 'No Ok', '2018-08-08 19:29:03', 2275),
(2253, 'Ok', '2018-08-08 19:34:53', 2277),
(2254, 'No Ok', '2018-08-08 19:35:00', 2277),
(2255, 'Ok', '2018-08-08 19:37:17', 2279),
(2256, 'No Ok', '2018-08-08 19:37:25', 2279),
(2257, 'Ok', '2018-08-08 19:38:55', 2281),
(2258, 'No Ok', '2018-08-08 19:39:09', 2281),
(2259, 'Ok', '2018-08-08 19:40:44', 2283),
(2262, 'No Ok', '2018-08-08 19:40:51', 2283),
(2263, 'Ok', '2018-08-08 19:42:42', 2285),
(2264, 'No Ok', '2018-08-08 19:42:47', 2285),
(2265, 'Ok', '2018-08-08 19:44:21', 2287),
(2266, 'No Ok', '2018-08-08 19:44:23', 2287),
(2267, 'Ok', '2018-08-08 19:45:36', 2289),
(2268, 'No Ok', '2018-08-08 19:45:41', 2289),
(2269, 'Ok', '2018-08-11 23:38:26', 2297),
(2270, 'No Ok', '2018-08-11 23:38:31', 2297),
(2271, 'Ok ', '2018-08-11 23:38:37', 2296),
(2272, 'No Ok', '2018-08-11 23:38:42', 2296),
(2273, 'Ok', '2018-08-11 23:38:48', 2295),
(2274, 'No Ok', '2018-08-11 23:38:52', 2295),
(2275, 'Ok', '2018-08-11 23:38:58', 2294),
(2276, 'No Ok', '2018-08-11 23:39:03', 2294),
(2277, 'Ok', '2018-08-11 23:39:09', 2293),
(2278, 'No Ok', '2018-08-11 23:39:13', 2293),
(2279, 'Ok', '2018-08-11 23:39:18', 2292),
(2280, 'No Ok', '2018-08-11 23:39:23', 2292),
(2281, 'Ok', '2018-08-11 23:39:29', 2291),
(2282, 'No Ok', '2018-08-11 23:39:35', 2291),
(2283, 'Ok', '2018-08-13 03:12:57', 2309),
(2284, 'No Ok', '2018-08-13 03:13:01', 2309),
(2286, 'Ok', '2018-08-13 03:13:43', 2310),
(2287, 'No Ok', '2018-08-13 03:13:49', 2310),
(2288, 'Ok', '2018-08-13 03:13:59', 2311),
(2289, 'No Ok', '2018-08-13 03:14:06', 2311),
(2290, 'Ok', '2018-08-13 03:14:14', 2313),
(2291, 'No Ok', '2018-08-13 03:14:23', 2313),
(2292, 'Ok', '2018-08-13 03:14:29', 2314),
(2293, 'No Ok', '2018-08-13 03:14:35', 2314),
(2294, 'Ok', '2018-08-13 03:15:33', 2315),
(2295, 'No Ok', '2018-08-13 03:15:38', 2315),
(2296, 'Ok', '2018-08-13 03:15:45', 2316),
(2297, 'No Ok', '2018-08-13 03:15:53', 2316),
(2298, 'Ok', '2018-08-13 03:20:17', 2324),
(2299, 'No Ok', '2018-08-13 03:20:21', 2324),
(2300, 'Ok ', '2018-08-13 03:20:28', 2325),
(2301, 'No Ok', '2018-08-13 03:20:35', 2325),
(2302, 'Ok', '2018-08-13 03:21:07', 2326),
(2303, 'No Ok', '2018-08-13 03:21:11', 2326),
(2304, 'Ok', '2018-08-13 03:21:17', 2327),
(2305, 'No Ok', '2018-08-13 03:21:24', 2327),
(2306, 'Ok ', '2018-08-13 03:21:30', 2328),
(2307, 'No Ok', '2018-08-13 03:21:36', 2328),
(2308, 'Ok', '2018-08-13 03:21:43', 2329),
(2309, 'No Ok', '2018-08-13 03:21:49', 2329),
(2310, 'Ok', '2018-08-13 03:28:43', 2336),
(2311, 'No Ok', '2018-08-13 03:28:50', 2336),
(2312, 'Ok ', '2018-08-13 03:28:59', 2337),
(2313, 'No Ok ', '2018-08-13 03:29:04', 2337),
(2314, 'Ok ', '2018-08-13 03:29:11', 2338),
(2315, 'No Ok ', '2018-08-13 03:29:17', 2338),
(2316, 'Ok ', '2018-08-13 03:29:22', 2339),
(2317, 'No Ok ', '2018-08-13 03:29:30', 2339),
(2318, 'Ok ', '2018-08-13 03:30:17', 2340),
(2319, 'No Ok ', '2018-08-13 03:30:23', 2340),
(2320, 'Ok ', '2018-08-13 03:30:30', 2341),
(2321, 'No Ok ', '2018-08-13 03:30:36', 2341),
(2322, 'Ok ', '2018-08-13 03:30:44', 2342),
(2323, 'No Ok ', '2018-08-13 03:30:49', 2342),
(2324, 'Ok ', '2018-08-13 03:30:55', 2343),
(2325, 'No Ok ', '2018-08-13 03:30:58', 2343),
(2326, 'Ok ', '2018-08-13 03:31:22', 2344),
(2327, 'No Ok ', '2018-08-13 03:31:27', 2344);

-- --------------------------------------------------------

--
-- Estructura de tabla para la tabla `info_sistema`
--

CREATE TABLE `info_sistema` (
  `id_infosistema` int(11) NOT NULL,
  `nom_fantasia` varchar(50) COLLATE utf8_spanish_ci NOT NULL,
  `razon_social` varchar(50) COLLATE utf8_spanish_ci DEFAULT NULL,
  `telefono` int(11) DEFAULT NULL,
  `celular` int(11) DEFAULT NULL,
  `mail` varchar(25) COLLATE utf8_spanish_ci DEFAULT NULL,
  `direccion` varchar(50) COLLATE utf8_spanish_ci NOT NULL,
  `logo` varchar(500) COLLATE utf8_spanish_ci DEFAULT NULL
) ENGINE=InnoDB DEFAULT CHARSET=utf8 COLLATE=utf8_spanish_ci;

--
-- Volcado de datos para la tabla `info_sistema`
--

INSERT INTO `info_sistema` (`id_infosistema`, `nom_fantasia`, `razon_social`, `telefono`, `celular`, `mail`, `direccion`, `logo`) VALUES
(1, 'Trazalog', 'Trazalog S.A.', 0, 54, 'ventas@trazalog.com', 'Av. Libertador Gral. San Martin 1890 (O)', 'logo.png'),
(2, 'dasdad', 'sdada', 333, 333, 'permauricio@gmail.com', 'sdadsadsad', 'Local-TB-Bluw_png_pagespeed_ce_AkWw5pu0_F.png'),
(3, 'asdasd', 'adasd', 0, 0, 'adasd@gmai.com', 'asda', '17200986_1307488952679155_5807732853179821043_n1.j'),
(4, 'asdasdasdas', 'asdfsfdgafgas', 1234123451, 45625, 'aaf@gmail.com', 'qwetert', '17200986_1307488952679155_5807732853179821043_n2.j'),
(5, 'asdadsf', 'fdjhjdgf', 13254123, 6789869, 'aaf@gmail.com', 'erteytr', '23722295_1005649316239485_2251431615481845955_n.jpg');

-- --------------------------------------------------------

--
-- Estructura de tabla para la tabla `mtb_num_interno`
--

CREATE TABLE `mtb_num_interno` (
  `año` int(11) NOT NULL,
  `num_correlativo` int(11) NOT NULL
) ENGINE=InnoDB DEFAULT CHARSET=utf8 COLLATE=utf8_spanish_ci;

--
-- Volcado de datos para la tabla `mtb_num_interno`
--

INSERT INTO `mtb_num_interno` (`año`, `num_correlativo`) VALUES
(2018, 35);

-- --------------------------------------------------------

--
-- Estructura de tabla para la tabla `mtb_tiempos_standar`
--

CREATE TABLE `mtb_tiempos_standar` (
  `tipo_motor_id` varchar(45) NOT NULL,
  `dias_habiles` float NOT NULL,
  `descripcion` varchar(45) NOT NULL
) ENGINE=InnoDB DEFAULT CHARSET=latin1;

--
-- Volcado de datos para la tabla `mtb_tiempos_standar`
--

INSERT INTO `mtb_tiempos_standar` (`tipo_motor_id`, `dias_habiles`, `descripcion`) VALUES
('CI-MG', 10.14, 'CI-MG Motor Grande de 8 a 16 cil'),
('CI-MM', 6.64, 'CI-MM Motor Mediano de 3 a 6 cil'),
('CI-PS', 1.31, 'CL Parte Suelta'),
('CL-ME', 2, 'CL-ME Motor Entero de 4 a 6 cil'),
('CL-MSA', 1.81, 'CL-MSA Motor Semi-Armado ');

-- --------------------------------------------------------

--
-- Estructura de tabla para la tabla `orden_insumos`
--

CREATE TABLE `orden_insumos` (
  `id_orden` int(11) NOT NULL,
  `fecha` date NOT NULL,
  `solicitante` varchar(100) COLLATE utf8_spanish_ci NOT NULL,
  `destino` varchar(100) COLLATE utf8_spanish_ci NOT NULL,
  `comprobante` int(255) NOT NULL
) ENGINE=InnoDB DEFAULT CHARSET=utf8 COLLATE=utf8_spanish_ci;

--
-- Volcado de datos para la tabla `orden_insumos`
--

INSERT INTO `orden_insumos` (`id_orden`, `fecha`, `solicitante`, `destino`, `comprobante`) VALUES
(1, '2017-08-07', 'Roque', '', 1123),
(2, '2017-10-05', 'geemmag', '', 778);

-- --------------------------------------------------------

--
-- Estructura de tabla para la tabla `orden_pedido`
--

CREATE TABLE `orden_pedido` (
  `id_orden` int(11) NOT NULL,
  `id_proveedor` int(11) NOT NULL,
  `nro_trabajo` int(11) NOT NULL,
  `descripcion` text NOT NULL,
  `fecha` datetime NOT NULL,
  `fecha_entrega` datetime NOT NULL,
  `fecha_entregada` datetime NOT NULL,
  `estado` varchar(2) NOT NULL,
  `id_trabajo` int(11) NOT NULL,
  `observacion` text NOT NULL,
  `numero_remito` int(11) DEFAULT NULL
) ENGINE=InnoDB DEFAULT CHARSET=latin1;

--
-- Volcado de datos para la tabla `orden_pedido`
--

INSERT INTO `orden_pedido` (`id_orden`, `id_proveedor`, `nro_trabajo`, `descripcion`, `fecha`, `fecha_entrega`, `fecha_entregada`, `estado`, `id_trabajo`, `observacion`, `numero_remito`) VALUES
(1, 1, 4545, 'tanques de aceite', '2017-07-23 00:00:00', '2017-07-30 00:00:00', '0000-00-00 00:00:00', 'P', 10, '', 0),
(2, -1, 0, 'N°PIEZA	DESCRIPCION	CANT\n19H2554	TORNILLO	6\nR43696	ARANDELA	6\nT68891	PLACA	1\n24H1685	ARANDELA	6\n19M7139	TORNILLO	6\nL2646N	TAPON ROSCADO	1\nT68890	CASQUILLO 	1\nT106361	CASQUILLO 	1\nAT196800	CONVERTIDOR DE PAR	1\n', '0000-00-00 00:00:00', '0000-00-00 00:00:00', '0000-00-00 00:00:00', 'P', 15, '', 0),
(3, 10, 0, 'N°PIEZA	DESCRIPCION	CANT\n19H2554	TORNILLO	6\nR43696	ARANDELA	6\nT68891	PLACA	1\n24H1685	ARANDELA	6\n19M7139	TORNILLO	6\nL2646N	TAPON ROSCADO	1\nT68890	CASQUILLO 	1\nT106361	CASQUILLO 	1\nAT196800	CONVERTIDOR DE PAR	1\n', '2017-08-03 00:00:00', '2017-08-23 00:00:00', '0000-00-00 00:00:00', 'P', 15, '', 0),
(4, 10, 123, 'este es un pedido de test ', '0000-00-00 00:00:00', '0000-00-00 00:00:00', '0000-00-00 00:00:00', 'P', 22, '', 0),
(5, 10, 10, 'ORDE N DE PRUEBA DE PEDIDO 10', '2017-08-09 00:00:00', '2017-08-30 00:00:00', '0000-00-00 00:00:00', 'P', 31, '', 0),
(6, 3, 123123, 'pedido test1 detalle ', '0000-00-00 00:00:00', '0000-00-00 00:00:00', '2017-09-04 08:31:13', 'E', 71, '', 4646546),
(7, 4, 456465, 'pedidotest2', '0000-00-00 00:00:00', '0000-00-00 00:00:00', '2017-09-04 08:30:49', 'E', 71, '', 7899),
(8, 12, 1, '', '0000-00-00 00:00:00', '0000-00-00 00:00:00', '0000-00-00 00:00:00', 'P', 60, '', NULL),
(9, 3, 0, 'hdhjd 5454545', '0000-00-00 00:00:00', '2017-09-19 00:00:00', '0000-00-00 00:00:00', 'P', 73, '', NULL),
(10, 3, 0, 'ujhjjjj', '0000-00-00 00:00:00', '2017-09-30 00:00:00', '2017-09-12 09:58:58', 'E', 73, '', 6666),
(11, 10, 0, 'dfgdgd', '0000-00-00 00:00:00', '2017-09-30 00:00:00', '2017-09-12 16:40:10', 'E', 73, '', 0),
(12, 10, 1, 'opop', '2017-09-19 04:14:03', '2017-09-19 00:00:00', '0000-00-00 00:00:00', 'P', 18, '', NULL),
(13, 13, 4, 'ddydhdhf', '2018-05-24 04:49:08', '2018-05-31 00:00:00', '2018-05-24 04:58:47', 'E', 18, '', 567576),
(14, 3, 23, 'equipo 0102', '2018-06-22 15:08:44', '2018-06-28 00:00:00', '0000-00-00 00:00:00', 'P', 19, '', NULL);

-- --------------------------------------------------------

--
-- Estructura de tabla para la tabla `orden_trabajo`
--

CREATE TABLE `orden_trabajo` (
  `id_orden` int(11) NOT NULL,
  `nro` varchar(100) NOT NULL,
  `fecha_inicio` datetime NOT NULL,
  `fecha_entrega` datetime NOT NULL,
  `fecha_terminada` datetime NOT NULL,
  `fecha_aviso` datetime NOT NULL,
  `fecha_entregada` datetime NOT NULL,
  `descripcion` text NOT NULL,
  `cliId` int(11) NOT NULL,
  `estado` varchar(2) NOT NULL,
  `id_usuario` int(11) NOT NULL DEFAULT '1',
  `id_usuario_a` int(11) NOT NULL,
  `id_usuario_e` int(11) NOT NULL,
  `id_sucursal` int(11) NOT NULL,
  `id_proveedor` int(11) DEFAULT NULL,
  `cod_interno` varchar(30) NOT NULL,
  `petr_id` int(11) NOT NULL,
  `bpm_task_id_plan` int(11) NOT NULL,
  `bpm_task_id_asig` int(11) NOT NULL
) ENGINE=InnoDB DEFAULT CHARSET=latin1;

--
-- Volcado de datos para la tabla `orden_trabajo`
--

INSERT INTO `orden_trabajo` (`id_orden`, `nro`, `fecha_inicio`, `fecha_entrega`, `fecha_terminada`, `fecha_aviso`, `fecha_entregada`, `descripcion`, `cliId`, `estado`, `id_usuario`, `id_usuario_a`, `id_usuario_e`, `id_sucursal`, `id_proveedor`, `cod_interno`, `petr_id`, `bpm_task_id_plan`, `bpm_task_id_asig`) VALUES
(11, '45', '0000-00-00 00:00:00', '2018-03-14 00:00:00', '2017-07-28 12:41:23', '2017-07-28 12:41:23', '2017-07-28 12:41:23', 'dsffdsf', 16, 'As', 1, 4, 1, 2, NULL, 'CA-23-18', 0, 0, 0),
(13, '46', '0000-00-00 00:00:00', '2018-03-09 03:00:00', '2017-07-28 12:57:38', '2017-07-28 12:57:38', '2017-07-28 12:57:38', 'otra orden test', 20, 'As', 1, -1, 1, 1, NULL, '0', 0, 0, 0),
(14, 'MM 299', '0000-00-00 00:00:00', '2018-03-15 00:00:00', '2018-03-22 09:24:44', '2017-07-28 13:58:08', '2018-05-21 00:00:00', '', 20, 'E', 4, 4, 4, 1, NULL, 'CA-23-18', 0, 0, 0),
(15, 'MM 300', '0000-00-00 00:00:00', '0000-00-00 00:00:00', '2017-08-14 14:50:44', '2017-07-28 13:58:56', '2017-08-14 00:00:00', '', 20, 'E', 4, 4, 4, 1, NULL, '0', 0, 0, 0),
(17, 'MM 302', '0000-00-00 00:00:00', '0000-00-00 00:00:00', '2017-07-28 14:00:09', '2017-07-28 14:00:09', '2017-07-28 14:00:09', 'orden trabajo 17', 20, 'As', 4, 4, 4, 1, NULL, '0', 0, 0, 0),
(18, 'MM 303', '0000-00-00 00:00:00', '2017-07-28 14:01:18', '2017-07-28 14:01:18', '2017-07-28 14:01:18', '2017-07-28 14:01:18', '', 20, 'P', 4, 4, 4, 1, NULL, 'CA-23-18', 0, 0, 0),
(19, 'MM 229', '0000-00-00 00:00:00', '2017-08-02 11:21:44', '2017-08-02 11:21:44', '2017-08-02 11:21:44', '2017-08-02 11:21:44', 'TRANSMISIÓN 773 D', 20, 'C', 1, 1, 1, 1, NULL, '0', 0, 0, 0),
(20, 'MM 252 ', '0000-00-00 00:00:00', '0000-00-00 00:00:00', '2017-08-02 11:24:26', '2017-08-02 11:24:26', '2017-08-02 11:24:26', 'CONVERTIDOR 777D', 20, 'As', 1, 1, 1, 1, NULL, '0', 0, 0, 0),
(34, ' MM 305', '2017-08-22 07:39:27', '0000-00-00 00:00:00', '0000-00-00 00:00:00', '0000-00-00 00:00:00', '0000-00-00 00:00:00', 'Ballato Construcciones.', -1, 'C', 1, 1, 1, 1, NULL, '0', 0, 0, 0),
(35, 'MM 305', '2017-08-22 07:41:28', '0000-00-00 00:00:00', '0000-00-00 00:00:00', '0000-00-00 00:00:00', '0000-00-00 00:00:00', 'Ballato Construcciones.', -1, 'C', 1, 1, 1, -1, NULL, '0', 0, 0, 0),
(36, 'MM 305', '2017-08-23 06:01:57', '0000-00-00 00:00:00', '0000-00-00 00:00:00', '0000-00-00 00:00:00', '0000-00-00 00:00:00', 'BALLATO Construcciones', -1, 'C', 1, 1, 1, 1, NULL, '0', 0, 0, 0),
(38, 'MM 305', '2017-08-23 10:30:04', '0000-00-00 00:00:00', '0000-00-00 00:00:00', '0000-00-00 00:00:00', '0000-00-00 00:00:00', '', 20, 'C', 1, 1, 1, -1, NULL, '0', 0, 0, 0),
(39, 'MM 305', '2017-08-23 10:30:23', '0000-00-00 00:00:00', '0000-00-00 00:00:00', '0000-00-00 00:00:00', '0000-00-00 00:00:00', 'BALLATO Construcciones', 20, 'C', 1, 1, 1, 1, NULL, '0', 0, 0, 0),
(40, 'MM 306', '2017-08-24 09:34:10', '0000-00-00 00:00:00', '0000-00-00 00:00:00', '0000-00-00 00:00:00', '0000-00-00 00:00:00', 'CILINDRO', 1, 'C', 1, 1, 1, 1, NULL, '0', 0, 0, 0),
(41, 'MM 306', '2017-08-24 09:34:45', '0000-00-00 00:00:00', '0000-00-00 00:00:00', '0000-00-00 00:00:00', '0000-00-00 00:00:00', 'CILINDRO', 20, 'C', 1, 1, 1, 1, NULL, '0', 0, 0, 0),
(42, 'MM 251', '2017-08-25 06:06:48', '0000-00-00 00:00:00', '0000-00-00 00:00:00', '0000-00-00 00:00:00', '0000-00-00 00:00:00', 'Mando Final arribo el día 23/05/2016 ', 20, 'As', 1, 1, 1, 1, NULL, '0', 0, 0, 0),
(43, 'MM 253', '2017-08-25 06:09:39', '0000-00-00 00:00:00', '2018-04-16 10:19:15', '0000-00-00 00:00:00', '2018-05-24 00:00:00', 'Transmision arribo el 20/10/2016', 20, 'E', 1, 1, 1, 1, NULL, '0', 0, 0, 0),
(44, 'MM 254', '2017-08-25 06:11:42', '0000-00-00 00:00:00', '0000-00-00 00:00:00', '0000-00-00 00:00:00', '0000-00-00 00:00:00', 'Transmision arrribo el 20/10/2016', 20, 'C', 1, 1, 1, 1, NULL, '0', 0, 0, 0),
(45, 'MM 255', '2017-08-25 06:16:23', '0000-00-00 00:00:00', '0000-00-00 00:00:00', '0000-00-00 00:00:00', '0000-00-00 00:00:00', 'Transmisiones arribo 01/11/2016', 20, 'C', 1, 1, 1, 1, NULL, '0', 0, 0, 0),
(46, 'MM 256', '2017-08-25 06:17:48', '0000-00-00 00:00:00', '0000-00-00 00:00:00', '0000-00-00 00:00:00', '0000-00-00 00:00:00', 'Transmision arribo el dia 01/11/2016', 20, 'C', 1, 1, 1, 1, NULL, '0', 0, 0, 0),
(47, 'MM 267', '2017-08-25 06:20:42', '0000-00-00 00:00:00', '0000-00-00 00:00:00', '0000-00-00 00:00:00', '0000-00-00 00:00:00', 'Convertidor arribo el día 15/02/2017 ', 20, 'C', 1, 1, 1, 1, NULL, '0', 0, 0, 0),
(48, 'MM 271', '2017-08-25 06:21:54', '0000-00-00 00:00:00', '0000-00-00 00:00:00', '0000-00-00 00:00:00', '0000-00-00 00:00:00', 'Convertidor arribo el día  14/04/2017', 20, 'C', 1, 1, 1, 1, NULL, '0', 0, 0, 0),
(49, 'MM 272', '2017-08-25 06:23:49', '0000-00-00 00:00:00', '0000-00-00 00:00:00', '0000-00-00 00:00:00', '0000-00-00 00:00:00', 'Mando Final Sandvick arribo el día 17/04/2017 ', 20, 'C', 1, 1, 1, 1, NULL, '0', 0, 0, 0),
(50, 'MM 273', '2017-08-25 06:39:40', '0000-00-00 00:00:00', '0000-00-00 00:00:00', '0000-00-00 00:00:00', '0000-00-00 00:00:00', 'Transmisión arribo el día 17/04/2017  ', 20, 'C', 1, 1, 1, 1, NULL, '0', 0, 0, 0),
(51, 'MM 276', '2017-08-25 06:43:04', '0000-00-00 00:00:00', '0000-00-00 00:00:00', '0000-00-00 00:00:00', '0000-00-00 00:00:00', 'Convertidor arribo el día 17/04/2017 ', 20, 'C', 1, 1, 1, 1, NULL, '0', 0, 0, 0),
(52, 'MM 277', '2017-08-25 06:44:58', '0000-00-00 00:00:00', '0000-00-00 00:00:00', '0000-00-00 00:00:00', '0000-00-00 00:00:00', 'Mando Final arribo el 09/05/2017', 20, 'C', 1, 1, 1, 1, NULL, '0', 0, 0, 0),
(53, 'MM 278', '2017-08-25 06:47:16', '0000-00-00 00:00:00', '0000-00-00 00:00:00', '0000-00-00 00:00:00', '0000-00-00 00:00:00', 'Mando Final Sandvick arribo el dia 19/05/2017', 20, 'C', 1, 1, 1, 1, NULL, '0', 0, 0, 0),
(54, 'MM 279', '2017-08-25 06:49:15', '0000-00-00 00:00:00', '0000-00-00 00:00:00', '0000-00-00 00:00:00', '0000-00-00 00:00:00', 'Mando Final Sandvick arribo el día 19/05/2017 ', 20, 'C', 1, 1, 1, 1, NULL, '0', 0, 0, 0),
(55, 'MM 282', '2017-08-25 06:51:18', '0000-00-00 00:00:00', '0000-00-00 00:00:00', '0000-00-00 00:00:00', '0000-00-00 00:00:00', 'Mando Final arribo el día  08/06/2017', 20, 'C', 1, 1, 1, 1, NULL, '0', 0, 0, 0),
(56, 'MM 283', '2017-08-25 06:55:42', '0000-00-00 00:00:00', '0000-00-00 00:00:00', '0000-00-00 00:00:00', '0000-00-00 00:00:00', 'Convertidor arribo el día 15/06/2017 ', 20, 'C', 1, 1, 1, 1, NULL, '0', 0, 0, 0),
(57, 'MM 284 ', '2017-08-25 06:57:24', '0000-00-00 00:00:00', '0000-00-00 00:00:00', '0000-00-00 00:00:00', '0000-00-00 00:00:00', 'Mando Final arribo el dia 15/06/2017', 20, 'C', 1, 1, 1, 1, NULL, '0', 0, 0, 0),
(58, 'MM 285', '2017-08-25 06:58:01', '0000-00-00 00:00:00', '0000-00-00 00:00:00', '0000-00-00 00:00:00', '0000-00-00 00:00:00', 'Mando Final arribo el día 15/06/2017 ', 20, 'C', 1, 1, 1, 1, NULL, '0', 0, 0, 0),
(59, 'MM 286', '2017-08-25 07:21:34', '0000-00-00 00:00:00', '0000-00-00 00:00:00', '0000-00-00 00:00:00', '0000-00-00 00:00:00', 'Convertidor arribo el día 15/06/2017 ', 20, 'C', 1, 1, 1, 1, NULL, '0', 0, 0, 0),
(60, 'MM 287', '2017-08-25 07:25:53', '0000-00-00 00:00:00', '2017-09-06 08:45:08', '0000-00-00 00:00:00', '2017-09-07 00:00:00', 'Mando Final arribo el 26/06/02017 ', 20, 'E', 1, 1, 1, 1, NULL, '0', 0, 0, 0),
(61, 'MM 288', '2017-08-25 07:27:35', '0000-00-00 00:00:00', '0000-00-00 00:00:00', '0000-00-00 00:00:00', '0000-00-00 00:00:00', 'Mando Final arribo el 26/06/2017', 20, 'C', 1, 1, 1, 1, NULL, '0', 0, 0, 0),
(62, 'MM 289', '2017-08-25 07:28:28', '0000-00-00 00:00:00', '0000-00-00 00:00:00', '0000-00-00 00:00:00', '0000-00-00 00:00:00', 'Mando Final arribo el día 26/06/2017', 20, 'C', 1, 1, 1, 1, NULL, '0', 0, 0, 0),
(63, 'MM 290', '2017-08-25 07:29:26', '0000-00-00 00:00:00', '0000-00-00 00:00:00', '0000-00-00 00:00:00', '0000-00-00 00:00:00', 'Mando Final arribo el día 26/06/2017 ', 20, 'C', 1, 1, 1, 1, NULL, '0', 0, 0, 0),
(64, 'MM 291', '2017-08-25 07:31:56', '0000-00-00 00:00:00', '0000-00-00 00:00:00', '0000-00-00 00:00:00', '0000-00-00 00:00:00', 'Mando Final  arribo el día 26/06/2017', 20, 'C', 1, 1, 1, 1, NULL, '0', 0, 0, 0),
(65, 'MM 292', '2017-08-25 07:34:15', '0000-00-00 00:00:00', '0000-00-00 00:00:00', '0000-00-00 00:00:00', '0000-00-00 00:00:00', 'Transmisión arribo el día 13/07/2017  ', 20, 'C', 1, 1, 1, 1, NULL, '0', 0, 0, 0),
(66, 'MM 293', '2017-08-25 07:36:51', '0000-00-00 00:00:00', '0000-00-00 00:00:00', '0000-00-00 00:00:00', '0000-00-00 00:00:00', 'Transmisión arribo el día 13/07/2017 ', 20, 'C', 1, 1, 1, 1, NULL, '0', 0, 0, 0),
(67, 'MM 299', '2017-08-25 07:39:23', '0000-00-00 00:00:00', '0000-00-00 00:00:00', '0000-00-00 00:00:00', '0000-00-00 00:00:00', 'Mando Final arribo el día 31/07/2017', 20, 'C', 1, 1, 1, 1, NULL, '0', 0, 0, 0),
(68, 'MM 300', '2017-08-25 07:42:42', '0000-00-00 00:00:00', '0000-00-00 00:00:00', '0000-00-00 00:00:00', '0000-00-00 00:00:00', 'Mando Final arribo el día 31/07/2017 ', 20, 'C', 1, 1, 1, 1, NULL, '0', 0, 0, 0),
(69, 'MM 307', '2017-09-01 07:31:14', '0000-00-00 00:00:00', '0000-00-00 00:00:00', '0000-00-00 00:00:00', '0000-00-00 00:00:00', 'HIDRO GRUA GRUBERTI', -1, 'C', 1, 1, 1, 1, NULL, '0', 0, 0, 0),
(70, 'MM 307', '2017-09-01 07:35:21', '0000-00-00 00:00:00', '0000-00-00 00:00:00', '0000-00-00 00:00:00', '0000-00-00 00:00:00', 'HIDRO GRUA GRUBERTI', 20, 'C', 1, 1, 1, 1, NULL, '0', 0, 0, 0),
(71, '000', '2017-09-04 08:12:00', '0000-00-00 00:00:00', '0000-00-00 00:00:00', '0000-00-00 00:00:00', '0000-00-00 00:00:00', 'orden test 1', 20, 'P', 1, 1, 1, 1, 3, '0', 0, 0, 0),
(72, 'MM 308', '2017-09-05 00:00:00', '0000-00-00 00:00:00', '0000-00-00 00:00:00', '0000-00-00 00:00:00', '0000-00-00 00:00:00', 'MANDO FINAL ', 20, 'As', 4, 6, 0, 1, 10, '0', 0, 0, 0),
(73, 'mmmmm', '2017-09-12 00:00:00', '0000-00-00 00:00:00', '0000-00-00 00:00:00', '0000-00-00 00:00:00', '0000-00-00 00:00:00', 'vbnvnv h', 20, 'P', 4, 4, 0, 1, 3, '0', 0, 0, 0),
(74, 'MM 309', '2017-09-12 10:58:00', '0000-00-00 00:00:00', '0000-00-00 00:00:00', '0000-00-00 00:00:00', '0000-00-00 00:00:00', '', 20, 'C', 4, 1, 0, 1, -1, '0', 0, 0, 0),
(76, 'MM 3010', '2017-09-13 11:56:00', '0000-00-00 00:00:00', '0000-00-00 00:00:00', '0000-00-00 00:00:00', '0000-00-00 00:00:00', 'CILINDRO ', -1, 'C', 1, 1, 1, 1, 13, '0', 0, 0, 0),
(77, 'MM 311', '2017-09-14 09:18:00', '0000-00-00 00:00:00', '0000-00-00 00:00:00', '0000-00-00 00:00:00', '0000-00-00 00:00:00', 'LLEGO EL DIA 13/09/2017\nTRANSMISION', 20, 'C', 4, 1, 0, 1, 13, '0', 0, 0, 0),
(78, 'MM 310', '2017-09-14 12:27:00', '0000-00-00 00:00:00', '0000-00-00 00:00:00', '0000-00-00 00:00:00', '0000-00-00 00:00:00', 'CILINDRO ELECTROMETALURGICA ANDINA ', 20, 'C', 4, 1, 0, 1, 13, '0', 0, 0, 0),
(79, 'MM 312', '2017-09-19 04:54:00', '0000-00-00 00:00:00', '0000-00-00 00:00:00', '0000-00-00 00:00:00', '0000-00-00 00:00:00', 'CILINDRO ', 20, 'C', 4, 1, 0, 1, 13, '0', 0, 0, 0),
(80, 'MM 313', '2017-10-02 05:43:00', '0000-00-00 00:00:00', '0000-00-00 00:00:00', '0000-00-00 00:00:00', '0000-00-00 00:00:00', 'DIFERENCIAL DF 34009', 20, 'C', 4, 1, 0, 1, 13, '0', 0, 0, 0),
(81, 'MM 314', '2017-10-02 05:45:00', '0000-00-00 00:00:00', '0000-00-00 00:00:00', '0000-00-00 00:00:00', '0000-00-00 00:00:00', 'MANDO FINAL DERECHO MF 34021', 20, 'C', 4, 1, 0, 1, 13, '0', 0, 0, 0),
(82, 'MM 315', '2017-10-02 05:46:00', '0000-00-00 00:00:00', '0000-00-00 00:00:00', '0000-00-00 00:00:00', '0000-00-00 00:00:00', 'MANDO FINAL MF 34013', 20, 'C', 4, 1, 0, 1, 13, '0', 0, 0, 0),
(83, 'MM 316', '2017-10-02 05:54:00', '0000-00-00 00:00:00', '0000-00-00 00:00:00', '0000-00-00 00:00:00', '0000-00-00 00:00:00', 'MANDO FINAL DERECHO MF03017', 20, 'C', 4, 1, 0, 1, 13, '0', 0, 0, 0),
(84, 'MM 317', '2017-10-02 05:56:00', '0000-00-00 00:00:00', '0000-00-00 00:00:00', '0000-00-00 00:00:00', '0000-00-00 00:00:00', 'MANDO FINAL IZQUIERDO MF 03027', 20, 'C', 4, 1, 0, 1, 13, '0', 0, 0, 0),
(85, 'MM  318', '2017-10-10 02:54:00', '0000-00-00 00:00:00', '0000-00-00 00:00:00', '0000-00-00 00:00:00', '0000-00-00 00:00:00', 'MANDO FINAL ', 20, 'C', 4, 1, 0, 1, 13, '0', 0, 0, 0),
(86, 'MM 319', '2017-10-10 02:55:00', '0000-00-00 00:00:00', '0000-00-00 00:00:00', '0000-00-00 00:00:00', '0000-00-00 00:00:00', 'DIFERENCIAL ', 20, 'C', 4, 1, 0, 1, 13, '0', 0, 0, 0),
(320, 'MM 320', '2017-10-10 02:56:00', '0000-00-00 00:00:00', '0000-00-00 00:00:00', '0000-00-00 00:00:00', '0000-00-00 00:00:00', 'MANDO FINAL ', 20, 'C', 4, 1, 0, 1, 13, '0', 0, 0, 0),
(321, '321', '2017-10-20 00:00:00', '2017-10-28 00:00:00', '2017-10-30 00:00:00', '2017-10-31 00:00:00', '2017-10-01 00:00:00', 'test', 20, 'C', 1, 1, 1, 1, 1, '0', 0, 0, 0),
(322, 'MM 323', '2017-11-02 09:55:00', '0000-00-00 00:00:00', '0000-00-00 00:00:00', '0000-00-00 00:00:00', '0000-00-00 00:00:00', 'CILINDRO TELESCOPICO \nMAPAL', 20, 'C', 4, 1, 0, 1, 13, '0', 0, 0, 0),
(323, 'MM 322', '2017-11-02 09:57:00', '0000-00-00 00:00:00', '0000-00-00 00:00:00', '0000-00-00 00:00:00', '0000-00-00 00:00:00', 'CILINDRO', 20, 'C', 4, 1, 0, 1, 13, '0', 0, 0, 0),
(324, 'MM 324', '2017-11-08 11:00:00', '0000-00-00 00:00:00', '0000-00-00 00:00:00', '0000-00-00 00:00:00', '0000-00-00 00:00:00', '', 20, 'C', 4, 1, 0, -1, -1, '0', 0, 0, 0),
(325, 'MM 325', '2017-11-08 11:00:00', '0000-00-00 00:00:00', '0000-00-00 00:00:00', '0000-00-00 00:00:00', '0000-00-00 00:00:00', 'CILINDRO ', 20, 'C', 4, 1, 0, 1, 13, '0', 0, 0, 0),
(326, 'MM 326', '2017-11-23 03:48:00', '0000-00-00 00:00:00', '0000-00-00 00:00:00', '0000-00-00 00:00:00', '0000-00-00 00:00:00', 'CAMION DE ORICA ARGENTINA', 20, 'C', 4, 1, 0, 1, 13, '0', 0, 0, 0),
(327, 'MM327', '2018-01-22 10:03:00', '0000-00-00 00:00:00', '0000-00-00 00:00:00', '0000-00-00 00:00:00', '0000-00-00 00:00:00', 'EMPRESA DISEI ', 20, 'C', 4, 1, 0, 1, 13, '0', 0, 0, 0),
(328, 'MM 328', '2018-01-22 10:05:00', '0000-00-00 00:00:00', '0000-00-00 00:00:00', '0000-00-00 00:00:00', '0000-00-00 00:00:00', 'PANAGA ', 20, 'C', 4, 1, 0, 1, 13, '0', 0, 0, 0),
(329, 'MM 329', '2018-01-22 10:10:00', '0000-00-00 00:00:00', '0000-00-00 00:00:00', '0000-00-00 00:00:00', '0000-00-00 00:00:00', 'DISEI ', 20, 'C', 4, 1, 0, 1, 13, '0', 0, 0, 0),
(330, 'MM 330 ', '2018-01-22 10:11:00', '0000-00-00 00:00:00', '2018-03-22 09:30:04', '0000-00-00 00:00:00', '0000-00-00 00:00:00', 'TRACKTOR HERRAMIENTAS SAN MARTIN', 20, 'T', 4, 1, 0, 1, 13, '0', 0, 0, 0),
(331, '234', '2018-03-22 11:31:00', '0000-00-00 00:00:00', '0000-00-00 00:00:00', '0000-00-00 00:00:00', '0000-00-00 00:00:00', 'servicio toyota  2011', 20, 'C', 4, 1, 0, 1, 4, '0', 0, 0, 0),
(332, 'MM 31', '2018-04-16 04:32:00', '0000-00-00 00:00:00', '0000-00-00 00:00:00', '0000-00-00 00:00:00', '0000-00-00 00:00:00', 'Revisar de filtros', 20, 'C', 1, 1, 0, 1, 13, '0', 0, 0, 0),
(333, 'HHH 4444', '2018-04-16 04:33:00', '0000-00-00 00:00:00', '0000-00-00 00:00:00', '0000-00-00 00:00:00', '0000-00-00 00:00:00', 'orden de trabajo test hugo', 20, 'C', 1, 1, 0, 1, 13, '0', 0, 0, 0),
(334, 'MM 10', '2018-04-16 04:34:00', '0000-00-00 00:00:00', '0000-00-00 00:00:00', '0000-00-00 00:00:00', '0000-00-00 00:00:00', 'Cambio correa ', 20, 'C', 1, 1, 0, 1, 13, '0', 0, 0, 0),
(335, 'MM 15', '2018-04-16 04:35:00', '0000-00-00 00:00:00', '0000-00-00 00:00:00', '0000-00-00 00:00:00', '0000-00-00 00:00:00', 'Ajuste correa embalaje', 20, 'C', 1, 1, 0, 1, 13, '0', 0, 0, 0),
(337, '77777', '2018-05-09 00:00:00', '0000-00-00 00:00:00', '0000-00-00 00:00:00', '0000-00-00 00:00:00', '0000-00-00 00:00:00', 'Hola', 20, 'As', 1, -1, 0, 1, 10, '0', 0, 0, 0),
(339, '34', '2018-06-28 10:12:00', '0000-00-00 00:00:00', '0000-00-00 00:00:00', '0000-00-00 00:00:00', '0000-00-00 00:00:00', 'reparación motor komatsu', 20, 'C', 1, 1, 0, 1, 13, '0', 0, 0, 0),
(340, '', '2018-08-13 18:35:00', '0000-00-00 00:00:00', '0000-00-00 00:00:00', '0000-00-00 00:00:00', '0000-00-00 00:00:00', 'oerden bababba', 20, 'C', 1, 1, 0, 1, 3, '0', 0, 0, 0),
(341, 'BIE-0031-18', '2018-08-31 18:21:00', '0000-00-00 00:00:00', '0000-00-00 00:00:00', '0000-00-00 00:00:00', '0000-00-00 00:00:00', 'Planifique el trabajo a realizar para obtener un diagnóstico', 1, 'C', 28, 1, 0, 1, 1, '', 27, 20128, 0),
(342, 'BI-0035-18', '2018-08-31 19:25:00', '0000-00-00 00:00:00', '0000-00-00 00:00:00', '0000-00-00 00:00:00', '0000-00-00 00:00:00', 'Planifique el trabajo a realizar para obtener un diagnóstico', 1, 'C', 28, 1, 0, 1, 1, '', 31, 20142, 0),
(343, 'CI-0033-18', '2018-08-31 19:28:00', '0000-00-00 00:00:00', '0000-00-00 00:00:00', '0000-00-00 00:00:00', '0000-00-00 00:00:00', 'Planifique el trabajo a realizar para obtener un diagnóstico', 1, 'C', 28, 1, 0, 1, 1, '', 29, 20136, 0),
(344, 'CI-0033-18', '2018-08-31 19:35:00', '0000-00-00 00:00:00', '0000-00-00 00:00:00', '0000-00-00 00:00:00', '0000-00-00 00:00:00', '', 1, 'C', 32, 1, 0, 1, 1, '', 29, 20145, 0);

-- --------------------------------------------------------

--
-- Estructura de tabla para la tabla `plantilla`
--

CREATE TABLE `plantilla` (
  `id_plantilla` int(11) NOT NULL,
  `descripcion` varchar(255) DEFAULT NULL,
  `fecha` datetime DEFAULT NULL
) ENGINE=InnoDB DEFAULT CHARSET=latin1;

--
-- Volcado de datos para la tabla `plantilla`
--

INSERT INTO `plantilla` (`id_plantilla`, `descripcion`, `fecha`) VALUES
(26, 'plantilla 1', '2018-07-02 12:54:03'),
(27, 'plantilla 2', '2018-07-12 12:54:07'),
(28, 'plantila 3', '2018-07-16 12:54:12'),
(29, 'plantilla 4', '2018-07-30 10:44:53');

-- --------------------------------------------------------

--
-- Estructura de tabla para la tabla `remitos`
--

CREATE TABLE `remitos` (
  `remitoId` int(11) NOT NULL,
  `fecha` datetime NOT NULL,
  `provid` int(11) NOT NULL,
  `comprobante` varchar(255) CHARACTER SET latin1 NOT NULL
) ENGINE=InnoDB DEFAULT CHARSET=utf8 COLLATE=utf8_spanish_ci;

--
-- Volcado de datos para la tabla `remitos`
--

INSERT INTO `remitos` (`remitoId`, `fecha`, `provid`, `comprobante`) VALUES
(33, '2017-08-07 00:00:00', 10, '123'),
(34, '0000-00-00 00:00:00', 3, '');

-- --------------------------------------------------------

--
-- Estructura de tabla para la tabla `sisactions`
--

CREATE TABLE `sisactions` (
  `actId` int(11) NOT NULL,
  `actDescription` varchar(20) COLLATE utf8_spanish_ci NOT NULL,
  `actDescriptionSpanish` varchar(20) COLLATE utf8_spanish_ci DEFAULT NULL
) ENGINE=InnoDB DEFAULT CHARSET=utf8 COLLATE=utf8_spanish_ci;

--
-- Volcado de datos para la tabla `sisactions`
--

INSERT INTO `sisactions` (`actId`, `actDescription`, `actDescriptionSpanish`) VALUES
(1, 'Add', 'Agregar'),
(2, 'Edit', 'Editar'),
(3, 'Del', 'Eliminar'),
(4, 'View', 'Consultar'),
(5, 'Imprimir', 'Imprimir'),
(6, 'Saldo', 'Consultar Saldo'),
(7, 'Asignar', 'Asignar'),
(8, 'Finalizar', 'Finalizar'),
(9, 'OP', 'OP'),
(10, 'Pedidos', 'Pedidos');

-- --------------------------------------------------------

--
-- Estructura de tabla para la tabla `sisgroups`
--

CREATE TABLE `sisgroups` (
  `grpId` int(11) NOT NULL,
  `grpName` varchar(20) COLLATE utf8_spanish_ci NOT NULL,
  `grpDash` varchar(20) COLLATE utf8_spanish_ci NOT NULL
) ENGINE=InnoDB DEFAULT CHARSET=utf8 COLLATE=utf8_spanish_ci;

--
-- Volcado de datos para la tabla `sisgroups`
--

INSERT INTO `sisgroups` (`grpId`, `grpName`, `grpDash`) VALUES
(1, 'Administrador', 'Otrabajo'),
(2, 'Vendedor', 'Otrabajo'),
(3, 'Depósito', 'Otrabajo'),
(4, 'Taller', 'Otrabajo'),
(5, 'Supervisor Taller', 'Otrabajo'),
(6, 'Compras', 'Otrabajo'),
(7, 'coordinador', 'Otrabajo'),
(14, 'Gerente', 'Tarea'),
(15, 'Administrador', 'Tarea'),
(18, 'Adm  y finanzas', 'Tarea'),
(19, 'Produccion', 'Tarea'),
(20, 'Abastecimiento', 'Tarea'),
(21, 'Comercial', 'Tarea'),
(25, 'Servicios en Terreno', 'Tarea'),
(27, 'Arnado', 'Tarea'),
(35, 'Control de Gestion', 'Tarea');

-- --------------------------------------------------------

--
-- Estructura de tabla para la tabla `sisgroupsactions`
--

CREATE TABLE `sisgroupsactions` (
  `grpactId` int(11) NOT NULL,
  `grpId` int(11) NOT NULL,
  `roleId` int(11) NOT NULL,
  `menuAccId` int(11) NOT NULL
) ENGINE=InnoDB DEFAULT CHARSET=utf8 COLLATE=utf8_spanish_ci;

--
-- Volcado de datos para la tabla `sisgroupsactions`
--

INSERT INTO `sisgroupsactions` (`grpactId`, `grpId`, `roleId`, `menuAccId`) VALUES
(13, 21, 38, 114),
(14, 21, 38, 115),
(15, 21, 38, 116),
(16, 21, 38, 117),
(17, 35, 43, 114),
(18, 35, 43, 115),
(19, 35, 43, 116),
(20, 35, 43, 117),
(21, 20, 33, 114),
(22, 20, 33, 115),
(23, 20, 33, 116),
(24, 20, 33, 117),
(25, 19, 10, 114),
(26, 19, 10, 115),
(27, 19, 10, 116),
(28, 19, 10, 117),
(29, 18, 6, 114),
(30, 18, 6, 115),
(31, 18, 6, 116),
(32, 18, 6, 117),
(33, 21, 38, 134),
(34, 21, 38, 135),
(35, 21, 38, 136),
(36, 21, 38, 137),
(37, 19, 32, 114),
(38, 19, 32, 115),
(39, 19, 32, 116),
(40, 19, 32, 117),
(41, 27, 16, 114),
(42, 27, 16, 115),
(43, 27, 16, 116),
(44, 27, 16, 117);

-- --------------------------------------------------------

--
-- Estructura de tabla para la tabla `sismenu`
--

CREATE TABLE `sismenu` (
  `id` int(11) NOT NULL,
  `name` varchar(50) COLLATE utf8_spanish_ci NOT NULL,
  `slug` varchar(50) COLLATE utf8_spanish_ci DEFAULT NULL,
  `icon` varchar(50) COLLATE utf8_spanish_ci DEFAULT NULL,
  `parent` int(11) DEFAULT NULL,
  `number` int(11) NOT NULL
) ENGINE=InnoDB DEFAULT CHARSET=utf8 COLLATE=utf8_spanish_ci;

--
-- Volcado de datos para la tabla `sismenu`
--

INSERT INTO `sismenu` (`id`, `name`, `slug`, `icon`, `parent`, `number`) VALUES
(1, 'Clientes', 'Cliente', 'fa fa-users', NULL, 1),
(2, 'Calendario', 'Calendario/indexot', 'fa fa-leanpub', NULL, 2),
(9, 'Seguridad', '', 'fa fa-key', NULL, 3),
(10, 'Usuarios', 'user', '', 9, 1),
(11, 'Grupos', 'group', '', 9, 2),
(12, 'Administración', '', 'fa fa-fw fa-cogs', NULL, 4),
(13, 'Zonas', 'zone', '', 12, 1),
(14, 'Familias', 'family', '', 12, 2),
(15, 'Sub-Familias', 'family/indexSF', '', 12, 3),
(16, 'BackUp', 'backup', 'fa fa-check-square-o', NULL, 5),
(17, 'Ordenes_de_trabajo', '', 'fa fa-check-square-o', NULL, 6),
(18, 'Alta_Ordenes', 'Otrabajo/listOrden', 'fa fa-plus', 17, 1),
(19, 'Administra_Ordenes', 'Envio', 'fa fa-thumbs-up', 17, 2),
(20, 'Reporte Ordenes', '', 'fa fa-file-picture-o', 17, 3),
(21, 'Ordenes_Pedido', '', 'fa  fa-tags', NULL, 7),
(22, 'Proveedores', 'proveedor', 'fa fa-truck', 21, 1),
(23, 'Enviar Pedido', '', 'fa fa-paper-plane ', 21, 2),
(24, 'Reporte O. Pedido', '', 'fa fa-file-picture-o', 21, 3),
(25, 'Gestion_Stock', '', 'fa fa-truck', NULL, 8),
(26, 'Articulos', 'Article', 'fa fa-cubes', 25, 1),
(27, 'Stock', 'Lote', 'fa fa-truck', 25, 2),
(28, 'Remitos', 'Remito', 'fa fa-paperclip ', 25, 3),
(29, 'Ordenes_insumos', 'Ordeninsumo', 'fa fa-check', 25, 4),
(30, 'Proveedores_', 'proveedor', 'fa fa-truck', 25, 5),
(31, 'Nota_Pedido', 'Notapedido', 'fa fa-cart-plus', 21, 4),
(32, 'Administra_Pedidos', 'Administracion', 'fa fa-truck', NULL, 9),
(33, 'Importar_Excel', 'Import', 'fa fa-upload', NULL, 10),
(34, 'Taller', 'Taller', 'fa fa-check', NULL, 11),
(35, 'ABM_Empresa', 'Sistema', 'fa fa-tasks', NULL, 12),
(36, 'Plantilla', 'Plantilla', 'fa fa-calendar', NULL, 13),
(37, 'Bonita', 'Bonita/conexion', '', NULL, 14),
(38, 'Mis Tareas', 'Tarea', 'fas fa-clipboard-check', NULL, 15),
(39, 'Formulario', 'Form', '', NULL, 16),
(40, 'ABM Equipos', 'Equipo', 'fa fa-fw fa-cogs', NULL, 17),
(41, 'ABM Subsectores', 'Subsector', 'fa fa-tasks', NULL, 18),
(42, 'ABM Tareas Estandar', 'Tareaest', 'fa fa-tasks', NULL, 19),
(43, 'Nuevo Pedido de Trabajo', 'InicioTrabajo', 'fas fa-flag-checkered', NULL, 20);

-- --------------------------------------------------------

--
-- Estructura de tabla para la tabla `sismenuactions`
--

CREATE TABLE `sismenuactions` (
  `menuAccId` int(11) NOT NULL,
  `menuId` int(11) NOT NULL,
  `actId` int(11) DEFAULT NULL
) ENGINE=InnoDB DEFAULT CHARSET=utf8 COLLATE=utf8_spanish_ci;

--
-- Volcado de datos para la tabla `sismenuactions`
--

INSERT INTO `sismenuactions` (`menuAccId`, `menuId`, `actId`) VALUES
(1, 1, 1),
(2, 1, 2),
(4, 1, 4),
(5, 2, 1),
(6, 2, 2),
(8, 2, 4),
(13, 4, 1),
(14, 6, 5),
(15, 7, 5),
(16, 8, 5),
(17, 10, 1),
(18, 10, 2),
(19, 10, 3),
(20, 10, 4),
(21, 11, 1),
(22, 11, 2),
(23, 11, 3),
(24, 11, 4),
(25, 13, 1),
(26, 13, 2),
(27, 13, 3),
(28, 13, 4),
(29, 14, 1),
(30, 14, 2),
(31, 14, 3),
(32, 14, 4),
(33, 15, 1),
(34, 15, 2),
(35, 15, 3),
(36, 15, 4),
(37, 4, 4),
(38, 4, 6),
(39, 16, 1),
(40, 4, 3),
(41, 18, 1),
(42, 18, 2),
(43, 18, 3),
(44, 19, 1),
(45, 19, 1),
(46, 19, 2),
(47, 20, 1),
(48, 20, 2),
(49, 20, 3),
(50, 17, 1),
(51, 17, 2),
(52, 17, 3),
(53, 18, 7),
(54, 18, 8),
(55, 18, 9),
(56, 18, 10),
(57, 18, 4),
(61, 22, 1),
(62, 22, 3),
(63, 22, 4),
(64, 23, 1),
(65, 23, 2),
(66, 23, 3),
(67, 24, 1),
(68, 24, 1),
(69, 24, 1),
(70, 26, 1),
(71, 26, 2),
(72, 26, 3),
(73, 26, 4),
(74, 27, 1),
(75, 27, 2),
(76, 27, 3),
(77, 27, 4),
(78, 28, 1),
(79, 28, 2),
(80, 28, 3),
(81, 28, 4),
(82, 29, 1),
(83, 29, 2),
(84, 29, 3),
(85, 29, 4),
(86, 30, 1),
(87, 30, 2),
(88, 30, 3),
(89, 30, 4),
(90, 31, 1),
(91, 31, 2),
(92, 31, 3),
(93, 31, 4),
(94, 32, 1),
(95, 32, 2),
(96, 32, 3),
(97, 32, 4),
(98, 33, 1),
(99, 33, 2),
(100, 34, 1),
(101, 34, 2),
(102, 34, 3),
(103, 34, 4),
(104, 35, 1),
(105, 35, 2),
(106, 35, 3),
(107, 35, 4),
(108, 36, 1),
(109, 36, 2),
(110, 36, 3),
(111, 36, 4),
(112, 37, 1),
(113, 37, 2),
(114, 38, 1),
(115, 38, 2),
(116, 38, 3),
(117, 38, 4),
(118, 39, 1),
(119, 39, 2),
(120, 39, 3),
(121, 39, 4),
(122, 40, 1),
(123, 40, 2),
(124, 40, 3),
(125, 40, 4),
(126, 41, 1),
(127, 41, 2),
(128, 41, 3),
(129, 41, 4),
(130, 42, 1),
(131, 42, 2),
(132, 42, 3),
(133, 42, 4),
(134, 43, 1),
(135, 43, 2),
(136, 43, 3),
(137, 43, 4);

-- --------------------------------------------------------

--
-- Estructura de tabla para la tabla `sisusers`
--

CREATE TABLE `sisusers` (
  `usrId` int(11) NOT NULL,
  `usrNick` varchar(10) COLLATE utf8_spanish_ci NOT NULL,
  `usrName` varchar(50) COLLATE utf8_spanish_ci NOT NULL,
  `usrLastName` varchar(50) COLLATE utf8_spanish_ci NOT NULL,
  `usrComision` int(11) NOT NULL,
  `usrPassword` varchar(5000) COLLATE utf8_spanish_ci NOT NULL,
  `grpId` int(11) NOT NULL,
  `usrimag` mediumblob NOT NULL
) ENGINE=InnoDB DEFAULT CHARSET=utf8 COLLATE=utf8_spanish_ci;

--
-- Volcado de datos para la tabla `sisusers`
--

INSERT INTO `sisusers` (`usrId`, `usrNick`, `usrName`, `usrLastName`, `usrComision`, `usrPassword`, `grpId`, `usrimag`) VALUES
(1, 'admin', 'Administrador', ' ', 0, '21232f297a57a5a743894a0e4a801fc3', 1, ''),
(4, 'Taller', 'taller', 'taller', 0, '59edbc14c05f7854d6ccfdc150beba80', 1, ''),
(5, 'hg', 'hugo', 'gallardo', 0, '81dc9bdb52d04dc20036dbd8313ed055', 7, ''),
(6, 'rvictoria', 'Victoria', 'Riveros', 0, 'e00cf25ad42683b3df678c61f42c6bda', 5, ''),
(8, 'compras', 'compras', 'compras', 0, 'a82a2df07e8039ee4d5a1f46b3f03416', 6, ''),
(9, 'mtatiana', 'Tatiana', 'Montaña', 0, '1dfd385c858365b0a5c5342053b8d230', 6, ''),
(10, 'supervisor', 'supervisor', 'taller', 0, '09348c20a019be0318387c08df7a783d', 5, ''),
(11, 'coord', 'Juan', 'Perez', 0, '332de775a36bbfcb140e1caa06299a8a', 7, '');

-- --------------------------------------------------------

--
-- Estructura de tabla para la tabla `sucursal`
--

CREATE TABLE `sucursal` (
  `id_sucursal` int(11) NOT NULL,
  `dire` varchar(3000) NOT NULL,
  `telefono` varchar(3000) NOT NULL,
  `zonas` varchar(3000) NOT NULL,
  `id_localidad` int(11) NOT NULL,
  `descripc` varchar(3000) NOT NULL
) ENGINE=InnoDB DEFAULT CHARSET=latin1;

--
-- Volcado de datos para la tabla `sucursal`
--

INSERT INTO `sucursal` (`id_sucursal`, `dire`, `telefono`, `zonas`, `id_localidad`, `descripc`) VALUES
(1, 'ee', 'ee', 'eee', 1, 'Macromin');

-- --------------------------------------------------------

--
-- Estructura de tabla para la tabla `tareas`
--

CREATE TABLE `tareas` (
  `id_tarea` int(11) NOT NULL,
  `descripcion` varchar(255) CHARACTER SET latin1 NOT NULL,
  `duracion_std` int(11) NOT NULL,
  `form_asoc` int(11) DEFAULT NULL,
  `visible` tinyint(4) DEFAULT '1'
) ENGINE=InnoDB DEFAULT CHARSET=utf8 COLLATE=utf8_spanish_ci;

--
-- Volcado de datos para la tabla `tareas`
--

INSERT INTO `tareas` (`id_tarea`, `descripcion`, `duracion_std`, `form_asoc`, `visible`) VALUES
(4, 'LIMPIE EL CUERPO DEL RADIADOR. UTILICE AIRE COMPRIMIDO.', 120, 1, 1),
(5, 'REVISE LA BOMBA DE AGUA', 60, 1, 1),
(6, 'LIMPIE EL FILTRO DE ADMISIÓN DE AIRE. SE PUEDE LIMPIAR COMO MÁXIMO 6 VECES, LUEGO CAMBIAR.', 60, 1, 1),
(7, 'CAMBIE EL FILTRO DE ADMISIÓN DE AIRE', 60, 1, 1),
(8, 'CAMBIE EL ACEITE DE MOTOR. ACEITE 15W40', 60, 1, 1),
(9, 'CAMBIE LOS FILTROS DE ACEITE.', 60, 1, 1),
(10, 'CAMBIE EL FILTRO DE COMBUSTIBLE DE MOTOR.', 60, 1, 1),
(12, 'LIMPIE EL DEPÓSITO DE COMBUSTIBLE.', 60, 1, 1),
(13, 'COMPRUEBE EL MOTOR DE ARRANQUE', 60, 1, 1),
(14, 'REVISE EL SENSOR DE TEMPERATURA.', 60, 1, 1),
(15, 'TOMAR MUESTRA DE ACEITE PARA ANÁLISIS DE LABORATORIO. USAR PROCEDIMIENTO PR0004EM', 60, 1, 1),
(16, 'REALIZAR ANÁLISIS DE TEMPERATURA. UTIIZAR CÁMARA TERMOMÉTRICA O PIRÓMETRO', 60, 1, 1),
(17, 'tarea de rectificacion subsector 2', 120, 1, 1),
(18, 'tarea 1  plantilla  4', 80, 1, 1),
(19, 'tarea 2 pantilla 4', 70, 1, 1),
(20, 'tarea 3 plantilla 4', 150, 1, 0),
(21, 'Recepcione el componente del cliente', 11, 1000, 0),
(22, 'Notificación de Recepción del Legajo', 55, 2500, 1);

-- --------------------------------------------------------

--
-- Estructura de tabla para la tabla `tbl_detanotapedido`
--

CREATE TABLE `tbl_detanotapedido` (
  `id_detaNota` int(11) NOT NULL,
  `id_notaPedido` int(11) DEFAULT NULL,
  `artId` int(11) DEFAULT NULL,
  `cantidad` int(11) DEFAULT NULL,
  `provid` int(11) DEFAULT NULL,
  `fechaEntrega` date DEFAULT NULL,
  `fechaEntregado` date DEFAULT NULL,
  `remito` int(11) DEFAULT NULL,
  `estado` varchar(4) COLLATE utf8_spanish_ci DEFAULT NULL,
  `medida` varchar(50) COLLATE utf8_spanish_ci DEFAULT NULL
) ENGINE=InnoDB DEFAULT CHARSET=utf8 COLLATE=utf8_spanish_ci;

--
-- Volcado de datos para la tabla `tbl_detanotapedido`
--

INSERT INTO `tbl_detanotapedido` (`id_detaNota`, `id_notaPedido`, `artId`, `cantidad`, `provid`, `fechaEntrega`, `fechaEntregado`, `remito`, `estado`, `medida`) VALUES
(49, 50, 11, 11, 4, '2017-08-04', '2017-08-04', 1, 'C', '10'),
(50, 50, 17, 22, 11, '2017-08-11', '2017-08-11', 1, 'C', '10'),
(51, 51, 2, 12, 3, '2017-08-03', '2017-08-03', 1, 'C', '10'),
(52, 52, 2, 10, 4, '2017-08-07', '2017-08-07', 1, 'C', '10'),
(53, 53, 2, 15, 3, '2017-08-16', '2017-08-16', 1, 'C', '10'),
(54, 54, 2, 30, 4, '2017-08-14', '2017-08-14', 1, 'C', '10'),
(55, 55, 2, 2222, 12, '2017-09-06', '2017-09-06', 1545, 'E', '10'),
(56, 55, 3, 3333, 4, '2017-09-28', '2017-09-28', 7894, 'E', '10'),
(57, 56, 0, 5, 11, '2017-09-06', '2017-09-06', 1, 'P', '10'),
(58, 57, 2, 10, 3, '2017-09-12', '2017-09-12', 1, 'P', '10'),
(59, 58, 2, 23, 13, '2018-04-28', '2018-04-28', 1, 'P', '10'),
(60, 59, 2, 12, 3, '2018-07-23', '2018-07-23', 1, 'P', '10'),
(61, 60, 2, 23, 10, '2018-07-11', '2018-07-11', 1, 'P', NULL),
(62, 61, 2, 123, 10, '2018-07-24', '2018-07-24', 1, 'P', ' '),
(63, 62, 2, 123, 10, '2018-07-24', '2018-07-24', 1, 'P', ' '),
(64, 63, 2, 345, 10, '2018-07-24', '2018-07-24', 1, 'P', ' '),
(65, 64, 2, 345, 10, '2018-07-24', '2018-07-24', 1, 'P', ' 678 '),
(66, 65, 2, 5678, 12, '2018-07-24', '2018-07-24', 1, 'P', ' 123 '),
(67, 65, 2, 44, 10, '2018-07-24', '2018-07-24', 1, 'P', ' 123 '),
(68, 66, 2, 12, 0, '2018-07-27', '2018-07-27', 1, 'P', ' 15 ');

-- --------------------------------------------------------

--
-- Estructura de tabla para la tabla `tbl_equipos`
--

CREATE TABLE `tbl_equipos` (
  `id_equipo` int(11) NOT NULL,
  `descripcion` varchar(255) CHARACTER SET utf8 NOT NULL,
  `capacidad` int(11) DEFAULT NULL,
  `id_subsector` int(11) NOT NULL
) ENGINE=InnoDB DEFAULT CHARSET=utf8 COLLATE=utf8_spanish_ci;

--
-- Volcado de datos para la tabla `tbl_equipos`
--

INSERT INTO `tbl_equipos` (`id_equipo`, `descripcion`, `capacidad`, `id_subsector`) VALUES
(2, 'fresadora', 60, 1),
(3, 'rectificadora', 20, 1),
(6, 'Test', 55, 2),
(7, 'Test Test', 77, 6),
(8, 'Test Fernando', 1000, 6),
(9, 'Equipo test 1', 180, 8);

-- --------------------------------------------------------

--
-- Estructura de tabla para la tabla `tbl_estado`
--

CREATE TABLE `tbl_estado` (
  `estadoid` int(11) NOT NULL,
  `descripcion` varchar(3000) COLLATE utf8_spanish_ci NOT NULL,
  `estado` varchar(5) COLLATE utf8_spanish_ci NOT NULL
) ENGINE=InnoDB DEFAULT CHARSET=utf8 COLLATE=utf8_spanish_ci;

--
-- Volcado de datos para la tabla `tbl_estado`
--

INSERT INTO `tbl_estado` (`estadoid`, `descripcion`, `estado`) VALUES
(1, 'ACTIVO', 'AC'),
(2, 'TRANSITO', 'TR'),
(3, 'REPARACION', 'RE'),
(4, 'COMODATO', 'CO'),
(5, 'CURSO', 'C'),
(6, 'INACTIVO', 'IN'),
(7, 'SOLICITADO', 'S'),
(8, 'TAREA REALIZADA', 'RE'),
(9, 'TERMINADO PARCIAL', 'TE'),
(10, 'TERMINADO', 'T'),
(11, 'ENTREGADO', 'E'),
(12, 'ASIGNADO', 'AS');

-- --------------------------------------------------------

--
-- Estructura de tabla para la tabla `tbl_listarea`
--

CREATE TABLE `tbl_listarea` (
  `id_listarea` int(11) NOT NULL,
  `id_orden` int(11) NOT NULL,
  `tareadescrip` varchar(5000) COLLATE utf8_spanish_ci NOT NULL,
  `id_tarea` int(11) NOT NULL,
  `id_usuario` int(11) DEFAULT NULL,
  `fecha` datetime DEFAULT NULL,
  `tarea_realizada` varchar(5) COLLATE utf8_spanish_ci DEFAULT NULL,
  `id_equipo` int(11) NOT NULL,
  `fecha_inicio` datetime DEFAULT NULL,
  `fecha_fin` datetime DEFAULT NULL,
  `estado` varchar(5) COLLATE utf8_spanish_ci NOT NULL,
  `duracion_prog` int(11) DEFAULT NULL
) ENGINE=InnoDB DEFAULT CHARSET=utf8 COLLATE=utf8_spanish_ci;

--
-- Volcado de datos para la tabla `tbl_listarea`
--

INSERT INTO `tbl_listarea` (`id_listarea`, `id_orden`, `tareadescrip`, `id_tarea`, `id_usuario`, `fecha`, `tarea_realizada`, `id_equipo`, `fecha_inicio`, `fecha_fin`, `estado`, `duracion_prog`) VALUES
(4, 17, 'tarea 1  plantilla  4', 18, NULL, NULL, NULL, 0, NULL, NULL, 'IN', NULL),
(255, 17, 'LIMPIE EL CUERPO DEL RADIADOR. UTILICE AIRE COMPRIMIDO.', 4, 5, '2018-07-24 11:06:53', NULL, 4, NULL, NULL, 'AS', 120),
(256, 17, 'REVISE LA BOMBA DE AGUA', 5, 10, '2018-07-30 11:08:45', NULL, 3, NULL, NULL, 'AS', 60),
(257, 17, 'LIMPIE EL FILTRO DE ADMISIÓN DE AIRE. SE PUEDE LIMPIAR COMO MÁXIMO 6 VECES, LUEGO CAMBIAR.', 6, NULL, NULL, NULL, 0, NULL, NULL, 'IN', 60),
(259, 17, 'tarea 2 pantilla 4', 19, NULL, '2018-07-30 11:52:36', NULL, 3, NULL, NULL, 'IN', 70),
(260, 17, 'tarea 3 plantilla 4', 20, NULL, NULL, NULL, 0, NULL, NULL, 'IN', NULL),
(261, 17, 'TOMAR MUESTRA DE ACEITE PARA ANÁLISIS DE LABORATORIO. USAR PROCEDIMIENTO PR0004EM', 15, NULL, NULL, NULL, 0, NULL, NULL, 'IN', 60),
(262, 17, 'tarea de rectificacion subsector 2', 17, NULL, NULL, NULL, 0, NULL, NULL, 'IN', 120),
(263, 17, 'tarea 1  plantilla  4', 18, NULL, NULL, NULL, 0, NULL, NULL, 'IN', 80),
(264, 17, 'CAMBIE EL FILTRO DE COMBUSTIBLE DE MOTOR.', 10, NULL, NULL, NULL, 0, NULL, NULL, 'IN', 60),
(265, 17, 'CAMBIE EL FILTRO DE ADMISIÓN DE AIRE', 7, NULL, NULL, NULL, 0, NULL, NULL, 'IN', 60),
(266, 341, 'tarea de rectificacion subsector 2', 17, NULL, '2018-09-03 18:24:01', NULL, 6, NULL, NULL, 'C', 120),
(267, 343, 'tarea 1  plantilla  4', 18, NULL, '2018-08-31 19:31:45', NULL, 2, NULL, NULL, 'C', 80),
(268, 343, 'tarea 2 pantilla 4', 19, NULL, '2018-08-31 19:32:06', NULL, 7, NULL, NULL, 'C', 70),
(269, 343, 'tarea 3 plantilla 4', 20, NULL, '2018-08-31 19:32:33', NULL, 3, NULL, NULL, 'C', 150),
(270, 343, 'tarea 1  plantilla  4', 18, NULL, '2018-08-31 19:32:57', NULL, 9, NULL, NULL, 'C', 80),
(271, 342, 'tarea de rectificacion subsector 2', 17, NULL, '2018-08-24 19:47:44', NULL, 2, NULL, NULL, 'C', 120);

-- --------------------------------------------------------

--
-- Estructura de tabla para la tabla `tbl_listplantilla`
--

CREATE TABLE `tbl_listplantilla` (
  `id_detaplantilla` int(11) NOT NULL,
  `id_plantilla` int(11) NOT NULL,
  `descripcion_deta` varchar(200) CHARACTER SET utf8 COLLATE utf8_spanish_ci NOT NULL,
  `id_tarea` int(11) NOT NULL
) ENGINE=InnoDB DEFAULT CHARSET=utf8 COLLATE=utf8_spanish2_ci;

--
-- Volcado de datos para la tabla `tbl_listplantilla`
--

INSERT INTO `tbl_listplantilla` (`id_detaplantilla`, `id_plantilla`, `descripcion_deta`, `id_tarea`) VALUES
(1, 26, 'tarea1', 4),
(3, 26, 'tarea 2', 5),
(4, 27, 'tarea 3', 6),
(5, 27, 'tarea 4', 7),
(7, 29, 'tarea 1 platila 4', 18),
(9, 29, 'tarea 2 plantilla 4', 19),
(10, 29, 'taraea 3 plantilla 4', 20);

-- --------------------------------------------------------

--
-- Estructura de tabla para la tabla `tbl_lote`
--

CREATE TABLE `tbl_lote` (
  `loteid` int(11) NOT NULL,
  `codigo` varchar(255) DEFAULT NULL,
  `fecha` date DEFAULT NULL,
  `cantidad` varchar(255) DEFAULT NULL,
  `artId` int(11) DEFAULT NULL,
  `lotestado` char(4) DEFAULT NULL,
  `depositoid` int(11) DEFAULT NULL,
  `usrId` int(11) DEFAULT NULL
) ENGINE=InnoDB DEFAULT CHARSET=latin1;

--
-- Volcado de datos para la tabla `tbl_lote`
--

INSERT INTO `tbl_lote` (`loteid`, `codigo`, `fecha`, `cantidad`, `artId`, `lotestado`, `depositoid`, `usrId`) VALUES
(10, NULL, '2017-08-07', '31', 2, 'AC', 1, NULL);

-- --------------------------------------------------------

--
-- Estructura de tabla para la tabla `tbl_notapedido`
--

CREATE TABLE `tbl_notapedido` (
  `id_notaPedido` int(11) NOT NULL,
  `fecha` date NOT NULL,
  `id_ordTrabajo` int(11) NOT NULL
) ENGINE=InnoDB DEFAULT CHARSET=utf8 COLLATE=utf8_spanish_ci;

--
-- Volcado de datos para la tabla `tbl_notapedido`
--

INSERT INTO `tbl_notapedido` (`id_notaPedido`, `fecha`, `id_ordTrabajo`) VALUES
(50, '2017-08-04', 28),
(51, '2017-08-07', 29),
(52, '2017-08-07', 26),
(53, '2017-08-09', 25),
(54, '2017-08-14', 15),
(55, '2017-09-04', 71),
(56, '2017-09-06', 18),
(57, '2017-09-12', 72),
(58, '2018-04-16', 19),
(59, '2018-07-23', 35),
(60, '2018-07-23', 17),
(61, '2018-07-23', 17),
(62, '2018-07-23', 17),
(63, '2018-07-23', 17),
(64, '2018-07-23', 17),
(65, '2018-07-23', 17),
(66, '2018-07-27', 17);

-- --------------------------------------------------------

--
-- Estructura de tabla para la tabla `tbl_subsector`
--

CREATE TABLE `tbl_subsector` (
  `id_subsector` int(11) NOT NULL,
  `descripcion` varchar(255) COLLATE utf8_spanish_ci NOT NULL,
  `usuario_coordinador` varchar(100) COLLATE utf8_spanish_ci NOT NULL
) ENGINE=InnoDB DEFAULT CHARSET=utf8 COLLATE=utf8_spanish_ci;

--
-- Volcado de datos para la tabla `tbl_subsector`
--

INSERT INTO `tbl_subsector` (`id_subsector`, `descripcion`, `usuario_coordinador`) VALUES
(1, 'Diagnostico', 'pablo.paez'),
(2, 'Rectificacion', 'pablo.paez'),
(6, 'Test 1', 'pablo.paez'),
(7, 'Test 2', 'pablo.paez'),
(8, 'Subsector test 1', '');

-- --------------------------------------------------------

--
-- Estructura de tabla para la tabla `trj_nomenclador_motores`
--

CREATE TABLE `trj_nomenclador_motores` (
  `indice_id` int(11) NOT NULL,
  `codigo` varchar(45) COLLATE utf8_spanish_ci DEFAULT NULL,
  `motor` varchar(100) COLLATE utf8_spanish_ci DEFAULT NULL,
  `mano_obra` int(11) DEFAULT NULL
) ENGINE=InnoDB DEFAULT CHARSET=utf8 COLLATE=utf8_spanish_ci;

--
-- Volcado de datos para la tabla `trj_nomenclador_motores`
--

INSERT INTO `trj_nomenclador_motores` (`indice_id`, `codigo`, `motor`, `mano_obra`) VALUES
(1, 'BED200', 'BEDFORD 200 DIESEL *4CIL* 98.4mm', 4),
(2, 'BED300', 'BEDFORD 300 DIESEL *4CIL* 98.4mm', 4),
(3, 'BED350', 'BEDFORD 350 DIESEL *4CIL* 106.3mm', 4),
(4, 'BORGVM', 'BORGWARD VM HR492 *4CIL* 92mm', 4),
(5, 'CAT.924', 'CATERPILAR 3056 (PERKINS ) DIESEL *6CIL* 100mm', 6),
(6, 'CAT.3024', 'CATERPILLAR 3024 MINICARGADOR (PERKINS)', 4),
(7, 'CAT.3064', 'CATERPILLAR 3064 DIESEL*4CIL*102mm', 7),
(8, 'CAT.3066', 'CATERPILLAR 3066 *6CIL* 102mm', 7),
(9, 'CAT.3066', 'CATERPILLAR 3066 DIESEL (MITSUBISHI)*6CIL', 8),
(10, 'CAT.3114', 'CATERPILLAR 3114 *4CIL* 105mm', 8),
(11, 'CAT.3116', 'CATERPILLAR 3116 *6CIL* 105mm', 8),
(12, 'CAT.3126', 'CATERPILLAR 3126 DIESEL( 962G)*6CIL*110mm', 8),
(13, 'CAT.3204', 'CATERPILLAR 3204 (910)*4CIL* 114.3mm', 8),
(14, 'CAT.3208', 'CATERPILLAR 3208 *8CIL-V* 114.3mm', 8),
(15, 'CAT.3304 ASP', 'CATERPILLAR 3304 ASP.NOR.INY.IND.P38*4CIL*120.6mm', 10),
(16, 'CAT.3304 TBO', 'CATERPILLAR 3304 TURBO INY.DIR.P43*4CIL*120.6mm', 10),
(17, 'CAT.3306 ASP', 'CATERPILLAR 3306 ASP.NOR.INY.IND.P38*6CIL*120.6mm', 10),
(18, 'CAT.3306 TBO', 'CATERPILLAR 3306 TURBO INY.DIR.P43*6CIL*120.6mm', 10),
(19, 'CAT.333', 'CATERPILLAR 333 *6CIL* 114.3mm', 8),
(20, 'CAT.3404', 'CATERPILLAR 3404 *4CIL* 137.2mm', 11),
(21, 'CAT.3406', 'CATERPILLAR 3406 TURBO DIESEL*6CIL*137.2 mm', 11),
(22, 'CAT.3408', 'CATERPILLAR 3408 DIESEL*8CIL-V*137.2 mm', 12),
(23, 'CAT.3412', 'CATERPILLAR 3412 *12CIL-V* 137.2mm', 12),
(24, 'CAT.399', 'CATERPILLAR 399 *12CIL-V* 158.76mm', 13),
(25, 'CAT.416C', 'CATERPILLAR 416 C (PERKINS 3054)*4CIL* 100mm', 6),
(26, 'CAT.3056', 'CATERPILLAR 924 (PERKINS 3056E) DIESEL*6CIL*100mm', 6),
(27, 'CAT.C-11', 'CATERPILLAR C-11 DIESEL (1332)*6CIL*130.30mm', 10),
(28, 'CAT.C-13', 'CATERPILLAR C-13 DIESEL *6CIL*130.30mm', 10),
(29, 'CAT.C-15', 'CATERPILLAR C-15 DIESEL (65B-1693)*6CIL*145mm', 12),
(30, 'CAT.C-18', 'CATERPILLAR C-18 DIESEL *6CIL*145mm', 12),
(31, 'CAT.C-6.4', 'CATERPILLAR C-6.4 DIESEL 6400cc*6CIL*102mm', 7),
(32, 'CAT.C-7', 'CATERPILLAR C-7 DIESEL( 3126B)*6CIL*110mm', 8),
(33, 'CAT.C-9', 'CATERPILLAR C-9 DIESEL*6CIL*112mm', 8),
(34, 'CAT.D343', 'CATERPILLAR D343 *6CIL* 137.2mm', 12),
(35, 'CAT.D353', 'CATERPILLAR D353  *6CIL* 158.76mm', 13),
(36, 'CAT.D399', 'CATERPILLAR D399 DIESEL*12CIL-V*158.76mm', 13),
(37, 'CAT.D7', 'CATERPILLAR D7 17A *4CIL* 146.06mm', 13),
(38, 'CAT.D8 (342)', 'CATERPILLAR D8 (342) *6CIL* 146.06mm', 13),
(39, 'CHEROKEE VM', 'CHEROKEE VM TURBO DIESEL *4CIL*92MM', 4),
(40, 'CHEVETTE 1.6', 'CHEVETTE 1.6 NAF. 8 VAL*4CIL* 82mm.', 2),
(41, 'CHEV.6C', 'CHEVROLET 230-250 NAF.*6CIL* 98.4mm', 2),
(42, 'ASTRA 2.0 TD i', 'CHEVROLET ASTRA - VECTRA 2.0 TURBO DIESEL INY.16 VAL.*4CIL* 84mm', 3),
(43, 'ASTRA 2.0 8V', 'CHEVROLET ASTRA - ZAFIRA 2. MPI NAF 8V', 3),
(44, 'AVEO 1.4 16V', 'CHEVROLET AVEO F14/D*F14/N 1.4 16 VAL*4CIL*77.9mm', 3),
(45, 'AVEO 1.6 16V', 'CHEVROLET AVEO-DAEWO F16D 1.6', 3),
(46, 'CHEV C10', 'CHEVROLET C10 TURBO DIESEL (XD3) *4CIL* 94mm', 3),
(47, 'CHEV. CAPTIVA', 'CHEVROLET CAPTIVA (HYUNDAI D4EA) TDIESEL 16VAL', 3),
(48, 'CORSA 1.0 8V', 'CHEVROLET CORSA 1.0 -SUZUKI FUN  EFI  NAF.*4CIL* 71.08mm', 2),
(49, 'CORSA 1.4 8V', 'CHEVROLET CORSA 1.4 AGILE-ASTRA  NAF.8 V *4CIL* 77.6mm', 2),
(50, 'CORSA 1.6 8V', 'CHEVROLET CORSA 1.6 NAF. 8 VAL.*4CIL* 79mm', 2),
(51, 'CORSA 1.6 16V', 'CHEVROLET CORSA 1.6 NAF.16 VAL.*4CIL* 79mm', 3),
(52, 'MERIVA 1.7 TD', 'CHEVROLET MERIVA 1.7 TD *16VAL*4CIL*79mm', 3),
(53, 'MERIVA 1.8 16V', 'CHEVROLET MERIVA 1.8 16V -CORS F/2  NAF.INY', 3),
(54, 'MERIVA 1.8 8V', 'CHEVROLET MERIVA 1.8 8V -SIENA  NAF. INY.*4CIL* 80.50mm', 2),
(55, 'MONZA 2.0', 'CHEVROLET MONZA 2.0 *NAF*8VAL*4CIL*86mm', 3),
(56, 'MONZA 2.0i', 'CHEVROLET MONZA 2.0i *NAF*8VAL*4CIL*86mm', 3),
(57, 'VECTRA 1.8', 'CHEVROLET VECTRA 1.8 NAF.8 VAL.*4CIL* 84.8mm', 2),
(58, 'VECTRA 2.0', 'CHEVROLET VECTRA 2.0 -ASTRA ZAFIRA', 3),
(59, 'VECTRA 2.4 16V', 'CHEVROLET VECTRA- X24SE 2.4', 4),
(60, 'VECTRA 1.7 TD', 'CHEVROLET VECTRA-ASTRA 1.7 TURBO DIESEL*4CIL* 82.mm', 3),
(61, 'VECTRA 2.2 16V', 'CHEVROLET VECTRA-BLAZER 2.2 NAF.INY 16 VAL*4CIL*86mm', 3),
(62, 'VECTRA 2.2 8V', 'CHEVROLET VECTRA-BLAZER 2.2 NAF.INY 8 VAL*4CIL*86mm', 3),
(63, 'CHEV.VERANEIO', 'CHEVROLET VERANEIO NAF.*6CIL* 98.46mm', 2),
(64, 'CHRYSLER NEON', 'CHRYSLER NEON 2.0 NAF.16VAL. INY.*4CIL*87.5mm', 2),
(65, 'CIM 4C', 'CIMARRON 3800cc *4CIL* 106.3mm', 4),
(66, 'BERLINGO 1.6 8V', 'CITROEN BERLINGO 1.6 HDi TD 8VAL*4CIL*75mm', 3),
(67, 'CITROEN C3 - C4', 'CITROEN C3 - C4 1.6 NAF (TU5JP4) 16V*4CIL', 3),
(68, 'CITROEN C3 1.4', 'CITROEN C3 NAF. (TU3) 1.4 *4CIL*75mm', 2),
(69, 'CITROEN C3 1.4D', 'CITROEN C3 TDCI 1.4 TURBO DIESEL 8VAL.*4CIL* 73', 7),
(70, 'CITROEN C3 1.6', 'CITROEN C3 XU5JP4 1.6 NAF.16 VAL.*4CIL* 78.5mm', 3),
(71, 'CITROEN C4 - C5', 'CITROEN C4 - C5 HDI 2.0 DW10 TURBO DIESEL*4CIL* 85mm', 3),
(72, 'CITROEN C4 2.0i', 'CITROEN C4 EW10J4 2.0i NAF.16VAL.*4CIL*85mm', 3),
(73, 'CUMM.4B', 'CUMMINS 4B DIESEL ASP.NOR.*4CIL* 102mm', 7),
(74, 'CUMM.4BT', 'CUMMINS 4BT DIESEL TURBO *4CIL* 102mm', 7),
(75, 'CUMM.4BTA', 'CUMMINS 4BTA DIESEL TURBO *4CIL* 102mm', 7),
(76, 'CUMM.4BTE', 'CUMMINS 4BTE ISB ELECTRONICO DIESEL*4CIL*102mm', 8),
(77, 'CUMM.4QSB', 'CUMMINS 4QSB DIESEL 4.5 ELECTRONICO *4CIL*107mm', 8),
(78, 'CUMM.6B', 'CUMMINS 6B DIESEL ASP.NOR *6CIL* 102mm', 7),
(79, 'CUMM.6BT', 'CUMMINS 6BT DIESEL TURBO *6CIL* 102mm', 7),
(80, 'CUMM.6BTE', 'CUMMINS 6BTE ISB ELECTRONICO DIESEL*6CIL*102mm', 8),
(81, 'CUMM.6CT', 'CUMMINS 6CT DIESEL TURBO 8.3 *6CIL* 114mm', 10),
(82, 'CUMM.6CTAA', 'CUMMINS 6CTAA DIESEL TURBO 8.3 *6CIL* 114mm', 10),
(83, 'CUMM.6CTE', 'CUMMINS 6CTE ISC ELECTRONICO DIESEL*6CIL*114mm', 10),
(84, 'CUMM.6QSB 102', 'CUMMINS 6QSB DIESEL 5.9 ELECTRONICO*6CIL*102mm', 8),
(85, 'CUMM.6QSB 107', 'CUMMINS 6QSB DIESEL 6.7 ELECTRONICO *6CIL*107mm', 8),
(86, 'CUMM.C155', 'CUMMINS C155 DIESEL *6CIL.-V* 117.48mm', 10),
(87, 'CUMM.KT1150', 'CUMMINS KT1150 DIESEL *6CIL* 158.75mm', 13),
(88, 'CUMM.KT6', 'CUMMINS KT6 DIESEL *6CIL* 158.75mm', 13),
(89, 'CUMM.NH220', 'CUMMINS NH220 DIESEL *6CIL* 130.17mm', 12),
(90, 'CUMM.NT855', 'CUMMINS NT855 DIESEL *6CIL* 139.70mm', 12),
(91, 'CUMM.V-785', 'CUMMINS V-785 DIESEL *8CIL-V* 139.70mm', 12),
(92, 'CUMM.V-903', 'CUMMINS V-903 DIESEL *8CIL-V* 139.70mm', 12),
(93, 'DAKOTA V-6 3.9', 'DAKOTA V-6 3.9 NAF *V-6CIL*99', 31),
(94, 'D1114 2C', 'DEUTZ 1114 DIESEL *2CIL* 115mm', 8),
(95, 'D1114 3C', 'DEUTZ 1114 DIESEL *3CIL* 115mm', 8),
(96, 'D1114 4C', 'DEUTZ 1114 DIESEL *4CIL* 115mm', 8),
(97, 'D1114 6C', 'DEUTZ 1114 DIESEL *6CIL* 115mm', 8),
(98, 'D2114 2C', 'DEUTZ 2114 DIESEL *2CIL* 120mm', 8),
(99, 'D2114 3C', 'DEUTZ 2114 DIESEL *3CIL* 120mm', 8),
(100, 'D2114 4C', 'DEUTZ 2114 DIESEL *4CIL* 120mm', 8),
(101, 'D2114 6C', 'DEUTZ 2114 DIESEL *6CIL* 120mm', 8),
(102, 'D413 BF8L', 'DEUTZ 413 BF8L DIESEL *8CIL-V* 125mm', 10),
(103, 'D413 F8L', 'DEUTZ 413 F8L DIESEL *8CIL-V* 120mm', 9),
(104, 'D514 2C', 'DEUTZ 514 DIESEL *2CIL* 110mm', 7),
(105, 'D514 3C', 'DEUTZ 514 DIESEL *3CIL* 110mm', 7),
(106, 'D514 4C', 'DEUTZ 514 DIESEL *4CIL* 110mm', 7),
(107, 'D514 6C', 'DEUTZ 514 DIESEL *6CIL* 110mm', 7),
(108, 'D912 AN2', 'DEUTZ 912 DIESEL ASP.NOR *2CIL* 100mm', 8),
(109, 'D912 AN3', 'DEUTZ 912 DIESEL ASP.NOR *3CIL* 100mm', 8),
(110, 'D912 AN4', 'DEUTZ 912 DIESEL ASP.NOR *4CIL* 100mm', 8),
(111, 'D912 AN5', 'DEUTZ 912 DIESEL ASP.NOR *5CIL* 100mm', 8),
(112, 'D912 AN6', 'DEUTZ 912 DIESEL ASP.NOR *6CIL* 100mm', 8),
(113, 'D913 AN2', 'DEUTZ 913 DIESEL ASP.NOR *2CIL* 102mm', 8),
(114, 'D913 AN3', 'DEUTZ 913 DIESEL ASP.NOR *3CIL* 102mm', 8),
(115, 'D913 AN4', 'DEUTZ 913 DIESEL ASP.NOR *4CIL* 102mm', 8),
(116, 'D913 AN5', 'DEUTZ 913 DIESEL ASP.NOR *5CIL* 102mm', 8),
(117, 'D913 AN6', 'DEUTZ 913 DIESEL ASP.NOR *6CIL* 102mm', 8),
(118, 'D913 T4C', 'DEUTZ 913 DIESEL TURBO *4CIL* 102mm', 8),
(119, 'D913 T6C', 'DEUTZ 913 DIESEL TURBO *6CIL* 102mm', 8),
(120, 'D2011 BF2M', 'DEUTZ BF2M 2011 DIESEL REFRIG.ACEITE *2CIL*94mm', 7),
(121, 'D2011 BF3M', 'DEUTZ BF3M 2011 DIESEL REFRIG.ACEITE *3CIL*94mm', 7),
(122, 'D1011F 4C', 'DEUTZ BF4M 1011F DIESEL *4CIL* 91mm', 7),
(123, 'D2011 BF4M', 'DEUTZ BF4M 2011 DIESEL REFRIG.ACEITE *4CIL*94mm', 7),
(124, 'DI TELLA', 'DI TELLA 1500-MAGNETTE NAF.*4CIL*73/76mm', 1),
(125, 'DOG.1.5', 'DODGE 1500 NAF.*4CIL* 86.1mm', 1),
(126, 'DOG.1.8', 'DODGE 1800 NAF *4CIL* 86.1mm', 1),
(127, 'DODGE GTX V8', 'DODGE GTX NAF.*8CIL-V* 3.91\" 99.31mm', 5),
(128, 'F.1100 4C', 'FIAT 1100 NAF*4CIL* 68mm', 1),
(129, 'F.115.80', 'FIAT 115.80-115.90 IMPORTADO DIESEL*6CIL*104mm', 8),
(130, 'F.1180/103', 'FIAT 1180 IMPORTADO DIESEL*6CIL* 103mm', 8),
(131, 'F.125 4C', 'FIAT 125 NAF.*4CIL* 80mm', 1),
(132, 'F.128 1.3', 'FIAT 128 1300 NAF.*4CIL* 86mm', 1),
(133, 'F.128 1.5', 'FIAT 128 1500-REGATA 85-S/EUROPA NAF.*4CIL* 86.4mm', 1),
(134, 'F.128 1.1', 'FIAT 128-147 1100 NAF.*4CIL* 80mm', 1),
(135, 'F.1.3.D', 'FIAT 1300 DIESEL 147-DUNA *4CIL* 76mm', 2),
(136, 'F.133 4C', 'FIAT 133 NAF.*4CIL* 65mm', 1),
(137, 'F.1380 T', 'FIAT 1380 IMPORTADO TURBO DIESEL*6CIL*103mm', 8),
(138, 'F.147 1050cc', 'FIAT 147 1050cc NAF.*4CIL* 76mm BRASIL', 1),
(139, 'F.150 E20 T', 'FIAT 150 E-20 IMPORTADO EUROCARGO TURBO DIESEL*6CIL*104mm', 8),
(140, 'F.150 T', 'FIAT 150 IMPORTADO TURBO DIESEL(8060 IVECO)*6CIL*104mm', 8),
(141, 'F.1500 4C', 'FIAT 1500 NAF.*4CIL* 77mm', 1),
(142, 'F.1580', 'FIAT 1580 IMPORTADO DIESEL*6CIL*115mm', 8),
(143, 'F.1580 T', 'FIAT 1580-1880 IMPORTADO TURBO DIESEL*6CIL*115mm', 8),
(144, 'F.160 E23 T', 'FIAT 160 E-23 IMPORTADO EUROCARGO TURBO DIESEL*6CIL*104mm', 8),
(145, 'F.1600 4C', 'FIAT 1600 NAF.*4CIL* 78mm', 1),
(146, 'F.1.7.D', 'FIAT 1700 DIESEL DUNA-DUCATO*4CIL* 82.6mm', 3),
(147, 'F.170 E-22', 'FIAT 170E22 TECTOR (CUMMINS 6BTE) ELECTRONICO', 7),
(148, 'F.1.9.D', 'FIAT 1900 DIESEL DUCATO*4CIL* 82.6mm', 3),
(149, 'F.400/500', 'FIAT 400-500 DIESEL*3CIL* 110mm', 7),
(150, 'F.411-R', 'FIAT 411-R DIESEL*4CIL* 85mm', 4),
(151, 'F.450', 'FIAT 450 SOMECA DA50 DIESEL *4CIL*100mm', 6),
(152, 'F.540/640', 'FIAT 540-640 IMPORTADO DIESEL*4CIL* 100mm', 8),
(153, 'F.55.90', 'FIAT 55.90-60.90 IMPORTADO DIESEL*3CIL* 100mm', 8),
(154, 'F.619 N', 'FIAT 619 N DIESEL*6CIL* 135mm', 10),
(155, 'F.619 N1', 'FIAT 619 N1-697 DIESEL*6CIL* 137mm', 10),
(156, 'F.650/700S', 'FIAT 650-700S DIESEL*4CIL* 108mm', 6),
(157, 'F.682 2N', 'FIAT 682 N2 DIESEL*6CIL* 125mm', 8),
(158, 'F.682 N3', 'FIAT 682 N3 DIESEL*6CIL* 130mm', 8),
(159, 'F.700E', 'FIAT 700E DIESEL*4CIL* 115mm', 7),
(160, 'F.750 4C', 'FIAT 750 NAF.*4CIL* 62mm', 1),
(161, 'F.780', 'FIAT 780 DIESEL*4CIL* 125mm', 8),
(162, 'F.780/103', 'FIAT 780 IMPORTADO DIESEL*4CIL* 103mm', 8),
(163, 'F.800', 'FIAT 800 DIESEL C/BALANCEADOR *4CIL* 115mm', 7),
(164, 'F.880/103', 'FIAT 880 IMPORTADO DIESEL*5CIL* 103mm', 8),
(165, 'F.980/100', 'FIAT 980 IMPORTADO DIESEL*6CIL* 100mm', 8),
(166, 'F.980/103', 'FIAT 980 IMPORTADO DIESEL*6CIL* 103mm', 8),
(167, 'F.CP3/TR', 'FIAT CP3 900-1100 TRACTOR DIESEL*6CIL* 110mm', 7),
(168, 'F.CP3/VE', 'FIAT CP3 900-1100 VEHICULAR DIESEL*6CIL* 110mm', 7),
(169, 'F.DUCATO 2.5', 'FIAT DUCATO 2.5 RENAULT MASTER DIESEL*4CIL*93mm', 5),
(170, 'F.DUCATO 2.8', 'FIAT DUCATO 2.8 RENAULT MASTER DIESEL*4CIL*94.4mm', 5),
(171, 'F.DUCATO 2', '8 T', 0),
(172, 'F.FIRE 1.0 16V', 'FIAT FIRE 1000 NAF.16 VAL.*4CIL* 70mm', 2),
(173, 'F.FIRE 1.0 8V', 'FIAT FIRE 1000 NAF.8 VAL.*4CIL* 70mm', 2),
(174, 'F.FIRE 1.3 16V', 'FIAT FIRE 1300 NAF.16 VAL *4CIL* 70.8mm', 2),
(175, 'F.FIRE 1.3 8V', 'FIAT FIRE 1300 NAF.8 VAL *4CIL* 70.8mm', 2),
(176, 'F.FIRE 1.4i 8V', 'FIAT FIRE 1400 INY NAF.8V *4CIL* 72mm', 2),
(177, 'F.I/DAI', 'FIAT IVECO DAILY 40.8 DIESEL*4CIL* 93mm', 5),
(178, 'F.I/DAI T', 'FIAT IVECO DAILY 49.10 TURBO DIESEL*4CIL* 93mm', 5),
(179, 'F.EUROTECH', 'FIAT IVECO EUROTECH 380 DIESEL*6CIL*137mm', 10),
(180, 'F.EUROTRAKER', 'FIAT IVECO EUROTRAKER 420 DIESEL*6CIL*137mm', 10),
(181, 'F.MAREA JTD', 'FIAT MAREA JTD STILO-BRAVA 1.9 TURBO DIESEL*4CIL* 82mm', 2),
(182, 'F.PAL/SIENA TD', 'FIAT PALIO-SIENA TURBO DIESEL*4CIL* 82.6mm', 3),
(183, 'F.PALIO 1.6', 'FIAT PALIO-SIENA-MAREA-1.6 MPI. NAF.16V*4CIL*86.4mm', 2),
(184, 'F.PALIO 1.8', 'FIAT PALIO-SIENA-MAREA-STRADA 1.8 NAF.16V*4CIL*82mm', 2),
(185, 'F.R-60', 'FIAT R-60 DIESEL*4CIL* 122mm', 8),
(186, 'F.RTA 100', 'FIAT REGATA 100 NAF.8 VAL*4CIL* 84mm', 2),
(187, 'F.RTA 2000', 'FIAT REGATA 2000 NAF.8 VAL*4CIL* 84mm', 2),
(188, 'F.SOMECA', 'FIAT SOMECA DIESEL M-45  M-50 M-55*4CIL* 105mm', 6),
(189, 'F.TEMPRA 16V', 'FIAT TEMPRA 2000 NAF.16VAL*4CIL* 84mm', 2),
(190, 'F.TEMPRA 8V', 'FIAT TEMPRA 2000 NAF.8VAL*4CIL* 84mm', 2),
(191, 'F.TIP 1.4', 'FIAT TIPO 1400 DUNA-UNO NAF.*4CIL* 80.5mm', 2),
(192, 'F.TIP 1.6', 'FIAT TIPO 1600 DUNA-UNO NAF.*4CIL* 86.4mm', 2),
(193, 'F.TIP MPI', 'FIAT TIPO 1600 PALIO MPI NAF.8 VAL*4CIL* 86.4mm', 2),
(194, 'F.U-25', 'FIAT U-25 DIESEL*2CIL* 85mm', 4),
(195, 'F.1300 MPI 16V', 'FIAT UNO-PALIO-FIRE 1300 NAF.MPI. 16VAL*4CIL*76mm', 2),
(196, 'F.1300 MPI 8V', 'FIAT UNO-PALIO-FIRE 1300 NAF.MPI. 8VAL*4CIL*76mm', 2),
(197, 'FOR.170', 'FORD 170-187NAF(FUTURA)4 BANCADAS *6CIL* 90.4mm', 2),
(198, 'FOR.221', 'FORD 188-221 NAF(FALCON-F-100)7BANCADAS*6CIL*93.4mm', 2),
(199, 'FOR.ECO', 'FORD ECONO MAX NAF*6CIL* 93.4mm', 2),
(200, 'FOR.ECOSPORT 1.4', 'FORD ECOSPORT 1.4(TDCi) TURBO DIESEL INY 8VAL*4CIL* 73.7mm', 3),
(201, 'FOR.AU 1.6', 'FORD ESCORT NAF1600(AUDI)*4CIL* 81mm', 2),
(202, 'FOR.ES1.6', 'FORD ESCORT NAF1600(RENAULT)*4CIL*77mmCHT', 1),
(203, 'FOR.AU 1.8', 'FORD ESCORT NAF1800(AUDI)*4CIL* 81mm', 2),
(204, 'FOR.ES.DI', 'FORD ESCORT-FIESTA-ORION DIESEL*4CIL* 80mm', 3),
(205, 'FOR.EXPLORER', 'FORD EXPLORER 4000  NAF*6CIL-V* 100.33mm', 4),
(206, 'FOR.4.9i', 'FORD F/100 4900 INY NAF*6CIL* 101.60mm', 4),
(207, 'FOR.V-8', 'FORD F/100-F/350-F/600 NAF*8CIL-V* 95.2mm', 2),
(208, 'FOR.FI.D', 'FORD FIESTA-ESCORT-ORION DIESEL 1.8 *4CIL* 82.5mm', 3),
(209, 'FOR-FI1.4', 'FORD FIESTA-ESCORT-ORION NAF 1400*4CIL* 77.24mm', 2),
(210, 'FOR.FI 1.3', 'FORD FIESTA-KA 1300 NAF.8VAL*4CIL*74mm', 2),
(211, 'FOR.FOCUS TD', 'FORD FOCUS-FIESTA-MONDEO 1.8 TURBO DIESEL *4CIL* 82.5mm', 3),
(212, 'FOR.FOCUS TDI', 'FORD FOCUS-FIESTA-MONDEO 1.8 TURBO DIESEL INY *4CIL* 82.5mm', 3),
(213, 'FOR.AU2.0', 'FORD GALAXI NAF.2000(AUDI)*4CIL*82.5mm', 2),
(214, 'FOR.ROCAM 1.0', 'FORD KA - FIESTA ROCAM NAF*8VAL*4CIL', 2),
(215, 'FOR. RANGER 2.3', 'FORD RANGER 2.3 EFI NAF. *4CIL*96MM', 3),
(216, 'FOR.RANGER 2.5', 'FORD RANGER 2.5 EFI NAF.*8VAL*4CIL*96mm', 3),
(217, 'FOR. RANGER 3.0', 'FORD RANGER 3.0 MOTOR INTERNACIONAL NGD *4CIL*96MM', 5),
(218, 'FOR. RANGER 2.3', 'FORD RANGER CDSA 2.3 NAF. 16VALV *4CIL*87.5MM', 3),
(219, 'FOR.ROCAM 1.0', 'FORD ROCAM 1000 FIESTA-KA NAF.8 VAL*4CIL* 68.68mm', 3),
(220, 'FOR.ROCAM 1.6', 'FORD ROCAM 1600 ECOSPORT NAF 8VAL*4CIL*82mm', 3),
(221, 'FOR.SI1.6', 'FORD SIERRA NAF 1600*4CIL* 81.3mm', 2),
(222, 'FOR.TA2.0', 'FORD TAUNUS 2000 NAF*4CIL* 89mm', 2),
(223, 'FOR.TA2.3', 'FORD TAUNUS-SIERRA 2300 NAF*4CIL* 96mm', 2),
(224, 'FOR.TRANSIT 2.4', 'FORD TRANSIT 2.4TDI *16VALV*89', 90),
(225, 'FOR.TRANSIT', 'FORD TRANSIT 2.5 DIESEL*4CIL* 93.67mm', 5),
(226, 'FOR.ZET. 1.4', 'FORD ZETEC 1400cc NAF *16VAL*4CIL*76mm', 3),
(227, 'FOR.ZET 1.6', 'FORD ZETEC 1600 FOCUS 16VAL NAF*4CIL*76mm', 3),
(228, 'FOR.ZET 1.8', 'FORD ZETEC 1800 FOCUS 16VAL NAF*4CIL*80.6mm', 3),
(229, 'FOR.ZET2.0', 'FORD ZETEC 2000 MONDEO-ESCAPE 16 VAL NAF*4CIL*84.8mm', 3),
(230, 'G.M 12-71 AV', 'G.M 12-71AV*12CIL-V*(4VAL X CIL) PISTON ARTICULADO 4 1/4 108mm', 10),
(231, 'G.M 16-71 AV', 'G.M 16-71AV*16CIL-V*(4VAL X CIL) PISTON ARTICULADO 4 1/4 108mm', 10),
(232, 'G.M 2-53', 'G.M 2-53 *2CIL* 3 7/8 98.4mm', 5),
(233, 'G.M 2-71', 'G.M 2-71*2CIL* (2VAL X CIL) 4 1/4 108mm', 8),
(234, 'G.M 2-71 A', 'G.M 2-71A*2CIL*(4VAL X CIL) PISTON ARTICULADO 4 1/4 108mm', 8),
(235, 'G.M 2-71 N', 'G.M 2-71N*2CIL* (4VAL X CIL) PISTON NORMAL 4 1/4 108mm', 8),
(236, 'G.M 3-53', 'G.M 3-53 *3CIL* 3 7/8 98.4mm', 5),
(237, 'G.M 3-71', 'G.M 3-71*3CIL* (2VAL X CIL) 4 1/4 108mm', 8),
(238, 'G.M 3-71 A', 'G.M 3-71A*3CIL*(4VAL X CIL) PISTON ARTICULADO 4 1/4 108mm', 8),
(239, 'G.M 3-71 N', 'G.M 3-71N*3CIL* (4VAL X CIL) PISTON NORMAL 4 1/4 108mm', 8),
(240, 'G.M 4-53', 'G.M 4-53 *4CIL* 3 7/8 98.4mm', 5),
(241, 'G.M 4-71', 'G.M 4-71*4CIL* (2VAL X CIL) 4 1/4 108mm', 8),
(242, 'G.M 4-71 A', 'G.M 4-71A*4CIL*(4VAL X CIL) PISTON ARTICULADO 4 1/4 108mm', 8),
(243, 'G.M 4-71 N', 'G.M 4-71N*4CIL* (4VAL X CIL) PISTON NORMAL 4 1/4 108mm', 8),
(244, 'G.M 6-53 V', 'G.M 6-53 *6CIL-V* 3 7/8 98.4mm', 5),
(245, 'G.M 6-71', 'G.M 6-71*6CIL* (2VAL X CIL) 4 1/4 108mm', 8),
(246, 'G.M 6-71 V', 'G.M 6-71*6CIL-V* (2VAL X CIL) 4 1/4 108mm', 8),
(247, 'G.M 6-71 A', 'G.M 6-71A*6CIL*(4VAL X CIL) PISTON ARTICULADO 4 1/4 108mm', 8),
(248, 'G.M 6-71 AV', 'G.M 6-71AV*6CIL-V*(4VAL X CIL) PISTON ARTICULADO 4 1/4 108mm', 8),
(249, 'G.M 6-71 N', 'G.M 6-71N*6CIL* (4VAL X CIL) PISTON NORMAL 4 1/4 108mm', 8),
(250, 'G.M 6-71 NV', 'G.M 6-71NV*6CIL-V*(4VAL X CIL) PISTON NORMAL 4 1/4 108mm', 8),
(251, 'G.M 8-71 AV', 'G.M 8-71AV*8CIL-V*(4VAL X CIL) PISTON ARTICULADO 4 1/4 108mm', 8),
(252, 'G.M 8-71 NV', 'G.M 8-71NV*8CIL-V*(4VAL X CIL) PISTON NORMAL 4 1/4 108mm', 8),
(253, 'HANG R35', 'HANOMAG R/35-R/40-R/57 DIESEL*4CIL* 90mm', 5),
(254, 'HANG R60', 'HANOMAG R/45-R/60-R/75 DIESEL*4CIL* 110mm', 8),
(255, 'IKA 4 CI', 'IKA NAF.*4CIL* 84mm', 1),
(256, 'IKA 6 CI', 'IKA NAF.*6CIL* 84mm', 1),
(257, 'IKA TOR 4', 'IKA TORNADO-TORINO 4 BANCADAS NAF. *6CIL* 85mm', 1),
(258, 'IKA TOR 7', 'IKA TORNADO-TORINO 7 BANCADAS NAF.*6CIL* 85mm', 1),
(259, 'XD 4-88', 'INDENOR XD 4-88 DIESEL*4CIL* 88mm', 3),
(260, 'XD 6-90', 'INDENOR XD 6-90 DIESEL*6CIL* 88mm', 3),
(261, 'XD-2 P28', 'INDENOR XD-2 PERNO 28mmDIESEL*4CIL* 94mm', 3),
(262, 'XD-3 P32', 'INDENOR XD-2 PERNO 32mm TURBO DIESEL*4CIL* 94mm', 3),
(263, 'XD-2 P30', 'INDENOR XD-2/XD-3 PERNO 30mmDIESEL*4CIL* 94mm', 3),
(264, 'JD 1420', 'JOHN DEERE 1420 DIESEL*3CIL* 102mm', 8),
(265, 'JD 2140', 'JOHN DEERE 2140 DIESEL ASP/NOR*4CIL* 106.5mm', 8),
(266, 'JD 2140 T', 'JOHN DEERE 2140 TURBO DIESEL*4CIL* 106.5mm', 8),
(267, 'JD 2330', 'JOHN DEERE 2330 DIESEL*3CIL* 102mm', 8),
(268, 'JD 2420', 'JOHN DEERE 2420 DIESEL*4CIL* 102mm', 8),
(269, 'JD 2530', 'JOHN DEERE 2530 DIESEL*4CIL* 102mm', 8),
(270, 'JD 2730', 'JOHN DEERE 2730 DIESEL ASP/NOR*4CIL* 106.5mm', 8),
(271, 'JD 3140', 'JOHN DEERE 3140 DIESEL ASP/NOR*6CIL* 106.5mm', 8),
(272, 'JD 3140 T', 'JOHN DEERE 3140 TURBO DIESEL*6CIL* 106.5mm', 8),
(273, 'JD 3420', 'JOHN DEERE 3420 DIESEL*6CIL.* 98mm', 8),
(274, 'JD 3530', 'JOHN DEERE 3530 DIESEL*6CIL* 102mm', 8),
(275, 'JD 3540', 'JOHN DEERE 3540 DIESEL ASP/NOR*6CIL* 106.5mm', 8),
(276, 'JD 3540 T', 'JOHN DEERE 3540 TURBO DIESEL*6CIL* 106.5mm', 8),
(277, 'JD 4420', 'JOHN DEERE 4420 DIESEL*6CIL* 102mm', 8),
(278, 'JD 445', 'JOHN DEERE 445 (GM) DIESEL*2CIL* 3 7/8 98.4mm', 5),
(279, 'JD 4530', 'JOHN DEERE 4530 DIESEL ASP/NOR*6CIL* 106.5mm', 8),
(280, 'JD 730', 'JOHN DEERE 730 DIESEL*2CIL* 155mm', 9),
(281, 'KUBOTA V1702B', 'KUBOTA V1702-B DIESEL *4CIL*82 mm', 4),
(282, 'KUBOTA V1902B', 'KUBOTA V1902-B DIESEL BOBCAT*4CIL*85 mm', 4),
(283, 'KUBOTA V2203DI', 'KUBOTA V2203 DIESEL INY *4CIL*87 mm', 4),
(284, 'KUBOTA V2203B', 'KUBOTA V2203-B DIESEL BOBCAT*4CIL*87 mm', 4),
(285, 'KUBOTA V2403', 'KUBOTA V2403 DIESEL *4CIL*87 mm', 4),
(286, 'LADA/ALEKO 1.6', 'LADA-ALEKO 1600 NAF.*4CIL* 79mm', 1),
(287, 'MB 170', 'M.BENZ 170 DIESEL*4CIL* 75mm', 2),
(288, 'MB 312', 'M.BENZ 312 DIESEL (L-3500)*6CIL* 90mm', 4),
(289, 'MB 314', 'M.BENZ 314 DIESEL (608)*4CIL* 97mm', 5),
(290, 'MB 321', 'M.BENZ 321 DIESEL (1112)*6CIL* 95mm', 4),
(291, 'MB 352', 'M.BENZ 352 DIESEL (1114)*6CIL* 97mm', 5),
(292, 'MB 352 A', 'M.BENZ 352A TURBO DIESEL(1517-1518)*6CIL* 97mm', 5),
(293, 'MB 355/6', 'M.BENZ 355 DIESEL (1521)(COLECTIVO)*6CIL* 128mm', 10),
(294, 'MB 355/5', 'M.BENZ 355 DIESEL (1521)*5CIL* 128mm', 10),
(295, 'MB 355/6 A', 'M.BENZ 355A TURBO DIESEL (1526)(COLECTIVO)*6CIL* 128mm', 10),
(296, 'MB 355/5 A', 'M.BENZ 355A TURBO DIESEL (1526)*5CIL* 128mm', 10),
(297, 'MB 364', 'M.BENZ 364 DIESEL (710)*4CIL* 97.5mm', 5),
(298, 'MB 364 A', 'M.BENZ 364A TURBO DIESEL (813-913)*4CIL* 97.5mm', 5),
(299, 'MB 366', 'M.BENZ 366 DIESEL (1215-1615)*6CIL* 97.5mm', 5),
(300, 'MB 366 A', 'M.BENZ 366A TURBO DIESEL (1619-20-20)*6CIL* 97.5mm', 5),
(301, 'MB 366 LA', 'M.BENZ 366LA EURO TURBO DIESEL(1620-1720-23)*6CIL* 97.5mm', 5),
(302, 'MB 447 A', 'M.BENZ 447A TURBO DIESEL(1935-41)*6CIL* 128mm', 10),
(303, 'MB 449 A', 'M.BENZ 449A TURBO DIESEL(162-30-339)*5CIL* 128mm', 10),
(304, 'MB 457 LA', 'M.BENZ 457LA TURBO DIESEL(1956-2638)ELECTRONICO*6CIL*128mm', 10),
(305, 'MB 611', 'M.BENZ 611 DIESEL SPRINTER-VIANO 2.2 INY*4CIL*88mm', 4),
(306, 'MB 615', 'M.BENZ 615 DIESEL UNIMOG*4CIL* 87mm', 4),
(307, 'MB 616', 'M.BENZ 616 DIESEL (180)*4CIL* 90.9mm', 4),
(308, 'MB 904 L', 'M.BENZ 904L DIESEL PERNO 40(712) ELECTRONICO*4CIL* 102mm', 7),
(309, 'MB 904 LA', 'M.BENZ 904LA DIESEL EURO 3 PERNO 42(712)ELECTRONICO*4CIL*102m', 7),
(310, 'MB 906 L', 'M.BENZ 906L DIESEL PERNO 40(1721)ELECTRONICO*6CIL* 102mm', 7),
(311, 'MB.906 LA', 'M.BENZ 906LA DIESEL EURO 3 PERNO 42(1721)ELECTRONICO*4CIL*102m', 7),
(312, 'MB 924 LA', 'M.BENZ 924 LA DIESEL ELECTRONICO*4CIL', 8),
(313, 'MB 925 LA', 'M.BENZ 925 LA DIESEL ELECTRONICO*5CIL', 8),
(314, 'MB 926 LA', 'M.BENZ 926 LA DIESEL ELECTRONICO*6CIL', 8),
(315, 'MB 601 MUSSO', 'M.BENZ MUSSO SSANGYOUNG DIESEL 2299cc * 4CIL', 4),
(316, 'MB 602 MUSSO', 'M.BENZ MUSSO SSANGYOUNG DIESEL 2879cc * 4CIL', 4),
(317, 'M.W.M 229-3', 'M.W.M 229 DIESEL ASP/NOR*3CIL* 102mm', 8),
(318, 'M.W.M 229-4', 'M.W.M 229 DIESEL ASP/NOR*4CIL* 102mm', 8),
(319, 'M.W.M 229-6', 'M.W.M 229 DIESEL ASP/NOR*6CIL* 102mm', 8),
(320, 'M.W.M 229-3T', 'M.W.M 229 TURBO DIESEL*3CIL* 102mm', 8),
(321, 'M.W.M 229-4T', 'M.W.M 229 TURBO DIESEL*4CIL* 102mm', 8),
(322, 'M.W.M 229-6T', 'M.W.M 229 TURBO DIESEL*6CIL* 102mm', 8),
(323, 'M.W.M 4.07', 'M.W.M 4.07 TURBO DIESEL*4CIL* 93mm', 6),
(324, 'M.W.M 4.10', 'M.W.M 4.10 TURBO DIESEL*4CIL* 103mm', 8),
(325, 'M.W.M 4.12', 'M.W.M 4.12 DIESEL ELECTRONICO*4CIL*105 MM', 8),
(326, 'M.W.M 6.07', 'M.W.M 6.07 TURBO DIESEL*6CIL* SPRINT 93mm', 6),
(327, 'M.W.M 6.10', 'M.W.M 6.10 TURBO DIESEL*6CIL* 103mm', 8),
(328, 'M.W.M 6.12', 'M.W.M 6.12 DIESEL ELECTRONICO *6CIL*105 MM', 8),
(329, 'M.W.M 4.07TE', 'M.W.M. 4.07 ELECTRONICO*DIESEL*4CIL', 6),
(330, 'MAXION HST', 'MAXION HST TURBO DIESEL 2500*4CIL* 90.73mm', 4),
(331, 'MAXION HST2.8', 'MAXION HST TURBO DIESEL 2800 POWER STROKE*4CIL* 93mm', 4),
(332, 'MAXION 3.0', 'MAXION INTERNACIONAL TURBO DIESEL 3000 16 VAL*4CIL* 96mm', 5),
(333, 'MAXION S4', 'MAXION S4 DIESEL ASP/NOR *4CIL* 100mm', 5),
(334, 'MAXION S4 EU1', 'MAXION S4 EURO 1 ASP. NOR*4CIL*101mm', 5),
(335, 'MAXION S4 T', 'MAXION S4 TURBO DIESEL *4CIL* 100mm', 5),
(336, 'MAXION S4T PLUS', 'MAXION S4 TURBO DIESEL*4CIL*101mm', 5),
(337, 'MAXION/SPRINTER', 'MAXION-SPRINTER EURO 2 TURBO DIESEL 2500*4CIL* 90.48mm', 4),
(338, 'OPEL K-180', 'OPEL K-180 NAF.*4CIL* 90mm', 2),
(339, '3-152', 'PERKINS 3-152 DIESEL*3CIL* 91.44mm', 4),
(340, '3-152 serie 90', 'PERKINS 3-152 SERIE 90 DIESEL*3CIL*95mm', 5),
(341, '4-203 P', 'PERKINS 4-203 DIESEL POTENCIADO*4CIL* 91.44mm', 4),
(342, '4-203', 'PERKINS 4-203 DIESEL*4CIL* 91.44mm', 4),
(343, '4-236', 'PERKINS 4-236 DIESEL*4CIL* 98.42mm', 5),
(344, '4-248', 'PERKINS 4-248 DIESEL*4CIL* 101.06mm', 5),
(345, '4-248 T', 'PERKINS 4-248 TURBO DIESEL*4CIL* 101.06mm', 5),
(346, '6-305 CAD', 'PERKINS 6-305 DIESEL CADENERO*6CIL* 91.44m', 4),
(347, '6-305 PF', 'PERKINS 6-305 DIESEL PF(a/engr.)*6CIL* 91.44m', 4),
(348, '6-354 F1', 'PERKINS 6-354 DIESEL F1-2 *6CIL* 98.42mm', 5),
(349, '6-354 F2', 'PERKINS 6-354 DIESEL F2 APA *6CIL* 98.42mm', 5),
(350, '6-354 F4', 'PERKINS 6-354 DIESEL F4 APA *6CIL* 98.42mm', 5),
(351, '6-354 F2 T', 'PERKINS 6-354 TURBO DIESEL F2 *6CIL* 98.42mm', 5),
(352, '6-354 F4 T', 'PERKINS 6-354 TURBO DIESEL F4 *6CIL* 98.42mm', 5),
(353, 'PHASER 1104 C', 'PERKINS PHASER 1104 C TURBO DIESEL*4CIL', 5),
(354, 'PHASER 1104', 'PERKINS PHASER 1104 DIESEL ASPIRADO*4CIL', 5),
(355, 'PHASER', 'PERKINS PHASER DIESEL 1004*4CIL*100mm', 5),
(356, 'PHASER TD', 'PERKINS PHASER TURBO DIESEL *4CIL*100mm', 5),
(357, 'PRIMA', 'PERKINS PRIMA DIESEL ASP/NOR*4CIL* 84.4mm', 4),
(358, 'PRIMA T', 'PERKINS PRIMA TURBO DIESEL*4CIL* 84.4mm', 4),
(359, '4-33 T', 'PERKINS T4-33 TURBO DIESEL*4CIL* 91.49mm', 4),
(360, '106 TUD3', 'PEUGEOT 106 DIESEL 1400cc*4CIL* 75mm', 3),
(361, '106 TU3', 'PEUGEOT 106 NAF.1400cc*4CIL* 75mm', 2),
(362, '205 XU5J', 'PEUGEOT 205 NAF.1600cc*4CIL* 83mm', 2),
(363, '406 2.0 HDi', 'PEUGEOT 206-307-406- TURBO DIESEL 2.0 HDi DW10  *4CIL* 85m', 3),
(364, '206/307 TU5JP4', 'PEUGEOT 206/307 1.6 *NAF*16Valv* 4CIL', 3),
(365, '206/307 XU5JP4', 'PEUGEOT 206/307 1600cc NAF.16 VAL*4CIL* 78.5mm', 2),
(366, '307 EW10J4', 'PEUGEOT 307 2.0 *NAF*16Valv* EW10J4', 3),
(367, '404', 'PEUGEOT 404 NAF.*4CIL* 84mm', 2),
(368, '405 XUD9', 'PEUGEOT 405 DIESEL 1900cc*4CIL* 83mm', 3),
(369, '405 XU7', 'PEUGEOT 405 NAF. 1795cc 8 VALV. *4CIL*83mm', 3),
(370, '405 XU7JP4', 'PEUGEOT 405 NAF.1760cc 16VAL*4CIL* 83mm', 3),
(371, '405XU92C', 'PEUGEOT 405 NAF.1900cc *4CIL* 83mm', 2),
(372, '405 XU10JP4', 'PEUGEOT 405 NAF.MI16 2000cc16 VAL*4CIL* 86mm', 3),
(373, '405 XU10J2', 'PEUGEOT 405 NAF.SRI 2000*4CIL* 86mm', 3),
(374, '405 XUD7T', 'PEUGEOT 405 TURBO DIESEL 1700cc*4CIL* 80mm', 3),
(375, '405 XUD9TE', 'PEUGEOT 405 TURBO DIESEL 1900cc*4CIL* 83mm', 3),
(376, '504 1.6/8', 'PEUGEOT 504 NAF.1600-1800*4CIL* 85mm', 2),
(377, '504 2.0', 'PEUGEOT 504 NAF.2000*4CIL* 88mm', 2),
(378, '505 2.0', 'PEUGEOT 505 NAF.2000*4CIL* 88mm', 2),
(379, '505 TD', 'PEUGEOT 505 TURBO DIESEL*4CIL* 94mm', 3),
(380, 'BOXER 2.5', 'PEUGEOT BOXER 2500 DIESEL 12 VAL*4CIL* 92mm', 5),
(381, 'BOXER 2.8', 'PEUGEOT BOXER 2800 DIESEL 12 VAL*4CIL* 94.4mm', 5),
(382, 'PARTNER DW8', 'PEUGEOT PARTNER DW8 DIESEL 1900cc*4CIL* 82.2mm', 3),
(383, 'RD 42 HP', 'RASTROJERO 42 HP DIESEL *4CIL* 78mm', 2),
(384, 'RD 52 HP', 'RASTROJERO 52 HP DIESEL *4CIL* 78mm', 2),
(385, 'R-12 1.4', 'RENAULT 12 1400cc NAF.*4CIL* 76mm(847)', 1),
(386, 'R-4L', 'RENAULT 4L-GORDINI 850cc NAF.*4CIL* 58mm', 1),
(387, 'R-4S', 'RENAULT 4S 1065cc NAF.*4CIL* 65mm(688.01)', 1),
(388, 'R-CLIO 1.2', 'RENAULT CLIO 1.2 NAF. 16 VAL *4CIL', 3),
(389, 'R-CLIO 1.4', 'RENAULT CLIO 1390cc NAF.*4CIL* 75.8mm(E6J)', 2),
(390, 'R-CLIO 1.8 16V', 'RENAULT CLIO 1763cc NAF.16 VAL*4CIL* 82mm(F7P)', 3),
(391, 'R-CLIO 1.8', 'RENAULT CLIO 1794cc NAF.*4CIL* 82.7mm(F3P)', 3),
(392, 'R-CLIO 1.5 D', 'RENAULT CLIO 2 DIESEL 1.5 Cdi *4CIL* 76mm(K9K)', 3),
(393, 'R-12 JRS', 'RENAULT JUNIORS R-12 R-18 1400cc NAF.*4CIL* 76mm(847.81)', 1),
(394, 'R-KANGOO', 'RENAULT KANGOO DIESEL *4CIL* 80mm(F8Q)', 3),
(395, 'R-KOLEOS', 'RENAULT KOLEOS (NISSAN Q25) 2.5 16 VALV NAF *4CIL*89mm', 3),
(396, 'R-LAGUNA D', 'RENAULT LAGUNA 2188cc DIESEL 12VAL*4CIL*87mm(GT8)', 3),
(397, 'R-LAGUNA 2.0', 'RENAULT LAGUNA NAF.2.0 VOLVO 16VAL*4CIL* 83mm(NQ7)', 3),
(398, 'R-MASTER G9U', 'RENAULT MASTER G9U 2.5 TDi 16 VALV *4CIL*89mm', 5),
(399, 'R-MEGANE TD', 'RENAULT MEGANE - SCENIC TDI *PER28*4CIL', 3),
(400, 'R-MEGANE 1.6', 'RENAULT MEGANE 1.6 NAF.16VAL*4CIL* 79.5mm(K4M)', 3),
(401, 'R-MEGANE 2.0 16v', 'RENAULT MEGANE 2.0 16V (F4R)', 3),
(402, 'R-MEGANE 2.0', 'RENAULT MEGANE NAF.2000cc 8VAL*4CIL* 82.7mm(F3R)', 3),
(403, 'R-CLIO 1.6 8V', 'RENAULT MEGANE-CLIO 1.6 NAF.8VAL*4CIL* 79.5mm(K7M)', 3),
(404, 'R-MEGANE TD', 'RENAULT MEGANE-SCENIC 1870cc TURBO DIESEL*4CIL* 80mm(F9Q)', 3),
(405, 'R-PREMIUN 250', 'RENAULT PREMIUN 250 DIESEL*6CIL* 102mm', 7),
(406, 'R-18 2.0', 'RENAULT R-18-FUEGO 2000cc NAF.*4CIL* 88mm(J6R)', 2),
(407, 'R-18 2.2', 'RENAULT R-18-FUEGO 2200cc NAF.*4CIL* 88mm(J7RT)', 2),
(408, 'R-18 2.2i', 'RENAULT R-18-FUEGO 2200cc NAF.INY*4CIL* 88mm(J7RT)', 2),
(409, 'R-18 D', 'RENAULT R-18-TRAFIC 2068cc DIESEL*4CIL* 86mm(J8S)', 3),
(410, 'R-19 EXPRES', 'RENAULT R-19-EXPRES-CLIO DIESEL*4CIL* 80mm(F8Q)', 3),
(411, 'R-12 1.3', 'RENAULT R12 1300cc NAF.*4CIL* 73mm(810.02)', 1),
(412, 'R-12 1.6', 'RENAULT R12-R18 1600cc NAF.*4CIL* 77mm(C2L)', 1),
(413, 'R-19 1.7', 'RENAULT R19 1700cc NAF.*4CIL* 81mm(F2N)', 2),
(414, 'R-6 1.1', 'RENAULT R6 1100cc NAF.*4CIL* 68mm', 1),
(415, 'R-TWINGO 1.2', 'RENAULT TWINGO 1149cc NAF.8 VAL*4CIL* 69mm(D7F)', 2),
(416, 'R-TWINGO 1.3', 'RENAULT TWINGO-CLIO1300cc NAF.*4CIL* 74mm(C3G)', 2),
(417, 'SCA K124', 'SCANIA K124-12L SERIE 4 *6CIL* 127mm(DSC12)', 9),
(418, 'SCA K124 ART', 'SCANIA K124-12L SERIE 4 ARTICULADO *6CIL* 127mm(DSC12)', 9),
(419, 'SCA 111', 'SCANIA L110-111 ASP/NOR *6CIL* 127mm(D11-DS11)', 9),
(420, 'SCA 111 T', 'SCANIA L111-112 TURBO *6CIL* 127mm(D11-DS11)', 9),
(421, 'SCA 113 T', 'SCANIA L113 TURBO *6CIL* 127mm(DSC11)', 9),
(422, 'SCA P93', 'SCANIA P-93 SERIE 4-9L*6CIL* 115mm(DCS9)', 8),
(423, 'VALIANT', 'VALIANT I-II-III-IV NAF.*6CIL* 87mm', 2),
(424, 'VOLVO NL10 280', 'VOLVO NL10 280 DIESEL *6CIL* 120.65mm', 9),
(425, 'VOLVO NL10 310', 'VOLVO NL10 310 DIESEL *6CIL* 120.65mm', 9),
(426, 'VOLVO NL10 340', 'VOLVO NL10 340 DIESEL ARTICULADO *6CIL* 120.65mm', 9),
(427, 'VW 2.0', 'VW 2.0 CARAT-GOL GTI(AUDI)2000ccNAF.*4CIL* 82.5mm', 2),
(428, 'VW 2.0 i', 'VW 2.0 GOL(AUDI)2000ccNAF.INY*4CIL* 82.5mm', 2),
(429, 'VW AMAROK', 'VW AMAROK TDI 2.0 *16Valv* 81mm', 5),
(430, 'VW BORA 1.8T', 'VW BORA 1.8T*20Valv*4CIL*81mm * ARX', 4),
(431, 'VW 1.6-V', 'VW GACEL(AUDI)1600ccNAF.MOD.VIE*4CIL* 79.5mm', 2),
(432, 'VW 1.6', 'VW GACEL-GOL(AUDI)1600ccNAF.*4CIL* 81mm', 2),
(433, 'VW 1.6 MI', 'VW GACEL-GOL(AUDI)1600ccNAF.INY*4CIL* 81mm', 2),
(434, 'VW 1.8 MI', 'VW GACEL-GOL(AUDI)1800ccNAF.INY*4CIL* 81mm', 2),
(435, 'VW 1.8', 'VW GACEL-SENDA(AUDI)1800ccNAF.*4CIL* 81mm', 2),
(436, 'VW GOL 1.0', 'VW GOL 1000 NAF.MI 8VAL *4CIL* 67.10mm', 2),
(437, 'VW GOLF 1.8 TD', 'VW GOLF 1.8 TD P.20 - 20 VALV. *4CIL*81mm', 4),
(438, 'VW GOLF TD', 'VW GOLF-TRANSPORTER TURBO DIESEL 1900cc*4CIL* 79.5mm', 3),
(439, 'VW GOLF 1.9SDI', 'VW GOLF/VENTO 1.9 SDI P.26 *4CIL*79', 5),
(440, 'VW KOMB', 'VW KOMBI 1600ccNAF.*4CIL* 85.5mm', 3),
(441, 'VW POLO D', 'VW POLO DIESEL 1900cc *4CIL* 79.5mm', 3),
(442, 'VW D', 'VW SAVEIRO-SENDA DIESEL 1600cc*4CIL* 76.5mm', 3),
(443, 'VW SURAN/FOX', 'VW SURAN/FOX/GOLF 1.6 NAF. 8 VALV * 4CIL *76', 5),
(444, 'VW TRANSP. 2.4', 'VW TRANSPORTER 2.4 TDI *20 Valv* 5 CIL* 79', 5);

-- --------------------------------------------------------

--
-- Estructura de tabla para la tabla `trj_pedido_trabajo`
--

CREATE TABLE `trj_pedido_trabajo` (
  `petr_id` int(11) NOT NULL,
  `parte_vehiculo` varchar(300) CHARACTER SET utf8 DEFAULT NULL,
  `patente` varchar(100) CHARACTER SET utf8 DEFAULT NULL,
  `indice` varchar(100) COLLATE utf8_spanish_ci DEFAULT NULL,
  `motor` varchar(100) COLLATE utf8_spanish_ci DEFAULT NULL,
  `num_motor` varchar(100) COLLATE utf8_spanish_ci DEFAULT NULL,
  `num_chasis` varchar(100) COLLATE utf8_spanish_ci DEFAULT NULL,
  `condicion` varchar(100) COLLATE utf8_spanish_ci DEFAULT NULL,
  `fec_entrega` date DEFAULT NULL,
  `observacion` varchar(200) COLLATE utf8_spanish_ci DEFAULT NULL,
  `familia_producto` varchar(45) COLLATE utf8_spanish_ci DEFAULT NULL,
  `subfamilia` varchar(45) COLLATE utf8_spanish_ci DEFAULT NULL,
  `cod_interno` varchar(15) CHARACTER SET utf8 DEFAULT NULL,
  `clie_id` int(11) NOT NULL,
  `entrega_servicio` varchar(45) COLLATE utf8_spanish_ci DEFAULT NULL,
  `direccion_entrega` varchar(200) COLLATE utf8_spanish_ci DEFAULT NULL,
  `tipo_ciente` varchar(45) COLLATE utf8_spanish_ci DEFAULT NULL,
  `proveedor_repuesto` varchar(45) COLLATE utf8_spanish_ci DEFAULT NULL,
  `orden_compra` varchar(500) COLLATE utf8_spanish_ci DEFAULT NULL,
  `bpm_id` int(11) NOT NULL
) ENGINE=InnoDB DEFAULT CHARSET=utf8 COLLATE=utf8_spanish_ci;

--
-- Volcado de datos para la tabla `trj_pedido_trabajo`
--

INSERT INTO `trj_pedido_trabajo` (`petr_id`, `parte_vehiculo`, `patente`, `indice`, `motor`, `num_motor`, `num_chasis`, `condicion`, `fec_entrega`, `observacion`, `familia_producto`, `subfamilia`, `cod_interno`, `clie_id`, `entrega_servicio`, `direccion_entrega`, `tipo_ciente`, `proveedor_repuesto`, `orden_compra`, `bpm_id`) VALUES
(12, NULL, 'BBBBBB', 'BORGVM', 'BORGWARD VM HR492 *4CIL* 92mm', 'CCCCCC', 'DDDDDDDD', 'Normal', '2018-08-22', 'EEEEEEE', 'Componente Industrial', 'Motor Mediano', 'CA-23-19', 20, NULL, NULL, NULL, NULL, NULL, 12),
(13, 'aaaaaaa', 'aaaaaaaaaa', 'BORGVM', 'BORGWARD VM HR492 *4CIL* 92mm', 'aaaaaaaaaa', 'aaaaaaaa', 'Normal', '2018-08-09', 'aaaaaaaa', 'Componente Liviano', 'Partes Sueltas', ' CA - cardan ', 25, NULL, NULL, NULL, NULL, NULL, 13),
(16, '', '', '', '', '', '', NULL, '0000-00-00', '', 'Seleccionar...', 'Seleccionar...', ' BIE - Biela ', 25, NULL, NULL, NULL, NULL, NULL, 14),
(17, '', '', '', '', '', '', NULL, '0000-00-00', '', 'Seleccionar...', 'Seleccionar...', 'BI', 25, NULL, NULL, NULL, NULL, NULL, 15),
(18, '', '', '', '', '', '', NULL, '0000-00-00', '', 'Seleccionar...', 'Seleccionar...', '0', 25, NULL, NULL, NULL, NULL, NULL, 0),
(19, '', '', '', '', '', '', NULL, '0000-00-00', '', 'Seleccionar...', 'Seleccionar...', 'BIE-11-18', 25, NULL, NULL, NULL, NULL, NULL, 0),
(20, 'otra cosa', '12313', 'CAT.924', 'CATERPILAR 3056 (PERKINS ) DIESEL *6CIL* 100mm', '124134', '678588', 'Normal', '2018-08-31', '', 'Componente Liviano', 'Motor Semiarmado', 'CA-23-18', 20, NULL, NULL, NULL, NULL, NULL, 74),
(22, 'Motor', '', 'CAT.3304 ASP', 'CATERPILLAR 3304 ASP.NOR.INY.IND.P38*4CIL*120.6mm', '11111', '', 'Normal', '2018-08-25', '', 'Componente Industrial', 'Motor Grande', 'BI-25-18', 20, NULL, NULL, NULL, NULL, NULL, 22),
(23, 'arbol gigant', '3546', 'CAT.924', 'CATERPILAR 3056 (PERKINS ) DIESEL *6CIL* 100mm', '879678', '3456', 'Normal', '2018-09-14', '', 'CI - Componente Industrial', 'MG - Motor Grande', 'BIE-0027-18', 22, NULL, NULL, NULL, NULL, NULL, 1019),
(24, 'SAFSADF', '3245', 'CAT.924', 'CATERPILAR 3056 (PERKINS ) DIESEL *6CIL* 100mm', '444444', '343', 'Normal', '2018-09-14', '', 'CI - Componente Industrial', 'MG - Motor Grande', 'AL-0028-18', 20, NULL, NULL, NULL, NULL, NULL, 1021),
(25, 'Motor', '', 'CHEVETTE 1.6', 'CHEVETTE 1.6 NAF. 8 VAL*4CIL* 82mm.', '11111', '', 'Normal', '2018-09-03', '', 'CI - Componente Industrial', 'PS - Partes Sueltas', 'AL-0029-18', 21, NULL, NULL, NULL, NULL, NULL, 1022),
(26, 'AAAAA', '', 'VECTRA 2.0', 'CHEVROLET VECTRA 2.0 -ASTRA ZAFIRA', '11111', '', 'Normal', '2018-09-14', 'probando proceso ', 'CI - Componente Industrial', 'MG - Motor Grande', 'TV-0030-18', 22, NULL, NULL, NULL, NULL, NULL, 1023),
(27, 'biela', '456', 'CAT.3064', 'CATERPILLAR 3064 DIESEL*4CIL*102mm', '789', '456', 'Normal', '2018-09-14', '', 'CI - Componente Industrial', 'MG - Motor Grande', 'BIE-0031-18', 21, NULL, NULL, NULL, NULL, NULL, 1024),
(28, 'Motor', 'tqq844', 'AVEO 1.6 16V', 'CHEVROLET AVEO-DAEWO F16D 1.6', '102036', '102036', 'Normal', '2018-09-04', 'observación...', 'CL - Componente Liviano', 'ME - Motor Entero', 'TC-0032-18', 20, NULL, NULL, NULL, NULL, NULL, 1025),
(29, 'Transmisión', 'par278', 'CHEV C10', 'CHEVROLET C10 TURBO DIESEL (XD3) *4CIL* 94mm', '12345678', '12345678', 'Urgente', '2018-09-15', 'observacion', 'CL - Componente Liviano', 'PS - Partes Sueltas', 'CI-0033-18', 20, NULL, NULL, NULL, NULL, NULL, 1026),
(30, 'Transmisión', 'aaa001', 'CHEV C10', 'CHEVROLET C10 TURBO DIESEL (XD3) *4CIL* 94mm', '123456', '123456', 'Urgente', '2018-09-21', '', 'CL - Componente Liviano', 'PS - Partes Sueltas', 'CI-0034-18', 20, NULL, NULL, NULL, NULL, NULL, 1027),
(31, 'asdf', '345', 'CAT.924', 'CATERPILAR 3056 (PERKINS ) DIESEL *6CIL* 100mm', '687', 'sdg4567456', 'Normal', '2018-08-30', '', 'S - Servicio', 'Servicio Predio Propio', 'BI-0035-18', 21, NULL, NULL, NULL, NULL, NULL, 1028);

--
-- Índices para tablas volcadas
--

--
-- Indices de la tabla `abmdeposito`
--
ALTER TABLE `abmdeposito`
  ADD PRIMARY KEY (`depositoId`);

--
-- Indices de la tabla `abmproveedores`
--
ALTER TABLE `abmproveedores`
  ADD PRIMARY KEY (`provid`);

--
-- Indices de la tabla `admcredits`
--
ALTER TABLE `admcredits`
  ADD PRIMARY KEY (`crdId`),
  ADD KEY `cliId` (`cliId`),
  ADD KEY `usrId` (`usrId`),
  ADD KEY `saleId` (`saleId`);

--
-- Indices de la tabla `admcustomerpreferences`
--
ALTER TABLE `admcustomerpreferences`
  ADD PRIMARY KEY (`cstprefId`),
  ADD KEY `sfamId` (`sfamId`),
  ADD KEY `cliId` (`cliId`);

--
-- Indices de la tabla `admcustomers`
--
ALTER TABLE `admcustomers`
  ADD PRIMARY KEY (`cliId`);

--
-- Indices de la tabla `admproducts`
--
ALTER TABLE `admproducts`
  ADD PRIMARY KEY (`prodId`),
  ADD KEY `sfamId` (`sfamId`);

--
-- Indices de la tabla `admsales`
--
ALTER TABLE `admsales`
  ADD PRIMARY KEY (`saleId`),
  ADD KEY `cliId` (`cliId`),
  ADD KEY `usrId` (`usrId`);

--
-- Indices de la tabla `admsalesdetail`
--
ALTER TABLE `admsalesdetail`
  ADD PRIMARY KEY (`saleDetId`),
  ADD KEY `saleId` (`saleId`),
  ADD KEY `prodId` (`prodId`);

--
-- Indices de la tabla `admstock`
--
ALTER TABLE `admstock`
  ADD PRIMARY KEY (`stkId`),
  ADD KEY `prodId` (`prodId`),
  ADD KEY `usrId` (`usrId`);

--
-- Indices de la tabla `articles`
--
ALTER TABLE `articles`
  ADD PRIMARY KEY (`artId`),
  ADD UNIQUE KEY `artBarCode` (`artBarCode`) USING BTREE,
  ADD UNIQUE KEY `artDescription` (`artDescription`) USING BTREE,
  ADD KEY `famId` (`famId`) USING BTREE;

--
-- Indices de la tabla `conffamily`
--
ALTER TABLE `conffamily`
  ADD PRIMARY KEY (`famId`);

--
-- Indices de la tabla `confsubfamily`
--
ALTER TABLE `confsubfamily`
  ADD PRIMARY KEY (`sfamId`),
  ADD KEY `famId` (`famId`);

--
-- Indices de la tabla `confzone`
--
ALTER TABLE `confzone`
  ADD PRIMARY KEY (`zonaId`);

--
-- Indices de la tabla `deta-remito`
--
ALTER TABLE `deta-remito`
  ADD PRIMARY KEY (`detaremitoid`),
  ADD KEY `id_remito` (`id_remito`) USING BTREE,
  ADD KEY `loteid` (`loteid`) USING BTREE;

--
-- Indices de la tabla `deta_ordeninsumos`
--
ALTER TABLE `deta_ordeninsumos`
  ADD PRIMARY KEY (`id_detaordeninsumo`),
  ADD KEY `loteid` (`loteid`) USING BTREE,
  ADD KEY `id_ordeninsumo` (`id_ordeninsumo`) USING BTREE;

--
-- Indices de la tabla `frm_categorias`
--
ALTER TABLE `frm_categorias`
  ADD PRIMARY KEY (`CATE_ID`);

--
-- Indices de la tabla `frm_formularios`
--
ALTER TABLE `frm_formularios`
  ADD PRIMARY KEY (`form_id`);

--
-- Indices de la tabla `frm_formularios_completados`
--
ALTER TABLE `frm_formularios_completados`
  ADD PRIMARY KEY (`FOCO_ID`);

--
-- Indices de la tabla `frm_grupos`
--
ALTER TABLE `frm_grupos`
  ADD PRIMARY KEY (`GRUP_ID`);

--
-- Indices de la tabla `frm_tipos_dato`
--
ALTER TABLE `frm_tipos_dato`
  ADD PRIMARY KEY (`TIDA_ID`);

--
-- Indices de la tabla `frm_valores`
--
ALTER TABLE `frm_valores`
  ADD PRIMARY KEY (`VALO_ID`);

--
-- Indices de la tabla `frm_valores_validos`
--
ALTER TABLE `frm_valores_validos`
  ADD PRIMARY KEY (`VAPO_ID`);

--
-- Indices de la tabla `info_sistema`
--
ALTER TABLE `info_sistema`
  ADD PRIMARY KEY (`id_infosistema`);

--
-- Indices de la tabla `mtb_num_interno`
--
ALTER TABLE `mtb_num_interno`
  ADD PRIMARY KEY (`año`);

--
-- Indices de la tabla `mtb_tiempos_standar`
--
ALTER TABLE `mtb_tiempos_standar`
  ADD PRIMARY KEY (`tipo_motor_id`);

--
-- Indices de la tabla `orden_insumos`
--
ALTER TABLE `orden_insumos`
  ADD PRIMARY KEY (`id_orden`);

--
-- Indices de la tabla `orden_pedido`
--
ALTER TABLE `orden_pedido`
  ADD PRIMARY KEY (`id_orden`),
  ADD KEY `id_trabajo` (`id_trabajo`),
  ADD KEY `id_proveedor` (`id_proveedor`);

--
-- Indices de la tabla `orden_trabajo`
--
ALTER TABLE `orden_trabajo`
  ADD PRIMARY KEY (`id_orden`),
  ADD KEY `orden_trabajo_ibfk_1` (`cliId`),
  ADD KEY `id_usuario` (`id_usuario`),
  ADD KEY `id_usuariosolicitante` (`id_usuario_a`),
  ADD KEY `usuario_entrega` (`id_usuario_e`),
  ADD KEY `id_sucursal` (`id_sucursal`);

--
-- Indices de la tabla `plantilla`
--
ALTER TABLE `plantilla`
  ADD PRIMARY KEY (`id_plantilla`);

--
-- Indices de la tabla `remitos`
--
ALTER TABLE `remitos`
  ADD PRIMARY KEY (`remitoId`),
  ADD KEY `provid` (`provid`) USING BTREE;

--
-- Indices de la tabla `sisactions`
--
ALTER TABLE `sisactions`
  ADD PRIMARY KEY (`actId`);

--
-- Indices de la tabla `sisgroups`
--
ALTER TABLE `sisgroups`
  ADD PRIMARY KEY (`grpId`);

--
-- Indices de la tabla `sisgroupsactions`
--
ALTER TABLE `sisgroupsactions`
  ADD PRIMARY KEY (`grpactId`),
  ADD KEY `grpId` (`grpId`) USING BTREE,
  ADD KEY `menuAccId` (`menuAccId`) USING BTREE;

--
-- Indices de la tabla `sismenu`
--
ALTER TABLE `sismenu`
  ADD PRIMARY KEY (`id`);

--
-- Indices de la tabla `sismenuactions`
--
ALTER TABLE `sismenuactions`
  ADD PRIMARY KEY (`menuAccId`);

--
-- Indices de la tabla `sisusers`
--
ALTER TABLE `sisusers`
  ADD PRIMARY KEY (`usrId`);

--
-- Indices de la tabla `sucursal`
--
ALTER TABLE `sucursal`
  ADD PRIMARY KEY (`id_sucursal`);

--
-- Indices de la tabla `tareas`
--
ALTER TABLE `tareas`
  ADD PRIMARY KEY (`id_tarea`);

--
-- Indices de la tabla `tbl_detanotapedido`
--
ALTER TABLE `tbl_detanotapedido`
  ADD PRIMARY KEY (`id_detaNota`),
  ADD KEY `id_notaPedido` (`id_notaPedido`);

--
-- Indices de la tabla `tbl_equipos`
--
ALTER TABLE `tbl_equipos`
  ADD PRIMARY KEY (`id_equipo`),
  ADD KEY `id_subsector` (`id_subsector`);

--
-- Indices de la tabla `tbl_estado`
--
ALTER TABLE `tbl_estado`
  ADD PRIMARY KEY (`estadoid`);

--
-- Indices de la tabla `tbl_listarea`
--
ALTER TABLE `tbl_listarea`
  ADD PRIMARY KEY (`id_listarea`);

--
-- Indices de la tabla `tbl_listplantilla`
--
ALTER TABLE `tbl_listplantilla`
  ADD PRIMARY KEY (`id_detaplantilla`),
  ADD KEY `id_plantilla` (`id_plantilla`),
  ADD KEY `id_tarea` (`id_tarea`);

--
-- Indices de la tabla `tbl_lote`
--
ALTER TABLE `tbl_lote`
  ADD PRIMARY KEY (`loteid`),
  ADD KEY `depositoid` (`depositoid`) USING BTREE,
  ADD KEY `artId` (`artId`) USING BTREE;

--
-- Indices de la tabla `tbl_notapedido`
--
ALTER TABLE `tbl_notapedido`
  ADD PRIMARY KEY (`id_notaPedido`);

--
-- Indices de la tabla `tbl_subsector`
--
ALTER TABLE `tbl_subsector`
  ADD PRIMARY KEY (`id_subsector`);

--
-- Indices de la tabla `trj_nomenclador_motores`
--
ALTER TABLE `trj_nomenclador_motores`
  ADD PRIMARY KEY (`indice_id`);

--
-- Indices de la tabla `trj_pedido_trabajo`
--
ALTER TABLE `trj_pedido_trabajo`
  ADD PRIMARY KEY (`petr_id`),
  ADD UNIQUE KEY `cod_interno_UNIQUE` (`cod_interno`),
  ADD KEY `cliente_fk_idx` (`clie_id`);

--
-- AUTO_INCREMENT de las tablas volcadas
--

--
-- AUTO_INCREMENT de la tabla `abmdeposito`
--
ALTER TABLE `abmdeposito`
  MODIFY `depositoId` int(11) NOT NULL AUTO_INCREMENT, AUTO_INCREMENT=2;

--
-- AUTO_INCREMENT de la tabla `abmproveedores`
--
ALTER TABLE `abmproveedores`
  MODIFY `provid` int(10) NOT NULL AUTO_INCREMENT, AUTO_INCREMENT=14;

--
-- AUTO_INCREMENT de la tabla `admcredits`
--
ALTER TABLE `admcredits`
  MODIFY `crdId` int(11) NOT NULL AUTO_INCREMENT, AUTO_INCREMENT=97;

--
-- AUTO_INCREMENT de la tabla `admcustomerpreferences`
--
ALTER TABLE `admcustomerpreferences`
  MODIFY `cstprefId` int(11) NOT NULL AUTO_INCREMENT;

--
-- AUTO_INCREMENT de la tabla `admcustomers`
--
ALTER TABLE `admcustomers`
  MODIFY `cliId` int(11) NOT NULL AUTO_INCREMENT, AUTO_INCREMENT=25;

--
-- AUTO_INCREMENT de la tabla `admproducts`
--
ALTER TABLE `admproducts`
  MODIFY `prodId` int(11) NOT NULL AUTO_INCREMENT, AUTO_INCREMENT=11;

--
-- AUTO_INCREMENT de la tabla `admsales`
--
ALTER TABLE `admsales`
  MODIFY `saleId` int(11) NOT NULL AUTO_INCREMENT, AUTO_INCREMENT=22;

--
-- AUTO_INCREMENT de la tabla `admsalesdetail`
--
ALTER TABLE `admsalesdetail`
  MODIFY `saleDetId` int(11) NOT NULL AUTO_INCREMENT, AUTO_INCREMENT=22;

--
-- AUTO_INCREMENT de la tabla `admstock`
--
ALTER TABLE `admstock`
  MODIFY `stkId` int(11) NOT NULL AUTO_INCREMENT, AUTO_INCREMENT=31;

--
-- AUTO_INCREMENT de la tabla `articles`
--
ALTER TABLE `articles`
  MODIFY `artId` int(11) NOT NULL AUTO_INCREMENT, AUTO_INCREMENT=3;

--
-- AUTO_INCREMENT de la tabla `conffamily`
--
ALTER TABLE `conffamily`
  MODIFY `famId` int(11) NOT NULL AUTO_INCREMENT, AUTO_INCREMENT=11;

--
-- AUTO_INCREMENT de la tabla `confsubfamily`
--
ALTER TABLE `confsubfamily`
  MODIFY `sfamId` int(11) NOT NULL AUTO_INCREMENT, AUTO_INCREMENT=20;

--
-- AUTO_INCREMENT de la tabla `confzone`
--
ALTER TABLE `confzone`
  MODIFY `zonaId` int(11) NOT NULL AUTO_INCREMENT, AUTO_INCREMENT=17;

--
-- AUTO_INCREMENT de la tabla `deta-remito`
--
ALTER TABLE `deta-remito`
  MODIFY `detaremitoid` int(11) NOT NULL AUTO_INCREMENT, AUTO_INCREMENT=3;

--
-- AUTO_INCREMENT de la tabla `deta_ordeninsumos`
--
ALTER TABLE `deta_ordeninsumos`
  MODIFY `id_detaordeninsumo` int(11) NOT NULL AUTO_INCREMENT, AUTO_INCREMENT=3;

--
-- AUTO_INCREMENT de la tabla `frm_categorias`
--
ALTER TABLE `frm_categorias`
  MODIFY `CATE_ID` int(11) NOT NULL AUTO_INCREMENT, AUTO_INCREMENT=6001;

--
-- AUTO_INCREMENT de la tabla `frm_formularios`
--
ALTER TABLE `frm_formularios`
  MODIFY `form_id` int(11) NOT NULL AUTO_INCREMENT, AUTO_INCREMENT=6001;

--
-- AUTO_INCREMENT de la tabla `frm_formularios_completados`
--
ALTER TABLE `frm_formularios_completados`
  MODIFY `FOCO_ID` int(11) NOT NULL AUTO_INCREMENT, AUTO_INCREMENT=122;

--
-- AUTO_INCREMENT de la tabla `frm_grupos`
--
ALTER TABLE `frm_grupos`
  MODIFY `GRUP_ID` int(11) NOT NULL AUTO_INCREMENT, AUTO_INCREMENT=6001;

--
-- AUTO_INCREMENT de la tabla `frm_valores`
--
ALTER TABLE `frm_valores`
  MODIFY `VALO_ID` int(11) NOT NULL AUTO_INCREMENT, AUTO_INCREMENT=6001;

--
-- AUTO_INCREMENT de la tabla `frm_valores_validos`
--
ALTER TABLE `frm_valores_validos`
  MODIFY `VAPO_ID` int(11) NOT NULL AUTO_INCREMENT, AUTO_INCREMENT=2328;

--
-- AUTO_INCREMENT de la tabla `info_sistema`
--
ALTER TABLE `info_sistema`
  MODIFY `id_infosistema` int(11) NOT NULL AUTO_INCREMENT, AUTO_INCREMENT=6;

--
-- AUTO_INCREMENT de la tabla `orden_insumos`
--
ALTER TABLE `orden_insumos`
  MODIFY `id_orden` int(11) NOT NULL AUTO_INCREMENT, AUTO_INCREMENT=3;

--
-- AUTO_INCREMENT de la tabla `orden_pedido`
--
ALTER TABLE `orden_pedido`
  MODIFY `id_orden` int(11) NOT NULL AUTO_INCREMENT, AUTO_INCREMENT=15;

--
-- AUTO_INCREMENT de la tabla `orden_trabajo`
--
ALTER TABLE `orden_trabajo`
  MODIFY `id_orden` int(11) NOT NULL AUTO_INCREMENT, AUTO_INCREMENT=345;

--
-- AUTO_INCREMENT de la tabla `plantilla`
--
ALTER TABLE `plantilla`
  MODIFY `id_plantilla` int(11) NOT NULL AUTO_INCREMENT, AUTO_INCREMENT=30;

--
-- AUTO_INCREMENT de la tabla `remitos`
--
ALTER TABLE `remitos`
  MODIFY `remitoId` int(11) NOT NULL AUTO_INCREMENT, AUTO_INCREMENT=35;

--
-- AUTO_INCREMENT de la tabla `sisactions`
--
ALTER TABLE `sisactions`
  MODIFY `actId` int(11) NOT NULL AUTO_INCREMENT, AUTO_INCREMENT=11;

--
-- AUTO_INCREMENT de la tabla `sisgroups`
--
ALTER TABLE `sisgroups`
  MODIFY `grpId` int(11) NOT NULL AUTO_INCREMENT, AUTO_INCREMENT=36;

--
-- AUTO_INCREMENT de la tabla `sisgroupsactions`
--
ALTER TABLE `sisgroupsactions`
  MODIFY `grpactId` int(11) NOT NULL AUTO_INCREMENT, AUTO_INCREMENT=45;

--
-- AUTO_INCREMENT de la tabla `sismenu`
--
ALTER TABLE `sismenu`
  MODIFY `id` int(11) NOT NULL AUTO_INCREMENT, AUTO_INCREMENT=44;

--
-- AUTO_INCREMENT de la tabla `sismenuactions`
--
ALTER TABLE `sismenuactions`
  MODIFY `menuAccId` int(11) NOT NULL AUTO_INCREMENT, AUTO_INCREMENT=138;

--
-- AUTO_INCREMENT de la tabla `sisusers`
--
ALTER TABLE `sisusers`
  MODIFY `usrId` int(11) NOT NULL AUTO_INCREMENT, AUTO_INCREMENT=12;

--
-- AUTO_INCREMENT de la tabla `sucursal`
--
ALTER TABLE `sucursal`
  MODIFY `id_sucursal` int(11) NOT NULL AUTO_INCREMENT, AUTO_INCREMENT=2;

--
-- AUTO_INCREMENT de la tabla `tareas`
--
ALTER TABLE `tareas`
  MODIFY `id_tarea` int(11) NOT NULL AUTO_INCREMENT, AUTO_INCREMENT=23;

--
-- AUTO_INCREMENT de la tabla `tbl_detanotapedido`
--
ALTER TABLE `tbl_detanotapedido`
  MODIFY `id_detaNota` int(11) NOT NULL AUTO_INCREMENT, AUTO_INCREMENT=69;

--
-- AUTO_INCREMENT de la tabla `tbl_equipos`
--
ALTER TABLE `tbl_equipos`
  MODIFY `id_equipo` int(11) NOT NULL AUTO_INCREMENT, AUTO_INCREMENT=10;

--
-- AUTO_INCREMENT de la tabla `tbl_estado`
--
ALTER TABLE `tbl_estado`
  MODIFY `estadoid` int(11) NOT NULL AUTO_INCREMENT, AUTO_INCREMENT=13;

--
-- AUTO_INCREMENT de la tabla `tbl_listarea`
--
ALTER TABLE `tbl_listarea`
  MODIFY `id_listarea` int(11) NOT NULL AUTO_INCREMENT, AUTO_INCREMENT=272;

--
-- AUTO_INCREMENT de la tabla `tbl_listplantilla`
--
ALTER TABLE `tbl_listplantilla`
  MODIFY `id_detaplantilla` int(11) NOT NULL AUTO_INCREMENT, AUTO_INCREMENT=11;

--
-- AUTO_INCREMENT de la tabla `tbl_lote`
--
ALTER TABLE `tbl_lote`
  MODIFY `loteid` int(11) NOT NULL AUTO_INCREMENT, AUTO_INCREMENT=11;

--
-- AUTO_INCREMENT de la tabla `tbl_notapedido`
--
ALTER TABLE `tbl_notapedido`
  MODIFY `id_notaPedido` int(11) NOT NULL AUTO_INCREMENT, AUTO_INCREMENT=67;

--
-- AUTO_INCREMENT de la tabla `tbl_subsector`
--
ALTER TABLE `tbl_subsector`
  MODIFY `id_subsector` int(11) NOT NULL AUTO_INCREMENT, AUTO_INCREMENT=9;

--
-- AUTO_INCREMENT de la tabla `trj_nomenclador_motores`
--
ALTER TABLE `trj_nomenclador_motores`
  MODIFY `indice_id` int(11) NOT NULL AUTO_INCREMENT, AUTO_INCREMENT=445;

--
-- AUTO_INCREMENT de la tabla `trj_pedido_trabajo`
--
ALTER TABLE `trj_pedido_trabajo`
  MODIFY `petr_id` int(11) NOT NULL AUTO_INCREMENT, AUTO_INCREMENT=32;

--
-- Restricciones para tablas volcadas
--

--
-- Filtros para la tabla `admcredits`
--
ALTER TABLE `admcredits`
  ADD CONSTRAINT `admcredits_ibfk_2` FOREIGN KEY (`usrId`) REFERENCES `sisusers` (`usrId`) ON DELETE NO ACTION ON UPDATE CASCADE,
  ADD CONSTRAINT `admcredits_ibfk_3` FOREIGN KEY (`saleId`) REFERENCES `admsales` (`saleId`) ON DELETE NO ACTION ON UPDATE CASCADE;

--
-- Filtros para la tabla `admcustomerpreferences`
--
ALTER TABLE `admcustomerpreferences`
  ADD CONSTRAINT `cliId` FOREIGN KEY (`cliId`) REFERENCES `admcustomers` (`cliId`),
  ADD CONSTRAINT `sfamId` FOREIGN KEY (`sfamId`) REFERENCES `confsubfamily` (`sfamId`);

--
-- Filtros para la tabla `admproducts`
--
ALTER TABLE `admproducts`
  ADD CONSTRAINT `admproducts_ibfk_1` FOREIGN KEY (`sfamId`) REFERENCES `confsubfamily` (`sfamId`) ON UPDATE NO ACTION;

--
-- Filtros para la tabla `admsales`
--
ALTER TABLE `admsales`
  ADD CONSTRAINT `admsales_ibfk_2` FOREIGN KEY (`usrId`) REFERENCES `sisusers` (`usrId`) ON UPDATE CASCADE;

--
-- Filtros para la tabla `admsalesdetail`
--
ALTER TABLE `admsalesdetail`
  ADD CONSTRAINT `admsalesdetail_ibfk_1` FOREIGN KEY (`saleId`) REFERENCES `admsales` (`saleId`) ON UPDATE NO ACTION,
  ADD CONSTRAINT `admsalesdetail_ibfk_2` FOREIGN KEY (`prodId`) REFERENCES `admproducts` (`prodId`) ON UPDATE NO ACTION;

--
-- Filtros para la tabla `admstock`
--
ALTER TABLE `admstock`
  ADD CONSTRAINT `admstock_ibfk_1` FOREIGN KEY (`prodId`) REFERENCES `admproducts` (`prodId`) ON UPDATE CASCADE,
  ADD CONSTRAINT `admstock_ibfk_2` FOREIGN KEY (`usrId`) REFERENCES `sisusers` (`usrId`) ON UPDATE CASCADE;

--
-- Filtros para la tabla `articles`
--
ALTER TABLE `articles`
  ADD CONSTRAINT `articles_ibfk_1` FOREIGN KEY (`famId`) REFERENCES `conffamily` (`famId`);

--
-- Filtros para la tabla `confsubfamily`
--
ALTER TABLE `confsubfamily`
  ADD CONSTRAINT `famId` FOREIGN KEY (`famId`) REFERENCES `conffamily` (`famId`);

--
-- Filtros para la tabla `tbl_detanotapedido`
--
ALTER TABLE `tbl_detanotapedido`
  ADD CONSTRAINT `tbl_detanotapedido_ibfk_1` FOREIGN KEY (`id_notaPedido`) REFERENCES `tbl_notapedido` (`id_notaPedido`) ON DELETE CASCADE ON UPDATE CASCADE;

--
-- Filtros para la tabla `tbl_equipos`
--
ALTER TABLE `tbl_equipos`
  ADD CONSTRAINT `tbl_equipos_ibfk_1` FOREIGN KEY (`id_subsector`) REFERENCES `tbl_subsector` (`id_subsector`) ON DELETE CASCADE ON UPDATE CASCADE;

--
-- Filtros para la tabla `tbl_listplantilla`
--
ALTER TABLE `tbl_listplantilla`
  ADD CONSTRAINT `tbl_listplantilla_ibfk_1` FOREIGN KEY (`id_plantilla`) REFERENCES `plantilla` (`id_plantilla`) ON DELETE CASCADE ON UPDATE CASCADE,
  ADD CONSTRAINT `tbl_listplantilla_ibfk_2` FOREIGN KEY (`id_tarea`) REFERENCES `tareas` (`id_tarea`) ON DELETE CASCADE ON UPDATE CASCADE;
COMMIT;

/*!40101 SET CHARACTER_SET_CLIENT=@OLD_CHARACTER_SET_CLIENT */;
/*!40101 SET CHARACTER_SET_RESULTS=@OLD_CHARACTER_SET_RESULTS */;
/*!40101 SET COLLATION_CONNECTION=@OLD_COLLATION_CONNECTION */;
