<?xml version="1.0" encoding="UTF-8" standalone="yes"?>
<actorMappings:actorMappings xmlns:actorMappings="http://www.bonitasoft.org/ns/actormapping/6.0">
    <actorMapping name="Employee actor">
        <users/>
        <groups>
            <group>/Dirección</group>
        </groups>
        <roles/>
        <memberships/>
    </actorMapping>
    <actorMapping name="Comercial">
        <users/>
        <groups>
            <group>/Dirección/Gerencia General/Comercial</group>
        </groups>
        <roles/>
        <memberships/>
    </actorMapping>
    <actorMapping name="Control Gestión">
        <users/>
        <groups>
            <group>/Dirección/Gerencia General/Control de Gestón</group>
        </groups>
        <roles/>
        <memberships/>
    </actorMapping>
    <actorMapping name="Abastecimiento">
        <users/>
        <groups>
            <group>/Dirección/Gerencia General/Abastecimiento</group>
        </groups>
        <roles/>
        <memberships/>
    </actorMapping>
    <actorMapping name="Producción">
        <users/>
        <groups>
            <group>/Dirección/Gerencia General/Producción</group>
        </groups>
        <roles/>
        <memberships/>
    </actorMapping>
    <actorMapping name="Administración">
        <users/>
        <groups>
            <group>/Dirección/Gerencia General/Administración y Finanzas</group>
        </groups>
        <roles/>
        <memberships/>
    </actorMapping>
    <actorMapping name="Jefe de Producción">
        <users/>
        <groups/>
        <roles/>
        <memberships>
            <membership>
                <role>Jefe de producción</role>
                <group>/Dirección/Gerencia General/Producción</group>
            </membership>
        </memberships>
    </actorMapping>
    <actorMapping name="Jefe Técnico">
        <users/>
        <groups/>
        <roles/>
        <memberships>
            <membership>
                <role>Jefe técnico</role>
                <group>/Dirección/Gerencia General/Producción/Jefatura Técnica</group>
            </membership>
        </memberships>
    </actorMapping>
</actorMappings:actorMappings>
