-- phpMyAdmin SQL Dump
-- version 4.7.7
-- https://www.phpmyadmin.net/
--
-- Servidor: localhost
-- Tiempo de generación: 21-09-2018 a las 18:07:50
-- Versión del servidor: 10.1.30-MariaDB
-- Versión de PHP: 7.2.1

SET SQL_MODE = "NO_AUTO_VALUE_ON_ZERO";
SET AUTOCOMMIT = 0;
START TRANSACTION;
SET time_zone = "+00:00";


/*!40101 SET @OLD_CHARACTER_SET_CLIENT=@@CHARACTER_SET_CLIENT */;
/*!40101 SET @OLD_CHARACTER_SET_RESULTS=@@CHARACTER_SET_RESULTS */;
/*!40101 SET @OLD_COLLATION_CONNECTION=@@COLLATION_CONNECTION */;
/*!40101 SET NAMES utf8mb4 */;

--
-- Base de datos: `hugo`
--

-- --------------------------------------------------------

--
-- Estructura de tabla para la tabla `frm_categorias`
--

CREATE TABLE `frm_categorias` (
  `CATE_ID` int(11) NOT NULL,
  `NOMBRE` varchar(1000) CHARACTER SET latin1 NOT NULL,
  `PISTA` varchar(2000) CHARACTER SET latin1 DEFAULT NULL,
  `FEC_CREACION` timestamp NOT NULL DEFAULT CURRENT_TIMESTAMP,
  `FORM_ID` int(11) NOT NULL,
  `ORDEN` int(11) DEFAULT NULL
) ENGINE=InnoDB DEFAULT CHARSET=utf8 COLLATE=utf8_spanish_ci;

--
-- Volcado de datos para la tabla `frm_categorias`
--

INSERT INTO `frm_categorias` (`CATE_ID`, `NOMBRE`, `PISTA`, `FEC_CREACION`, `FORM_ID`, `ORDEN`) VALUES
(8000, 'Integrandonos:', NULL, '2018-09-21 15:41:21', 8000, 1);

-- --------------------------------------------------------

--
-- Estructura de tabla para la tabla `frm_formularios`
--

CREATE TABLE `frm_formularios` (
  `form_id` int(11) NOT NULL,
  `nombre` varchar(1000) NOT NULL,
  `descripcion` varchar(3000) DEFAULT NULL,
  `habilitado` tinyint(1) NOT NULL DEFAULT '1',
  `fec_creacion` timestamp NOT NULL DEFAULT CURRENT_TIMESTAMP,
  `fec_deprecado` timestamp NULL DEFAULT NULL,
  `usuario` varchar(100) DEFAULT NULL
) ENGINE=InnoDB DEFAULT CHARSET=latin1;

--
-- Volcado de datos para la tabla `frm_formularios`
--

INSERT INTO `frm_formularios` (`form_id`, `nombre`, `descripcion`, `habilitado`, `fec_creacion`, `fec_deprecado`, `usuario`) VALUES
(8000, 'El Capria del Futuro', NULL, 1, '2018-09-21 15:40:59', NULL, NULL);

-- --------------------------------------------------------

--
-- Estructura de tabla para la tabla `frm_grupos`
--

CREATE TABLE `frm_grupos` (
  `GRUP_ID` int(11) NOT NULL,
  `NOMBRE` varchar(1000) NOT NULL,
  `PISTA` varchar(1000) DEFAULT NULL,
  `FEC_CREACION` timestamp NOT NULL DEFAULT CURRENT_TIMESTAMP,
  `CATE_ID` int(11) DEFAULT NULL,
  `ORDEN` int(11) DEFAULT NULL
) ENGINE=InnoDB DEFAULT CHARSET=latin1;

--
-- Volcado de datos para la tabla `frm_grupos`
--

INSERT INTO `frm_grupos` (`GRUP_ID`, `NOMBRE`, `PISTA`, `FEC_CREACION`, `CATE_ID`, `ORDEN`) VALUES
(1, 'A-Turbina', NULL, '2018-07-28 15:53:39', 1, 1),
(2, 'B-Rueda Compresora', NULL, '2018-07-28 16:01:40', 1, 2),
(3, 'C-Carcaza de Admision', NULL, '2018-07-28 16:03:06', 1, 3),
(4, 'D-Carcaza de Escape', NULL, '2018-07-28 16:04:05', 1, 4),
(5, 'E-Valvula WG', NULL, '2018-07-28 16:05:18', 1, 5),
(6, 'F-Valvula Electronica Geo Variable', NULL, '2018-07-28 16:06:03', 1, 6),
(7, 'G-Valvula Comandada por WG', NULL, '2018-07-28 16:07:51', 1, 7),
(8, 'H-Mecanismo de Geo Variable', NULL, '2018-07-28 16:08:38', 1, 8),
(9, '1-Eje:', NULL, '2018-07-28 16:16:25', 2, 1),
(10, '2-Cuerpo', NULL, '2018-07-28 16:20:01', 2, 2),
(11, '3-Placa Trasera ', NULL, '2018-07-28 16:21:47', 2, 3),
(12, '4-Sistema Axial', NULL, '2018-07-28 16:23:15', 2, 4),
(13, '5-Aros', NULL, '2018-07-28 16:24:22', 2, 5),
(14, '6-Bujes', NULL, '2018-07-28 16:24:28', 2, 6),
(15, 'Descripcion De Bomba:', NULL, '2018-07-28 17:04:30', 3, 1),
(16, 'Descripcio de Inyectores:', NULL, '2018-07-28 17:06:55', 3, 2),
(17, '', NULL, '2018-07-28 17:15:26', 4, 1),
(18, '1-Tapa Valvula', NULL, '2018-07-28 17:18:20', 5, 1),
(19, '2-Tapa Distribucion', NULL, '2018-07-28 17:21:38', 5, 2),
(20, '3-Carter', NULL, '2018-07-28 17:23:19', 5, 3),
(21, '4-Carcaza Cubre Volante', NULL, '2018-07-28 17:24:48', 5, 4),
(22, '5-Laterales de Block (inspeccion)', NULL, '2018-07-28 17:26:34', 5, 5),
(23, '1-Volante', NULL, '2018-07-28 17:33:40', 6, 1),
(24, '2-Corona de Arranque', NULL, '2018-07-28 17:33:56', 6, 2),
(25, '3-Polea de Cigueñal', NULL, '2018-07-28 17:34:10', 6, 3),
(26, '4-Engranaje de Distribucion', NULL, '2018-07-28 17:35:12', 6, 4),
(27, '5-Cadena de Distribucion ', NULL, '2018-07-28 17:35:32', 6, 5),
(28, '6-Tensor y Patin de Cadena', NULL, '2018-07-28 17:42:47', 6, 6),
(29, '7-Placa y Disco Embrague', NULL, '2018-07-28 17:43:53', 6, 7),
(30, '8-Paleta de Ventilador', NULL, '2018-07-28 17:45:59', 6, 8),
(31, '9-Poleas de Accesorios (Bomba de Agua)', NULL, '2018-07-28 17:51:54', 6, 9),
(32, '10-Polea Multicanal', NULL, '2018-07-28 17:56:28', 6, 10),
(33, '11-Tensores Multicanal', NULL, '2018-07-28 17:56:38', 6, 11),
(34, '1-Bomba de Aceite', NULL, '2018-07-28 18:00:26', 7, 1),
(35, '2-Bulbo Presion de Aceite', NULL, '2018-07-28 18:01:13', 7, 2),
(36, '3-Tubo Carga de Aceite', NULL, '2018-07-28 18:01:24', 7, 3),
(37, '4-Tubo de Alimentacion de Turbo', NULL, '2018-07-28 18:01:33', 7, 4),
(38, '5-Tubo Retorno de Turbo', NULL, '2018-07-28 18:01:45', 7, 5),
(39, '6-Tubo Porta Varilla de Aceite', NULL, '2018-07-28 18:01:53', 7, 6),
(40, '7- Varilla de Aceite', NULL, '2018-07-28 18:02:25', 7, 7),
(41, '8-Porta Filtro de Aceite Inferior', NULL, '2018-07-28 18:07:04', 7, 8),
(42, '9-Porta Filtro de Aceite Superior', NULL, '2018-07-28 18:07:16', 7, 9),
(43, '10-Respiradero de Motor', NULL, '2018-07-28 18:07:27', 7, 10),
(44, '11-Tubos de Lubricacion de Accesorios', NULL, '2018-07-28 18:07:44', 7, 11),
(45, '12-Chupador de Bomba de Aceite', NULL, '2018-07-28 18:08:04', 7, 12),
(46, '13-Radiador de Aceite', NULL, '2018-07-28 18:08:18', 7, 13),
(47, '1-Bomba de Agua', NULL, '2018-07-28 18:22:31', 8, 1),
(48, '2-Bulbo de Temperatura', NULL, '2018-07-28 18:22:47', 8, 2),
(49, '3-Termostato', NULL, '2018-07-28 18:22:54', 8, 3),
(50, '4-Porta Termostato Inferior', NULL, '2018-07-28 18:23:03', 8, 4),
(51, '5-Porta Termostato Superior', NULL, '2018-07-28 18:23:13', 8, 5),
(52, '6-Inter Cooler', NULL, '2018-07-28 18:23:24', 8, 6),
(53, '7-Polea de Ventilador', NULL, '2018-07-28 18:23:35', 8, 7),
(54, '8-Tuberia de Accesorios de Agua', NULL, '2018-07-28 18:23:44', 8, 8),
(55, '9-Tuberia de Agua Turbo', NULL, '2018-07-28 18:23:55', 8, 9),
(56, '10- Mangueras de Agua', NULL, '2018-07-28 18:24:11', 8, 10),
(57, '1-Bomba Inyectora', NULL, '2018-07-28 18:39:54', 9, 1),
(58, '2-Bomba de Presion Principal', NULL, '2018-07-28 18:41:44', 9, 2),
(59, '3-Inyectores', NULL, '2018-07-28 18:43:54', 9, 3),
(60, '4-Bujias de Precalentamiento', NULL, '2018-07-28 18:45:06', 9, 4),
(61, '5-Tubos de Inyectores', NULL, '2018-07-28 18:46:51', 9, 5),
(62, '6-Tubo Alimentador Comb.', NULL, '2018-07-28 18:48:20', 9, 6),
(63, '7-Tubo Retorno Comb.', NULL, '2018-07-28 18:51:39', 9, 7),
(64, '8-Porta Filtro de Aire', NULL, '2018-07-28 18:53:49', 9, 8),
(65, '9-Sistema de Aceleracion', NULL, '2018-07-28 18:54:46', 9, 9),
(66, '10-Sistema de Arranque y Parada', NULL, '2018-07-28 18:56:05', 9, 10),
(67, '11-Sistema de Purgado', NULL, '2018-07-28 18:57:53', 9, 11),
(68, '12-Porta Filtro de Combustible', NULL, '2018-07-28 18:59:52', 9, 12),
(69, '13-Multiple de Admision', NULL, '2018-07-28 19:01:33', 9, 13),
(70, 'a)Inyectores', NULL, '2018-07-28 19:07:18', 10, 1),
(71, 'b)Motores PAP', NULL, '2018-07-28 19:07:33', 10, 2),
(72, 'c)Bomba Alimentador', NULL, '2018-07-28 19:07:52', 10, 3),
(73, 'd)Tubos Distribucion', NULL, '2018-07-28 19:08:06', 10, 4),
(74, 'e)Porta Filtros', NULL, '2018-07-28 19:08:24', 10, 5),
(75, 'f)Tubos de Retorno', NULL, '2018-07-28 19:08:38', 10, 6),
(77, '15-Bomba Alimentadora', NULL, '2018-07-28 22:42:55', 10, 8),
(78, '16-Cañerias de Combustible en General', NULL, '2018-07-28 22:43:15', 10, 9),
(79, '17-Valvulas de Sobre Presion de Combustible', NULL, '2018-07-28 22:43:28', 10, 10),
(80, '', NULL, '2018-07-28 23:04:07', 11, 1),
(81, 'Levas Admision', NULL, '2018-07-28 23:07:10', 12, 1),
(82, 'Levas Escape', NULL, '2018-07-28 23:07:17', 12, 2),
(83, 'Apoyo de Levas', NULL, '2018-07-28 23:07:25', 12, 3),
(85, '', NULL, '2018-07-28 23:12:17', 13, 1),
(86, '', NULL, '2018-07-28 23:13:47', 14, 1),
(87, 'Levas Admision', NULL, '2018-07-28 23:17:10', 15, 1),
(88, 'Levas Escape:', NULL, '2018-07-28 23:17:57', 15, 2),
(89, 'Apoyo de Leva:', NULL, '2018-07-28 23:18:49', 15, 3),
(90, '1 – Roscas Internas', NULL, '2018-07-28 23:21:58', 16, 1),
(91, '2 – Chavetero', NULL, '2018-07-28 23:22:04', 16, 2),
(92, ' 3 – Brida', NULL, '2018-07-28 23:22:10', 16, 3),
(93, '4 – Otros', NULL, '2018-07-28 23:22:17', 16, 4),
(94, '', NULL, '2018-07-28 23:23:05', 17, 1),
(95, '', NULL, '2018-07-28 23:23:11', 18, 1),
(96, '', NULL, '2018-07-28 23:29:50', 19, 1),
(97, '01', NULL, '2018-07-28 23:30:59', 20, 1),
(98, '02', NULL, '2018-07-28 23:31:01', 20, 2),
(99, '03', NULL, '2018-07-28 23:31:04', 20, 3),
(101, '04', NULL, '2018-07-28 23:33:30', 20, 4),
(102, '05', NULL, '2018-07-28 23:33:32', 20, 5),
(103, '06', NULL, '2018-07-28 23:33:35', 20, 6),
(104, '07', NULL, '2018-07-28 23:33:40', 20, 7),
(105, '08', NULL, '2018-07-28 23:33:47', 20, 8),
(106, '09', NULL, '2018-07-28 23:33:51', 20, 9),
(107, '10', NULL, '2018-07-28 23:33:54', 20, 10),
(108, '11', NULL, '2018-07-28 23:33:56', 20, 11),
(109, '12', NULL, '2018-07-28 23:33:58', 20, 12),
(110, '13', NULL, '2018-07-28 23:34:00', 20, 13),
(111, '14', NULL, '2018-07-28 23:34:03', 20, 14),
(112, '15', NULL, '2018-07-28 23:34:06', 20, 15),
(113, '16', NULL, '2018-07-28 23:34:09', 20, 16),
(114, 'n', NULL, '2018-07-28 23:34:12', 20, 17),
(122, '01', NULL, '2018-07-28 23:45:30', 21, 1),
(123, '02', NULL, '2018-07-28 23:45:32', 21, 2),
(124, '03', NULL, '2018-07-28 23:45:35', 21, 3),
(125, '04', NULL, '2018-07-28 23:45:37', 21, 4),
(126, '05', NULL, '2018-07-28 23:45:39', 21, 5),
(127, '06', NULL, '2018-07-28 23:45:41', 21, 6),
(128, '07', NULL, '2018-07-28 23:45:45', 21, 7),
(129, '08', NULL, '2018-07-28 23:45:48', 21, 8),
(130, '09', NULL, '2018-07-28 23:45:51', 21, 9),
(131, '10', NULL, '2018-07-28 23:45:53', 21, 10),
(132, '11', NULL, '2018-07-28 23:45:55', 21, 11),
(133, '12', NULL, '2018-07-28 23:45:57', 21, 12),
(134, '13', NULL, '2018-07-28 23:46:00', 21, 13),
(135, '14', NULL, '2018-07-28 23:46:03', 21, 14),
(136, '15', NULL, '2018-07-28 23:46:06', 21, 15),
(137, '16', NULL, '2018-07-28 23:46:09', 21, 16),
(138, 'n', NULL, '2018-07-28 23:46:11', 21, 17),
(140, '', NULL, '2018-07-28 23:50:10', 22, 1),
(141, '01', NULL, '2018-07-28 23:51:32', 22, 2),
(142, '02', NULL, '2018-07-28 23:51:34', 22, 3),
(143, '03', NULL, '2018-07-29 00:01:37', 22, 4),
(144, '04', NULL, '2018-07-29 00:01:42', 22, 5),
(145, '05', NULL, '2018-07-29 00:01:45', 22, 6),
(146, '06', NULL, '2018-07-29 00:01:48', 22, 7),
(147, '07', NULL, '2018-07-29 00:02:04', 22, 8),
(148, '08', NULL, '2018-07-29 00:02:07', 22, 9),
(149, '09', NULL, '2018-07-29 00:02:11', 22, 10),
(150, '10', NULL, '2018-07-29 00:02:15', 22, 11),
(151, '11', NULL, '2018-07-29 00:02:17', 22, 12),
(152, '12', NULL, '2018-07-29 00:02:19', 22, 13),
(153, '13', NULL, '2018-07-29 00:02:22', 22, 14),
(154, '14', NULL, '2018-07-29 00:02:25', 22, 15),
(155, '15', NULL, '2018-07-29 00:02:28', 22, 16),
(156, '16', NULL, '2018-07-29 00:02:32', 22, 17),
(157, 'N', NULL, '2018-07-29 00:02:35', 22, 18),
(158, '', NULL, '2018-07-29 00:15:10', 23, 1),
(159, '01', NULL, '2018-07-29 00:15:44', 23, 2),
(160, '02', NULL, '2018-07-29 00:15:48', 23, 3),
(161, '03', NULL, '2018-07-29 00:15:52', 23, 4),
(162, '04', NULL, '2018-07-29 00:15:56', 23, 5),
(163, '05', NULL, '2018-07-29 00:15:59', 23, 6),
(164, '06', NULL, '2018-07-29 00:16:05', 23, 7),
(165, '07', NULL, '2018-07-29 00:16:08', 23, 8),
(166, '08', NULL, '2018-07-29 00:16:10', 23, 9),
(167, '09', NULL, '2018-07-29 00:16:13', 23, 10),
(168, '10', NULL, '2018-07-29 00:16:16', 23, 11),
(169, '11', NULL, '2018-07-29 00:16:18', 23, 12),
(170, '12', NULL, '2018-07-29 00:16:20', 23, 13),
(171, '13', NULL, '2018-07-29 00:16:22', 23, 14),
(172, '14', NULL, '2018-07-29 00:16:24', 23, 15),
(173, '15', NULL, '2018-07-29 00:16:27', 23, 16),
(174, '16', NULL, '2018-07-29 00:16:30', 23, 17),
(175, 'n', NULL, '2018-07-29 00:16:32', 23, 18),
(176, '01', NULL, '2018-07-29 04:22:29', 24, 1),
(177, '02', NULL, '2018-07-29 04:22:46', 24, 2),
(178, '03', NULL, '2018-07-29 04:22:54', 24, 3),
(179, '04', NULL, '2018-07-29 04:23:05', 24, 4),
(180, '05', NULL, '2018-07-29 04:23:13', 24, 5),
(181, '06', NULL, '2018-07-29 04:25:22', 24, 6),
(182, '07', NULL, '2018-07-29 04:25:30', 24, 7),
(183, '08', NULL, '2018-07-29 04:25:38', 24, 8),
(184, '09', NULL, '2018-07-29 04:25:49', 24, 9),
(185, '10', NULL, '2018-07-29 04:25:59', 24, 10),
(186, '11', NULL, '2018-07-29 04:26:05', 24, 11),
(187, '12', NULL, '2018-07-29 04:26:12', 24, 12),
(188, '13', NULL, '2018-07-29 04:26:20', 24, 13),
(189, '14', NULL, '2018-07-29 04:26:30', 24, 14),
(190, '15', NULL, '2018-07-29 04:26:39', 24, 15),
(191, '16', NULL, '2018-07-29 04:26:48', 24, 16),
(192, 'n', NULL, '2018-07-29 04:26:57', 24, 17),
(193, '', NULL, '2018-07-29 04:28:23', 25, 1),
(194, '01', NULL, '2018-07-29 04:29:28', 25, 2),
(195, '02', NULL, '2018-07-29 04:29:34', 25, 3),
(196, '03', NULL, '2018-07-29 04:30:06', 25, 4),
(197, '04', NULL, '2018-07-29 04:30:13', 25, 5),
(198, '05', NULL, '2018-07-29 04:30:24', 25, 6),
(199, '06', NULL, '2018-07-29 04:30:33', 25, 7),
(200, '07', NULL, '2018-07-29 04:30:38', 25, 8),
(201, '08', NULL, '2018-07-29 04:30:43', 25, 9),
(202, '09', NULL, '2018-07-29 04:30:47', 25, 10),
(203, '10', NULL, '2018-07-29 04:30:50', 25, 11),
(204, '11', NULL, '2018-07-29 04:30:52', 25, 12),
(205, '12', NULL, '2018-07-29 04:30:54', 25, 13),
(206, '13', NULL, '2018-07-29 04:30:57', 25, 14),
(207, '14', NULL, '2018-07-29 04:31:00', 25, 15),
(208, '15', NULL, '2018-07-29 04:31:04', 25, 16),
(209, '16', NULL, '2018-07-29 04:31:07', 25, 17),
(210, 'n', NULL, '2018-07-29 04:31:10', 25, 18),
(211, '01', NULL, '2018-07-29 04:32:56', 26, 1),
(212, '02', NULL, '2018-07-29 04:32:59', 26, 2),
(213, '03', NULL, '2018-07-29 04:33:02', 26, 3),
(214, '04', NULL, '2018-07-29 04:33:04', 26, 4),
(215, '05', NULL, '2018-07-29 04:33:07', 26, 5),
(216, '06', NULL, '2018-07-29 04:33:10', 26, 6),
(217, '07', NULL, '2018-07-29 04:33:13', 26, 7),
(218, '08', NULL, '2018-07-29 04:33:17', 26, 8),
(219, '09', NULL, '2018-07-29 04:33:20', 26, 9),
(220, '10', NULL, '2018-07-29 04:33:25', 26, 10),
(221, '11', NULL, '2018-07-29 04:33:26', 26, 11),
(222, '12', NULL, '2018-07-29 04:33:28', 26, 12),
(223, '13', NULL, '2018-07-29 04:33:31', 26, 13),
(224, '14', NULL, '2018-07-29 04:33:34', 26, 14),
(225, '15', NULL, '2018-07-29 04:33:36', 26, 15),
(226, '16', NULL, '2018-07-29 04:33:43', 26, 16),
(227, 'n', NULL, '2018-07-29 04:33:46', 26, 17),
(228, '01', NULL, '2018-07-29 04:35:48', 27, 1),
(229, '02', NULL, '2018-07-29 04:35:51', 27, 2),
(230, '03', NULL, '2018-07-29 04:35:56', 27, 3),
(231, '04', NULL, '2018-07-29 04:35:59', 27, 4),
(232, '05', NULL, '2018-07-29 04:36:03', 27, 5),
(233, '06', NULL, '2018-07-29 04:36:06', 27, 6),
(234, '07', NULL, '2018-07-29 04:36:13', 27, 7),
(235, '08', NULL, '2018-07-29 04:36:16', 27, 8),
(236, '09', NULL, '2018-07-29 04:36:20', 27, 9),
(237, '10', NULL, '2018-07-29 04:36:23', 27, 10),
(238, '11', NULL, '2018-07-29 04:36:25', 27, 11),
(239, '12', NULL, '2018-07-29 04:36:27', 27, 12),
(240, '13', NULL, '2018-07-29 04:36:29', 27, 13),
(241, '14', NULL, '2018-07-29 04:36:32', 27, 14),
(242, '15', NULL, '2018-07-29 04:36:35', 27, 15),
(243, '16', NULL, '2018-07-29 04:36:38', 27, 16),
(244, 'n', NULL, '2018-07-29 04:36:41', 27, 17),
(245, '01', NULL, '2018-07-29 04:50:09', 28, 1),
(246, '02', NULL, '2018-07-29 04:50:12', 28, 2),
(247, '03', NULL, '2018-07-29 04:50:15', 28, 3),
(248, '04', NULL, '2018-07-29 04:50:18', 28, 4),
(249, '05', NULL, '2018-07-29 04:50:20', 28, 5),
(250, '06', NULL, '2018-07-29 04:50:22', 28, 6),
(251, '07', NULL, '2018-07-29 04:50:25', 28, 7),
(252, '08', NULL, '2018-07-29 04:50:27', 28, 8),
(253, '09', NULL, '2018-07-29 04:50:30', 28, 9),
(254, '10', NULL, '2018-07-29 04:50:32', 28, 10),
(255, '11', NULL, '2018-07-29 04:50:34', 28, 11),
(256, '12', NULL, '2018-07-29 04:50:36', 28, 12),
(257, '13', NULL, '2018-07-29 04:50:38', 28, 13),
(258, '14', NULL, '2018-07-29 04:50:40', 28, 14),
(259, '15', NULL, '2018-07-29 04:50:42', 28, 15),
(260, '16', NULL, '2018-07-29 04:50:44', 28, 16),
(261, 'n', NULL, '2018-07-29 04:50:46', 28, 17),
(262, '01', NULL, '2018-07-29 04:52:05', 29, 1),
(263, '02', NULL, '2018-07-29 04:52:09', 29, 2),
(264, '03', NULL, '2018-07-29 04:52:16', 29, 3),
(265, '04', NULL, '2018-07-29 04:52:22', 29, 4),
(266, '05', NULL, '2018-07-29 04:52:27', 29, 5),
(267, '06', NULL, '2018-07-29 04:52:33', 29, 6),
(268, '07', NULL, '2018-07-29 04:52:39', 29, 7),
(269, '08', NULL, '2018-07-29 04:52:45', 29, 8),
(270, '09', NULL, '2018-07-29 04:52:53', 29, 9),
(271, '10', NULL, '2018-07-29 04:52:59', 29, 10),
(272, '11', NULL, '2018-07-29 04:53:04', 29, 11),
(273, '12', NULL, '2018-07-29 04:53:09', 29, 12),
(274, '13', NULL, '2018-07-29 04:53:15', 29, 13),
(275, '14', NULL, '2018-07-29 04:53:23', 29, 14),
(276, '15', NULL, '2018-07-29 04:53:30', 29, 15),
(277, '16', NULL, '2018-07-29 04:53:38', 29, 16),
(278, 'n', NULL, '2018-07-29 04:53:43', 29, 17),
(279, '', NULL, '2018-07-29 14:23:41', 30, 1),
(292, 'Medida:', NULL, '2018-07-29 14:27:00', 31, 1),
(293, 'Medida:', NULL, '2018-07-29 14:27:02', 31, 2),
(294, 'Medida:', NULL, '2018-07-29 14:27:09', 31, 3),
(295, 'Medida:', NULL, '2018-07-29 14:27:11', 31, 4),
(296, 'Medida:', NULL, '2018-07-29 14:27:13', 31, 5),
(297, 'Medida:', NULL, '2018-07-29 14:27:15', 31, 6),
(298, 'Medida:', NULL, '2018-07-29 14:27:16', 31, 7),
(299, 'Medida:', NULL, '2018-07-29 14:27:19', 31, 8),
(300, 'Medida:', NULL, '2018-07-29 14:27:22', 31, 9),
(301, 'Medida:', NULL, '2018-07-29 14:27:24', 31, 10),
(302, '', NULL, '2018-07-29 14:28:41', 31, 11),
(303, 'Medida:', NULL, '2018-07-29 14:31:50', 32, 1),
(304, 'Medida:', NULL, '2018-07-29 14:31:52', 32, 2),
(305, 'Medida:', NULL, '2018-07-29 14:31:54', 32, 3),
(306, 'Medida:', NULL, '2018-07-29 14:31:55', 32, 4),
(307, 'Medida:', NULL, '2018-07-29 14:31:57', 32, 5),
(308, 'Medida:', NULL, '2018-07-29 14:31:59', 32, 6),
(309, 'Medida:', NULL, '2018-07-29 14:32:01', 32, 7),
(310, 'Medida:', NULL, '2018-07-29 14:32:02', 32, 8),
(311, 'Medida:', NULL, '2018-07-29 14:32:04', 32, 9),
(312, 'Medida:', NULL, '2018-07-29 14:32:06', 32, 10),
(313, '', NULL, '2018-07-29 14:34:13', 32, 11),
(314, '', NULL, '2018-07-29 14:43:33', 33, 1),
(327, 'Superior:', NULL, '2018-07-29 14:47:14', 34, 1),
(328, 'Inferior:', NULL, '2018-07-29 14:47:19', 34, 2),
(329, 'Frontal:', NULL, '2018-07-29 14:47:24', 34, 3),
(330, 'Trasero:', NULL, '2018-07-29 14:47:30', 34, 4),
(331, 'Planos Multiples:', NULL, '2018-07-29 14:47:39', 34, 5),
(332, 'Roscas Internas:', NULL, '2018-07-29 14:48:16', 35, 1),
(333, 'Prisioneros:', NULL, '2018-07-29 14:48:25', 35, 2),
(334, 'Agua:', NULL, '2018-07-29 14:48:55', 36, 1),
(335, 'Aceite:', NULL, '2018-07-29 14:49:01', 36, 2),
(336, 'Alojamiento:', NULL, '2018-07-29 14:50:55', 37, 1),
(337, 'Bases:', NULL, '2018-07-29 14:50:59', 37, 2),
(338, 'Medida:', NULL, '2018-07-29 14:51:52', 38, 1),
(339, 'Medida:', NULL, '2018-07-29 14:52:14', 38, 2),
(340, 'Medida:', NULL, '2018-07-29 14:52:16', 38, 3),
(341, 'Medida:', NULL, '2018-07-29 14:52:18', 38, 4),
(342, 'Medida:', NULL, '2018-07-29 14:52:20', 38, 5),
(343, 'Medida:', NULL, '2018-07-29 14:52:22', 38, 6),
(344, 'Medida:', NULL, '2018-07-29 14:52:25', 38, 7),
(345, 'Medida:', NULL, '2018-07-29 14:52:27', 38, 8),
(346, 'Medida:', NULL, '2018-07-29 14:52:30', 38, 9),
(349, 'Banc 1', NULL, '2018-07-29 14:55:11', 39, 1),
(350, 'Banc 2', NULL, '2018-07-29 14:55:14', 39, 2),
(351, 'Banc 3', NULL, '2018-07-29 14:55:19', 39, 3),
(352, 'Banc 4', NULL, '2018-07-29 14:55:22', 39, 4),
(353, 'Banc 5', NULL, '2018-07-29 14:55:25', 39, 5),
(354, 'Banc 6', NULL, '2018-07-29 14:55:28', 39, 6),
(355, 'Banc 7', NULL, '2018-07-29 14:55:34', 39, 7),
(356, 'Banc n', NULL, '2018-07-29 14:55:39', 39, 8),
(357, 'Banc 1', NULL, '2018-07-29 14:58:27', 40, 1),
(358, 'Banc 2', NULL, '2018-07-29 14:58:30', 40, 2),
(359, 'Banc 3', NULL, '2018-07-29 14:58:34', 40, 3),
(360, 'Banc 4 ', NULL, '2018-07-29 14:58:37', 40, 4),
(361, 'Banc 5', NULL, '2018-07-29 14:58:40', 40, 5),
(362, 'Banc 6', NULL, '2018-07-29 14:58:44', 40, 6),
(363, 'Banc n', NULL, '2018-07-29 14:58:48', 40, 7),
(364, 'Indique Estado de Guias:', NULL, '2018-07-29 14:59:58', 40, 8),
(365, 'Medida:', NULL, '2018-07-29 15:01:12', 41, 1),
(366, 'Medida:', NULL, '2018-07-29 15:01:14', 41, 2),
(367, 'Medida:', NULL, '2018-07-29 15:01:16', 41, 3),
(368, 'Medida:', NULL, '2018-07-29 15:01:18', 41, 4),
(369, 'Medida:', NULL, '2018-07-29 15:01:21', 41, 5),
(370, '', NULL, '2018-07-29 15:02:51', 42, 1),
(371, '', NULL, '2018-07-29 15:07:16', 43, 1),
(372, '1 - Altura de Tapa', NULL, '2018-07-29 15:08:07', 44, 1),
(373, '2 - Control de Planos', NULL, '2018-07-29 15:08:28', 44, 2),
(374, '3 – Fisuras Expuestas', NULL, '2018-07-29 15:08:41', 44, 3),
(375, '', NULL, '2018-07-29 15:22:46', 45, 1),
(376, 'Sup. Base Bomba de Agua', NULL, '2018-07-29 15:28:19', 46, 1),
(377, 'Sup. Base Admision – Escape', NULL, '2018-07-29 15:28:26', 46, 2),
(378, 'Sup. Base Taba Valvulas', NULL, '2018-07-29 15:28:34', 46, 3),
(379, 'Otros', NULL, '2018-07-29 15:28:42', 46, 4),
(380, 'Conductos de Lubricacion:', NULL, '2018-07-29 15:30:58', 47, 1),
(381, 'Conductos de Refrigeracion:', NULL, '2018-07-29 15:31:13', 47, 2),
(382, 'Comunicados', NULL, '2018-07-29 15:31:24', 47, 3),
(383, '', NULL, '2018-07-29 15:35:40', 48, 1),
(384, 'Observaciones:', NULL, '2018-07-29 15:35:52', 48, 2),
(385, 'Prisioneros:', NULL, '2018-07-29 15:39:57', 49, 1),
(386, 'Roscas Internas:', NULL, '2018-07-29 15:40:06', 49, 2),
(387, 'Agujeros:', NULL, '2018-07-29 15:40:14', 49, 3),
(388, '', NULL, '2018-07-29 15:41:59', 50, 1),
(389, 'Observaciones:', NULL, '2018-07-29 15:42:46', 50, 2),
(390, '', NULL, '2018-07-29 15:43:36', 51, 1),
(391, '', NULL, '2018-07-29 15:46:02', 52, 1),
(392, '', NULL, '2018-07-29 15:49:36', 53, 1),
(393, 'Tension de Precamara:', NULL, '2018-07-29 15:50:45', 54, 1),
(394, 'Tension de Carga:', NULL, '2018-07-29 15:50:52', 54, 2),
(395, 'Cambiar:', NULL, '2018-07-29 15:50:59', 54, 3),
(396, 'Observaciones:', NULL, '2018-07-29 15:51:06', 54, 4),
(397, 'Seguros:', NULL, '2018-07-29 15:54:21', 55, 1),
(398, 'Platillos:', NULL, '2018-07-29 15:54:29', 55, 2),
(399, '', NULL, '2018-07-29 16:05:50', 56, 1),
(400, '', NULL, '2018-07-29 16:06:50', 57, 1),
(401, '', NULL, '2018-07-29 16:11:04', 59, 1),
(402, '', NULL, '2018-07-29 16:11:30', 60, 1),
(403, 'Medir dureza en cuatro puntos del espejo, a 90o c/u', NULL, '2018-07-29 16:12:20', 61, 1),
(410, 'Valor Obtenido:', NULL, '2018-07-29 16:15:46', 61, 2),
(411, 'Observaciones:', NULL, '2018-07-29 16:16:44', 61, 3),
(412, '', NULL, '2018-07-29 16:17:38', 62, 1),
(414, 'Pista:', NULL, '2018-07-29 16:20:57', 63, 1),
(415, 'Respaldo:', NULL, '2018-07-29 16:21:08', 63, 2),
(416, 'Agujeros:', NULL, '2018-07-29 16:21:38', 63, 3),
(417, 'Altura de Dientes:', NULL, '2018-07-29 16:22:31', 64, 1),
(418, 'Angulo de Entrada:', NULL, '2018-07-29 16:22:39', 64, 2),
(420, 'Fisura:', NULL, '2018-07-29 16:24:10', 64, 3),
(421, 'Linealidad:', NULL, '2018-07-29 16:24:21', 64, 4),
(422, 'Roscas:', NULL, '2018-07-29 17:28:13', 65, 1),
(423, 'Guias:', NULL, '2018-07-29 17:28:17', 65, 2),
(424, 'Observaciones:', NULL, '2018-07-29 17:28:26', 65, 3),
(425, '', NULL, '2018-07-29 17:30:03', 67, 1),
(426, '', NULL, '2018-07-29 17:33:57', 68, 1),
(427, '', NULL, '2018-07-29 17:36:02', 69, 1),
(428, 'Medir dureza en cuatro puntos del espejo a 90o c/u', NULL, '2018-07-29 17:37:10', 70, 1),
(429, 'Valor Obtenido:', NULL, '2018-07-29 17:37:44', 70, 2),
(430, '', NULL, '2018-07-29 17:39:16', 72, 1),
(431, '', NULL, '2018-07-29 17:39:56', 73, 1),
(432, '', NULL, '2018-07-29 17:41:03', 74, 1),
(433, '', NULL, '2018-07-29 17:42:08', 75, 1),
(434, '', NULL, '2018-07-29 17:52:05', 76, 1),
(435, 'B1', NULL, '2018-07-29 18:05:18', 77, 1),
(436, 'B2', NULL, '2018-07-29 18:05:29', 77, 2),
(437, 'B3', NULL, '2018-07-29 18:05:32', 77, 3),
(438, 'B4', NULL, '2018-07-29 18:05:35', 77, 4),
(439, 'B5', NULL, '2018-07-29 18:05:38', 77, 5),
(440, 'B6', NULL, '2018-07-29 18:05:42', 77, 6),
(441, 'B7', NULL, '2018-07-29 18:05:46', 77, 7),
(442, 'B8', NULL, '2018-07-29 18:05:50', 77, 8),
(443, 'B9', NULL, '2018-07-29 18:06:00', 77, 9),
(444, 'B10', NULL, '2018-07-29 18:06:05', 77, 10),
(445, 'Bn', NULL, '2018-07-29 18:06:13', 77, 11),
(446, 'M1', NULL, '2018-07-29 19:17:56', 77, 12),
(447, 'M2', NULL, '2018-07-29 19:17:59', 77, 13),
(448, 'M3', NULL, '2018-07-29 19:18:02', 77, 14),
(449, 'M4', NULL, '2018-07-29 19:18:05', 77, 15),
(450, 'M5', NULL, '2018-07-29 19:18:07', 77, 16),
(451, 'M6', NULL, '2018-07-29 19:18:10', 77, 17),
(452, 'M7', NULL, '2018-07-29 19:18:12', 77, 18),
(453, 'M8', NULL, '2018-07-29 19:18:14', 77, 19),
(454, 'M9', NULL, '2018-07-29 19:18:18', 77, 20),
(455, 'M10', NULL, '2018-07-29 19:18:23', 77, 21),
(456, 'M11', NULL, '2018-07-29 19:18:31', 77, 22),
(457, 'M12', NULL, '2018-07-29 19:18:45', 77, 23),
(458, 'M13', NULL, '2018-07-29 19:18:49', 77, 24),
(459, 'M14', NULL, '2018-07-29 19:18:53', 77, 25),
(460, 'M15', NULL, '2018-07-29 19:18:57', 77, 26),
(461, 'M16', NULL, '2018-07-29 19:19:01', 77, 27),
(462, 'Mn', NULL, '2018-07-29 19:19:06', 77, 28),
(463, 'B1', NULL, '2018-07-29 21:24:12', 78, 1),
(464, 'B2', NULL, '2018-07-29 21:24:16', 78, 2),
(465, 'B3', NULL, '2018-07-29 21:24:20', 78, 3),
(466, 'B4', NULL, '2018-07-29 21:24:24', 78, 4),
(467, 'B5', NULL, '2018-07-29 21:24:27', 78, 5),
(468, 'B6', NULL, '2018-07-29 21:24:37', 78, 6),
(469, 'B7', NULL, '2018-07-29 21:24:41', 78, 7),
(470, 'B8', NULL, '2018-07-29 21:24:45', 78, 8),
(471, 'B9', NULL, '2018-07-29 21:24:51', 78, 9),
(472, 'B10', NULL, '2018-07-29 21:24:55', 78, 10),
(473, 'M1', NULL, '2018-07-29 21:29:01', 78, 11),
(474, 'M2', NULL, '2018-07-29 21:29:04', 78, 12),
(475, 'M3', NULL, '2018-07-29 21:29:09', 78, 13),
(476, 'M4', NULL, '2018-07-29 21:29:12', 78, 14),
(477, 'M5', NULL, '2018-07-29 21:29:14', 78, 15),
(478, 'M6', NULL, '2018-07-29 21:29:16', 78, 16),
(479, 'M7', NULL, '2018-07-29 21:30:12', 78, 17),
(480, 'M8', NULL, '2018-07-29 21:30:16', 78, 18),
(481, 'M9', NULL, '2018-07-29 21:30:22', 78, 19),
(482, 'M10', NULL, '2018-07-29 21:31:04', 78, 20),
(483, 'M11', NULL, '2018-07-29 21:31:07', 78, 21),
(484, 'M12', NULL, '2018-07-29 21:31:11', 78, 22),
(485, 'M13', NULL, '2018-07-29 21:31:13', 78, 23),
(486, 'M14', NULL, '2018-07-29 21:31:19', 78, 24),
(487, 'M15', NULL, '2018-07-29 21:31:24', 78, 25),
(488, 'M16', NULL, '2018-07-29 21:31:27', 78, 26),
(489, 'Mn', NULL, '2018-07-29 21:31:31', 78, 27),
(490, 'B1', NULL, '2018-07-29 21:41:52', 79, 1),
(491, 'B2', NULL, '2018-07-29 21:41:56', 79, 2),
(492, 'B3', NULL, '2018-07-29 21:42:25', 79, 3),
(493, 'B4', NULL, '2018-07-29 21:42:27', 79, 4),
(494, 'B5', NULL, '2018-07-29 21:42:31', 79, 5),
(495, 'B6', NULL, '2018-07-29 21:42:33', 79, 6),
(496, 'B7', NULL, '2018-07-29 21:42:38', 79, 7),
(497, 'B8', NULL, '2018-07-29 21:42:42', 79, 8),
(498, 'B9', NULL, '2018-07-29 21:42:46', 79, 9),
(499, 'B10', NULL, '2018-07-29 21:42:48', 79, 10),
(500, 'Bn', NULL, '2018-07-29 21:42:52', 79, 11),
(501, 'M1', NULL, '2018-07-29 21:46:36', 79, 12),
(502, 'M2', NULL, '2018-07-29 21:46:41', 79, 13),
(503, 'M3', NULL, '2018-07-29 21:46:43', 79, 14),
(504, 'M4', NULL, '2018-07-29 21:46:45', 79, 15),
(505, 'M5', NULL, '2018-07-29 21:46:47', 79, 16),
(506, 'M6', NULL, '2018-07-29 21:46:51', 79, 17),
(507, 'M7', NULL, '2018-07-29 21:46:55', 79, 18),
(508, 'M8', NULL, '2018-07-29 21:46:58', 79, 19),
(509, 'M9', NULL, '2018-07-29 21:47:00', 79, 20),
(510, 'M10', NULL, '2018-07-29 21:47:04', 79, 21),
(511, 'M11', NULL, '2018-07-29 21:47:08', 79, 22),
(512, 'M12', NULL, '2018-07-29 21:47:10', 79, 23),
(513, 'M13', NULL, '2018-07-29 21:47:13', 79, 24),
(514, 'M14', NULL, '2018-07-29 21:47:16', 79, 25),
(515, 'M15', NULL, '2018-07-29 21:47:19', 79, 26),
(516, 'M16', NULL, '2018-07-29 21:47:25', 79, 27),
(517, 'Mn', NULL, '2018-07-29 21:47:29', 79, 28),
(518, 'Bancada', NULL, '2018-07-29 23:15:00', 80, 1),
(519, 'Muñon', NULL, '2018-07-29 23:15:04', 80, 2),
(520, 'A: Rosca Interna Punta de Cigueñal', NULL, '2018-07-29 23:21:34', 81, 1),
(521, 'B: Chavetero', NULL, '2018-07-29 23:21:41', 81, 2),
(522, 'C: Cono Interferencia Polea Reconstruir a:', NULL, '2018-07-29 23:21:52', 81, 3),
(523, 'D: Pista de Reten', NULL, '2018-07-29 23:31:34', 81, 4),
(524, 'E: Alojamiento Ruleman Directa', NULL, '2018-07-29 23:31:42', 81, 5),
(525, 'Observaciones:', NULL, '2018-07-29 23:32:06', 81, 6),
(526, 'F: Marcado de Contrapesos y Estado de Tornillos', NULL, '2018-07-29 23:33:47', 81, 7),
(527, '01', NULL, '2018-07-29 23:34:07', 81, 8),
(528, '02', NULL, '2018-07-29 23:34:09', 81, 9),
(529, '03', NULL, '2018-07-29 23:34:13', 81, 10),
(530, '04', NULL, '2018-07-29 23:34:15', 81, 11),
(531, '05', NULL, '2018-07-29 23:34:17', 81, 12),
(532, '06', NULL, '2018-07-29 23:34:20', 81, 13),
(533, '07', NULL, '2018-07-29 23:34:24', 81, 14),
(534, '08', NULL, '2018-07-29 23:34:26', 81, 15),
(535, '09', NULL, '2018-07-29 23:34:30', 81, 16),
(536, '10', NULL, '2018-07-29 23:34:33', 81, 17),
(537, 'n', NULL, '2018-07-29 23:34:35', 81, 18),
(538, 'Observaciones:', NULL, '2018-07-29 23:37:33', 81, 19),
(539, '', NULL, '2018-07-29 23:38:25', 83, 1),
(540, '', NULL, '2018-07-29 23:43:13', 84, 1),
(541, '', NULL, '2018-07-29 23:43:48', 85, 1),
(1000, 'PARTES RECIBIDAS', NULL, '2018-07-30 00:36:15', 1000, 1),
(1201, 'Caracteristicas:', NULL, '2018-07-31 12:52:02', 1200, 1),
(1210, 'Luz de Aceite', NULL, '2018-07-31 14:30:54', 1202, 1),
(1212, 'Luz de aceite', NULL, '2018-07-31 14:41:04', 1203, 1),
(1213, '', NULL, '2018-07-31 14:50:20', 1204, 1),
(1215, 'Luz de aceite:', NULL, '2018-07-31 15:17:28', 1205, 1),
(1216, 'Medidas del Ap. Levas:', NULL, '2018-07-31 15:21:06', 1205, 2),
(1217, 'Eje de mando:', NULL, '2018-07-31 15:21:56', 1205, 3),
(1218, 'Fabrica pide maxima y minima', NULL, '2018-07-31 15:23:02', 1205, 4),
(1226, 'Reten:', NULL, '2018-07-31 15:47:22', 1211, 1),
(1229, 'Axial:', NULL, '2018-07-31 15:51:01', 1211, 2),
(1230, 'Biela de Compresor:', NULL, '2018-07-31 15:53:16', 1211, 3),
(1231, 'Cilindro de Compresor:', NULL, '2018-07-31 15:54:43', 1211, 4),
(1233, 'Otros:', NULL, '2018-07-31 15:59:17', 1211, 5),
(1234, 'Control de peso:', NULL, '2018-07-31 16:05:33', 1212, 1),
(1235, 'Control de Bomba de Aceite con Arbol de Levas:', NULL, '2018-07-31 16:13:58', 1213, 1),
(1236, 'Luz de Axial:', NULL, '2018-07-31 16:17:38', 1213, 2),
(1237, 'Block:', NULL, '2018-07-31 16:18:00', 1213, 3),
(1238, 'Botadores:', NULL, '2018-07-31 16:20:28', 1213, 4),
(1239, 'Engranajes:', NULL, '2018-07-31 16:21:10', 1213, 5),
(1240, 'Conductos de agua:', NULL, '2018-07-31 16:22:15', 1213, 6),
(1241, 'Controlar:', NULL, '2018-07-31 16:22:51', 1213, 7),
(1242, 'Luz de Canaletas de Aros:', NULL, '2018-07-31 16:23:56', 1213, 8),
(1243, 'Balanceo de:', NULL, '2018-07-31 16:24:14', 1213, 9),
(1244, 'Escuadra de:', NULL, '2018-07-31 16:25:21', 1213, 10),
(1245, 'Altura de:', NULL, '2018-07-31 16:25:48', 1213, 11),
(1246, 'Repasar rosca de tapa distribucion de:', NULL, '2018-07-31 16:26:56', 1213, 12),
(1247, '', NULL, '2018-07-31 17:28:41', 1214, 1),
(1248, 'Caracteristicas:', NULL, '2018-07-31 18:06:50', 1215, 1),
(1249, 'Operacion:', NULL, '2018-07-31 18:09:10', 1217, 1),
(1250, '1-Lavado de Block', NULL, '2018-07-31 18:16:48', 1217, 2),
(1251, 'Control de Limpieza de Conductor de Aceite', NULL, '2018-07-31 18:18:04', 1217, 3),
(1252, 'Colocar tapones de Lubricacion y refrigeracion (Pegamento)', NULL, '2018-07-31 18:19:30', 1217, 4),
(1253, '2-Hacer limpieza fina de cojinetes', NULL, '2018-07-31 18:21:02', 1217, 5),
(1254, 'Friccionar con lubricante Molykote Limpiar y lubricar con Bardhal', NULL, '2018-07-31 18:22:04', 1217, 6),
(1255, 'Colocar cojinetes en sus alojamientos', NULL, '2018-07-31 18:23:01', 1217, 7),
(1256, '3. Limpieza de Cigueñal. Verificar limpieza de conductos de aceite', NULL, '2018-07-31 18:24:16', 1217, 8),
(1257, 'Montar el cigueñal. Verificar el chavetero y trinquero', NULL, '2018-07-31 18:25:41', 1217, 9),
(1258, 'Ajustar tapas de bancadas.', NULL, '2018-07-31 18:26:59', 1217, 10),
(1259, 'Controlar el giro liviano de cigueñal', NULL, '2018-07-31 18:27:57', 1217, 11),
(1260, 'Ajustar contrapesos correspondientes', NULL, '2018-07-31 18:29:21', 1217, 12),
(1261, 'Controlar Alojamiento de O\'ring de camisas', NULL, '2018-07-31 18:30:20', 1217, 13),
(1262, '* Colocar Camisas Humedas', NULL, '2018-07-31 18:32:02', 1217, 14),
(1263, 'Controlar su ubicacion y altura', NULL, '2018-07-31 18:32:51', 1217, 15),
(1264, 'Marcar si lleva juntas de camisas (laminas)', NULL, '2018-07-31 18:33:51', 1217, 16),
(1265, 'Descripcion:', NULL, '2018-07-31 18:35:26', 1218, 1),
(1266, 'Descripcion 2:', NULL, '2018-07-31 18:36:08', 1218, 2),
(1267, 'Descripcion 3:', NULL, '2018-07-31 18:36:31', 1218, 3),
(1268, 'Caracteristicas:', NULL, '2018-07-31 18:44:54', 1219, 1),
(1269, '1. Hacer limpieza fina de bielas y pistones', NULL, '2018-07-31 18:46:01', 1220, 1),
(1270, 'Verificar seguros de pernos de piston', NULL, '2018-07-31 18:48:22', 1220, 2),
(1271, 'Colocar aros correspondientes en pistones', NULL, '2018-07-31 18:50:05', 1220, 3),
(1272, 'Lubricar cilindros', NULL, '2018-07-31 18:52:34', 1220, 4),
(1273, 'Colocar conjunto biela piston', NULL, '2018-07-31 18:53:47', 1220, 5),
(1274, '2. Lubricar muñones de bielas', NULL, '2018-07-31 18:54:52', 1220, 6),
(1275, 'Colocar tapas de bielas', NULL, '2018-07-31 18:55:48', 1220, 7),
(1276, 'Ajustar tapa de bielas segun normas', NULL, '2018-07-31 18:57:13', 1220, 8),
(1277, 'Controlar altura de pistones', NULL, '2018-07-31 18:58:36', 1220, 9),
(1278, 'Reapretar los tornillos de avance de la bomba en la distribucion y Controlar el seguro', NULL, '2018-07-31 18:59:25', 1220, 10),
(1279, '3. Lavado de bomba de aceite', NULL, '2018-07-31 19:00:12', 1220, 11),
(1280, 'Colocacion y control de luz de engranajes.', NULL, '2018-07-31 19:01:12', 1220, 12),
(1281, 'Ajustes de tornillos sobre el block', NULL, '2018-07-31 19:03:56', 1220, 13),
(1282, 'Control estado del chupon', NULL, '2018-07-31 19:12:05', 1220, 14),
(1283, 'Colocar chupon, verificar ajuste de tornillos', NULL, '2018-07-31 19:12:55', 1220, 15),
(1284, 'Controlar si lleva chapa rompe ola en block o carter', NULL, '2018-07-31 19:14:18', 1220, 16),
(1285, 'Colocar carter con junta y cemento', NULL, '2018-07-31 19:15:27', 1220, 17),
(1286, 'Controlar ajuste de tornillos de carter y tapon', NULL, '2018-07-31 19:16:43', 1220, 18),
(1287, 'Descripcion:', NULL, '2018-07-31 19:18:30', 1221, 1),
(1289, 'Descripcion 2:', NULL, '2018-07-31 19:19:01', 1221, 2),
(1290, 'Descripcion 3:', NULL, '2018-07-31 19:19:06', 1221, 3),
(1291, 'Caracteristicas:', NULL, '2018-07-31 19:22:29', 1222, 1),
(1292, '1. Lavado de caja de distribucion y elementos correspondientes.', NULL, '2018-07-31 19:23:16', 1223, 1),
(1293, 'Colocar caja de distribucion', NULL, '2018-07-31 19:24:11', 1223, 2),
(1294, 'Ajustar tornillos.', NULL, '2018-07-31 19:25:44', 1223, 3),
(1295, 'Lavado de arbol de levas.', NULL, '2018-07-31 19:28:29', 1223, 4),
(1296, 'Lavado de engranajes de distribucion', NULL, '2018-07-31 19:29:44', 1223, 5),
(1297, 'Armado de conjunto y puesta a punto', NULL, '2018-07-31 19:30:33', 1223, 6),
(1298, 'Verificar la puesta a punto final x 2', NULL, '2018-07-31 19:31:23', 1223, 7),
(1299, 'Colocar el motor, ajustar tornillos de bridas', NULL, '2018-07-31 19:32:34', 1223, 8),
(1300, 'Colocar reten en tapa de distribucion', NULL, '2018-07-31 19:33:36', 1223, 9),
(1301, 'Colocar tapa de distribucion y ajustar tornillos', NULL, '2018-07-31 19:34:31', 1223, 10),
(1302, '2. Colocar botadores.', NULL, '2018-07-31 19:36:05', 1223, 11),
(1303, 'Colocar juntas tapa de cilindros , verificar posicio?n y colocar marca de juntas', NULL, '2018-07-31 19:37:07', 1223, 12),
(1304, 'Armar tapa de cilindro', NULL, '2018-07-31 19:39:08', 1223, 13),
(1305, 'Colocar tapa, ajustar tornillos, reapretar,etc', NULL, '2018-07-31 19:40:29', 1223, 14),
(1306, 'Verifique operaciones anteriores', NULL, '2018-07-31 19:41:55', 1223, 15),
(1307, '3. Limpieza y prueba de estanqueidad de radiador de aceite, si se probo coloque si', NULL, '2018-07-31 19:42:51', 1223, 16),
(1308, 'Colocar radiador, ajustar tonillos.', NULL, '2018-07-31 19:43:52', 1223, 17),
(1309, '4. Limpieza de volante, verificar corona y superficie de trabajo', NULL, '2018-07-31 19:45:23', 1223, 18),
(1310, 'Colocar volante, ajustar tornillos', NULL, '2018-07-31 19:46:19', 1223, 19),
(1311, 'Colocar placa y disco de embrague', NULL, '2018-07-31 19:47:24', 1223, 20),
(1312, 'Controlar con una directa', NULL, '2018-07-31 19:48:35', 1223, 21),
(1313, 'Controlar cojinetes guia de directa', NULL, '2018-07-31 19:49:35', 1223, 22),
(1314, 'Ajustar tornillos de placa', NULL, '2018-07-31 19:50:35', 1223, 23),
(1315, '5. Colocar polea, ajustar trinquete.', NULL, '2018-07-31 19:51:22', 1223, 24),
(1316, 'Colocar cubre volante, ajustar tornillos', NULL, '2018-07-31 19:52:18', 1223, 25),
(1317, '6. Colocar compresor', NULL, '2018-07-31 19:53:35', 1223, 26),
(1318, 'Descripcion:', NULL, '2018-07-31 19:55:09', 1224, 1),
(1319, 'Descripcion 2:', NULL, '2018-07-31 19:55:12', 1224, 2),
(1320, 'Descripcion 3:', NULL, '2018-07-31 19:55:15', 1224, 3),
(1321, 'Caracteristica:', NULL, '2018-07-31 20:00:06', 1225, 1),
(1322, '1. Verificar limpieza de bomba inyectora', NULL, '2018-07-31 20:01:09', 1226, 1),
(1323, 'Verificar todos los elementos exteriores y sellos', NULL, '2018-07-31 20:01:15', 1226, 2),
(1324, 'Colocar bomba, ajustar tornillos.', NULL, '2018-07-31 20:01:20', 1226, 3),
(1325, 'Verificar punto final', NULL, '2018-07-31 20:01:26', 1226, 4),
(1326, 'Verificar juego de engranajes, conductor y conducido', NULL, '2018-07-31 20:01:32', 1226, 5),
(1327, 'Colocar caños de inyectores (verificar ajuste), caños de descarga', NULL, '2018-07-31 20:01:39', 1226, 6),
(1328, '2. Colocar multiple de escape.', NULL, '2018-07-31 20:01:44', 1226, 7),
(1329, 'Colocar multiple', NULL, '2018-07-31 20:01:51', 1226, 8),
(1330, 'Controlar estado de bomba de agua', NULL, '2018-07-31 20:01:57', 1226, 9),
(1331, 'Colocar bomba, ajustar tornillos.', NULL, '2018-07-31 20:02:03', 1226, 10),
(1332, 'Colocar polea y paleta de ventilador', NULL, '2018-07-31 20:02:08', 1226, 11),
(1333, 'Colocar alternador', NULL, '2018-07-31 20:02:13', 1226, 12),
(1334, 'Colocar motor de arranque', NULL, '2018-07-31 20:02:19', 1226, 3),
(1335, 'Colocar patas de motor', NULL, '2018-07-31 20:02:26', 1226, 4),
(1336, 'Verificacion de todas las operaciones anteriores', NULL, '2018-07-31 20:02:36', 1226, 5),
(1337, '3. Verificar corte de combustible de la bomba', NULL, '2018-07-31 20:02:42', 1226, 6),
(1338, 'Lavar soportes de filtros', NULL, '2018-07-31 20:03:11', 1226, 7),
(1339, 'Colocar soportes de filtros', NULL, '2018-07-31 20:03:15', 1226, 8),
(1340, 'Verificar valvulas de alivio de filtro de aceite', NULL, '2018-07-31 20:03:21', 1226, 9),
(1341, 'Colocar filtros en general.', NULL, '2018-07-31 20:03:27', 1226, 10),
(1342, '4. Colocar varillas levanta valvulas', NULL, '2018-07-31 20:03:34', 1226, 11),
(1343, 'Colocar balancines y eje de balancines', NULL, '2018-07-31 20:03:38', 1226, 12),
(1344, 'Regular luz de valvulas', NULL, '2018-07-31 20:03:43', 1226, 13),
(1345, 'Colocar tapa de valvulas', NULL, '2018-07-31 20:03:53', 1226, 14),
(1346, '5. Puesta a punto inyeccion o ignicion', NULL, '2018-07-31 20:04:03', 1226, 15),
(1347, 'Colocar aceite segun caracteristicas', NULL, '2018-07-31 20:04:10', 1226, 16),
(1348, 'Colocar medidas de aceite a la bomba', NULL, '2018-07-31 20:04:15', 1226, 17),
(1349, 'Verificacion de las operaciones anteriores', NULL, '2018-07-31 20:04:21', 1226, 18),
(1350, 'Emision a sala de banco de prueba', NULL, '2018-07-31 20:04:27', 1226, 19),
(1351, 'Verificar Asiento al inyector electronico', NULL, '2018-07-31 20:04:36', 1226, 20),
(1352, 'Colocar Inyector y apretar segun manual', NULL, '2018-07-31 20:04:41', 1226, 21),
(1353, 'Regular altura de Inyectores', NULL, '2018-07-31 20:04:46', 1226, 22),
(1354, 'Colocar Harnes de inyectores: corroborar que este bien', NULL, '2018-07-31 20:04:52', 1226, 23),
(1355, 'Se Pre lubrico', NULL, '2018-07-31 20:05:00', 1226, 24),
(1356, 'Se hizo prueba hidraulica de agua', NULL, '2018-07-31 20:05:07', 1226, 25),
(1357, 'Descripcion:', NULL, '2018-07-31 20:05:34', 1227, 1),
(1359, 'Descripcion 2:', NULL, '2018-07-31 20:05:50', 1227, 2),
(1360, 'Descripcion 3:', NULL, '2018-07-31 20:05:54', 1227, 3),
(1362, '', NULL, '2018-08-03 20:20:10', 1228, 1),
(1363, '1) Estado de casquillos y alojamientos de válvulas de admision y escape (Altura)    2) Control de estado de válvulas de admisión y escape                         3) Estado de precamaras (Alturas)', NULL, '2018-08-03 20:20:46', 1228, 2),
(2000, 'Documemntacion necesaria para el despacho:', NULL, '2018-08-07 14:44:39', 2000, 1),
(2002, 'a) Controle el motor o componente con la planilla de “Registro de recepcion de componente”', NULL, '2018-08-07 14:52:03', 2001, 2),
(2003, 'b) Si el legajo tiene anexado un Remito del cliente, entonces comparar con este:', NULL, '2018-08-07 14:55:31', 2001, 3),
(2004, 'c) Controle el motor con la planilla de “Registro de pedido de materiales interior y exterior”', NULL, '2018-08-07 14:56:28', 2001, 4),
(2005, 'd) Compare con las fotos', NULL, '2018-08-07 14:56:53', 2001, 5),
(2006, 'e) Consultar en almacen si ha quedado algun repuesto, insumo, componente, etc.', NULL, '2018-08-07 14:57:25', 2001, 6),
(2007, 'a) Controle visualmente si encuentra alguna anomalia, a saber:', NULL, '2018-08-07 14:58:49', 2002, 1),
(2008, 'Tomar Fotos:', NULL, '2018-08-07 15:01:36', 2003, 1),
(2009, 'Confeccionar remito de salida:', NULL, '2018-08-07 15:02:36', 2004, 1),
(2010, '', NULL, '2018-08-07 15:03:24', 2005, 1),
(2013, '1. Verificar y controlar limpieza total. Exterior e Interior. Libre de polvillo, aceites, manchas en general.', NULL, '2018-08-07 15:23:34', 2006, 1),
(2014, '2. Verificar superficie', NULL, '2018-08-07 15:24:14', 2006, 2),
(2016, '3. Verificar roscas', NULL, '2018-08-07 15:25:03', 2006, 3),
(2017, '4. Verificar tapones', NULL, '2018-08-07 15:32:21', 2006, 4),
(2018, '5. Verificar precamaras y asientos de inyector', NULL, '2018-08-07 15:35:13', 2006, 5),
(2019, '6. Controlar guias', NULL, '2018-08-07 15:36:04', 2006, 6),
(2020, '7. Controlar alineacion de valvula', NULL, '2018-08-07 15:36:50', 2006, 7),
(2021, '8. Medir presion de resortes', NULL, '2018-08-07 15:37:46', 2006, 8),
(2022, '9. Arandelas - Asientos Resortes', NULL, '2018-08-07 15:39:28', 2006, 9),
(2023, '10. Retenes', NULL, '2018-08-07 15:41:40', 2006, 10),
(2024, '11. Armar resortes', NULL, '2018-08-07 15:43:40', 2006, 11),
(2025, '12. Controlar si giran los platillos', NULL, '2018-08-07 15:45:55', 2006, 12),
(2026, '13. Platillos', NULL, '2018-08-07 15:46:49', 2006, 13),
(2027, '14. Seguros', NULL, '2018-08-07 15:47:52', 2006, 14),
(2028, '15. Regular valvulas', NULL, '2018-08-07 15:49:03', 2006, 15),
(2029, 'Realizar descarga de datos del ECM y/o chequeo de codigos de falla', NULL, '2018-08-07 16:26:52', 2007, 1),
(2030, 'Cargar codigos E-trim, solo para motores CAT', NULL, '2018-08-07 16:28:20', 2007, 2),
(2031, 'Disponer de los datos del motor (en caso de no tenerlos pedirlo a Coordinador y/o Jefe Tecnico) Estos datos son necesarios para banquear el motor.', NULL, '2018-08-07 16:29:31', 2007, 3),
(2032, 'Acoplar motor a banco (Conectar cardan y verificar el acoplamiento (buloneria, aprietes, estado de cardan, etc.), chequear juego axial y niveles del mismo)', NULL, '2018-08-07 16:31:30', 2007, 4),
(2033, 'Realizar y/o chequear conexiones de circuito de aceite', NULL, '2018-08-07 16:32:05', 2007, 5),
(2034, 'Chequear circuito de aceite externo (mangueras, caños, conexiones varias), inspeccionar que no tenga perdidas y/o tapones que puedan obstruir la lubricacion.', NULL, '2018-08-07 16:33:12', 2007, 6),
(2035, 'Rellenar aceite al motor y controlar nivel (dejar a medida)', NULL, '2018-08-07 16:34:23', 2007, 7),
(2036, 'Realizar y/o chequear conexiones de circuito de refrigeracion (bridas, can?os, uniones)', NULL, '2018-08-07 16:35:07', 2007, 8),
(2037, 'Armar intercooler', NULL, '2018-08-07 16:36:03', 2007, 9),
(2038, 'Rellenar y/o chequear niveles de refrigerante (dejar en rango adecuado)', NULL, '2018-08-07 18:28:20', 2007, 10),
(2039, 'Chequear presion de agua', NULL, '2018-08-07 18:31:31', 2007, 11),
(2040, 'Conectar sensor presion de combustible', NULL, '2018-08-07 18:34:32', 2007, 12),
(2041, 'Conectar sensor de temperatura de agua', NULL, '2018-08-07 18:38:12', 2007, 13),
(2042, 'Conectar sensor de temperatura de escape', NULL, '2018-08-07 19:11:19', 2007, 14),
(2043, 'Conectar sensor de temperatura de aceite', NULL, '2018-08-07 19:13:48', 2007, 15),
(2044, 'Conectar sensor de presion de aceite', NULL, '2018-08-07 19:15:29', 2007, 16),
(2045, 'Conectar sensor de presion de turbo', NULL, '2018-08-07 19:23:28', 2007, 17),
(2046, 'Controlar informacion del diagrama electrico', NULL, '2018-08-07 19:48:48', 2007, 5),
(2047, 'Realizar y Chequear Conexiones electricas (bateria, ECM, Intercomunicador, PC, etc.)', NULL, '2018-08-07 19:49:42', 2007, 6),
(2048, 'Verificar y chequear arnes de motor y sus conexiones', NULL, '2018-08-07 19:51:26', 2007, 7),
(2049, 'Realizar y/o chequear conexiones de circuito de combustible (caños, mangueras, porta filtros, filtros, etc.)', NULL, '2018-08-07 19:52:44', 2007, 8),
(2050, 'Chequear Nivel de combustible', NULL, '2018-08-07 19:55:15', 2007, 9),
(2051, 'Chequear presion de combustible', NULL, '2018-08-07 19:55:52', 2007, 10),
(2052, 'Chequear conexion y estado de carga de bateria', NULL, '2018-08-07 19:57:27', 2007, 11),
(2053, 'Chequear que el motor no tenga bloqueos mecanicos y/o hidraulicos', NULL, '2018-08-07 20:00:14', 2007, 12),
(2054, 'Despejar area en general (retirar herramienta, trapos, tachos, carros, etc.)', NULL, '2018-08-07 20:02:51', 2007, 13),
(2055, 'Chequear presencia de perdidas de fluido en Gral.', NULL, '2018-08-07 20:03:31', 2007, 14),
(2056, 'Controlar solenoide de inyectores (solo para linea CAT)', NULL, '2018-08-07 20:04:22', 2007, 15),
(2057, 'Verificar que no existan partes sueltas.', NULL, '2018-08-07 20:05:00', 2007, 16),
(2058, 'Conexiones o cambios extraordinarios (informar sobre cualquier conexion, by-pass, tapones, bloqueo de mangueras, cambio de piezas, etc.) que se realicen antes del arranque. En caso de existir observaciones informar a coordinador / Jefe tecnico antes del arranque. Se debera firmar su conformidad', NULL, '2018-08-07 20:13:04', 2008, 1),
(2060, 'Control de Fugas:', NULL, '2018-08-08 15:05:30', 2010, 1),
(2061, 'Control de Temperatura de admision:', NULL, '2018-08-08 15:06:53', 2010, 2),
(2062, 'Control de Temperatura de aceite:', NULL, '2018-08-08 15:07:48', 2010, 3),
(2063, 'Controlar Temperatura de escape:', NULL, '2018-08-08 15:13:21', 2010, 4),
(2064, 'Control de Presion de turbo:', NULL, '2018-08-08 15:14:50', 2010, 5),
(2065, 'Controlar Cardan de acoplamiento:', NULL, '2018-08-08 15:15:41', 2010, 6),
(2066, 'Control de Fugas:', NULL, '2018-08-08 15:24:16', 2011, 1),
(2067, 'Control de Temperatura de admision:', NULL, '2018-08-08 15:25:41', 2011, 2),
(2068, 'Control de Temperatura de aceite:', NULL, '2018-08-08 15:26:26', 2011, 3),
(2069, 'Control de Temperatura de escape:', NULL, '2018-08-08 15:27:59', 2011, 4),
(2070, 'Control de Presion de Turbo:', NULL, '2018-08-08 15:31:32', 2011, 5),
(2071, 'Control de Potencia:', NULL, '2018-08-08 15:32:17', 2011, 6),
(2072, 'Control de Torque:', NULL, '2018-08-08 15:33:38', 2011, 7),
(2073, 'Control de Fugas:', NULL, '2018-08-08 15:38:50', 2012, 1),
(2074, 'Control de Temperatura de admision:', NULL, '2018-08-08 15:42:26', 2012, 2),
(2075, 'Control de Temperatura de aceite:', NULL, '2018-08-08 15:45:29', 2012, 3),
(2076, 'Control de Temperatura de escape:', NULL, '2018-08-08 15:46:19', 2012, 4),
(2077, 'Controlar Presion de Turbo:', NULL, '2018-08-08 15:47:26', 2012, 5),
(2078, 'Control de Potencia:', NULL, '2018-08-08 15:49:00', 2012, 6),
(2079, 'Control de Torque:', NULL, '2018-08-08 15:49:43', 2012, 7),
(2082, 'Control de Fugas:', NULL, '2018-08-08 15:59:13', 2014, 1),
(2083, 'Control de Temperatura de admision:', NULL, '2018-08-08 16:05:38', 2014, 2),
(2084, 'Control de Temperatura de aceite:', NULL, '2018-08-08 16:06:19', 2014, 3),
(2085, 'Control de Temperatura de escape:', NULL, '2018-08-08 16:07:12', 2014, 4),
(2086, 'Control de Presion de Turbo:', NULL, '2018-08-08 16:08:01', 2014, 5),
(2087, 'Control de Potencia:', NULL, '2018-08-08 16:09:01', 2014, 6),
(2088, 'Control de Torque:', NULL, '2018-08-08 16:09:48', 2014, 7),
(2089, 'Control de Fugas:', NULL, '2018-08-08 16:15:25', 2015, 1),
(2090, 'Control de Temperatura de Admision:', NULL, '2018-08-08 16:18:01', 2015, 2),
(2091, 'Control de Temperatura de aceite:', NULL, '2018-08-08 16:21:52', 2015, 3),
(2092, 'Control de Temperatura de escape:', NULL, '2018-08-08 16:59:42', 2015, 4),
(2093, 'Control de Presion de turbo:', NULL, '2018-08-08 17:00:32', 2015, 5),
(2094, 'Control de Cardan de acoplamiento:', NULL, '2018-08-08 17:07:31', 2015, 6),
(2095, 'Regular Valvulas:', NULL, '2018-08-08 17:08:26', 2016, 1),
(2096, 'Re torqueo:', NULL, '2018-08-08 17:08:33', 2016, 2),
(2097, 'Prueba de inyectores:', NULL, '2018-08-08 17:08:39', 2016, 3),
(2098, 'Chequeo de fugas y niveles:', NULL, '2018-08-08 17:08:47', 2016, 4),
(2099, 'Control de Fugas:', NULL, '2018-08-08 17:41:55', 2017, 1),
(2100, 'Control de Temperatura de admision:', NULL, '2018-08-08 17:45:21', 2017, 2),
(2101, 'Control de Temperatura de aceite:', NULL, '2018-08-08 17:46:20', 2017, 3),
(2102, 'Control de Temperatura de escape:', NULL, '2018-08-08 17:48:01', 2017, 4),
(2103, 'Control de Presion de turbo:', NULL, '2018-08-08 17:59:51', 2017, 5),
(2104, 'Control de Cardan de acoplamiento:', NULL, '2018-08-08 18:01:03', 2017, 6),
(2105, 'Control de Fugas:', NULL, '2018-08-08 18:03:02', 2018, 1),
(2106, 'Control de Temperatura de admision:', NULL, '2018-08-08 18:19:18', 2018, 2),
(2107, 'Control de Temperatura de aceite:', NULL, '2018-08-08 18:20:04', 2018, 3),
(2108, 'Contorl de Temperatura de escape:', NULL, '2018-08-08 18:20:40', 2018, 4),
(2109, 'Control de Presion de turbo:', NULL, '2018-08-08 18:21:23', 2018, 5),
(2110, 'Control de Potencia:', NULL, '2018-08-08 18:23:20', 2018, 6),
(2111, 'Control de Torque:', NULL, '2018-08-08 18:24:40', 2018, 7),
(2112, 'Control de Fugas:', NULL, '2018-08-08 18:56:54', 2019, 1),
(2113, 'Control de Temperaturas de admision:', NULL, '2018-08-08 18:58:28', 2019, 2),
(2114, 'Control de Temperatura de aceite:', NULL, '2018-08-08 18:59:23', 2019, 3),
(2115, 'Control de Temperatura de escape:', NULL, '2018-08-08 19:00:56', 2019, 4),
(2116, 'Control de Presion de turbo:', NULL, '2018-08-08 19:04:52', 2019, 5),
(2117, 'Control de Potencia:', NULL, '2018-08-08 19:06:18', 2019, 6),
(2118, 'Control de Torque:', NULL, '2018-08-08 19:07:47', 2019, 7),
(2119, 'Control de Fugas:', NULL, '2018-08-08 19:20:20', 2020, 1),
(2120, 'Control de Temperatura de admision:', NULL, '2018-08-08 19:22:15', 2020, 2),
(2121, 'Control de Temperatura de aceite:', NULL, '2018-08-08 19:23:05', 2020, 3),
(2122, 'Control de Temperatura de escape:', NULL, '2018-08-08 19:23:42', 2020, 4),
(2124, 'Control de Presion de Turbo:', NULL, '2018-08-08 19:26:24', 2020, 5),
(2125, 'Control de Potencia:', NULL, '2018-08-08 19:27:08', 2020, 6),
(2126, 'Control de Torque:', NULL, '2018-08-08 19:28:33', 2020, 7),
(2127, 'Control de Fugas:', NULL, '2018-08-08 19:33:31', 2021, 1),
(2128, 'Control de Temperatura de admision:', NULL, '2018-08-08 19:36:38', 2021, 2),
(2129, 'Control de Temperatura de aceite:', NULL, '2018-08-08 19:38:13', 2021, 3),
(2131, 'Control de Temperatura de escape:', NULL, '2018-08-08 19:39:53', 2021, 4),
(2132, 'Control de Presion de turbo:', NULL, '2018-08-08 19:41:40', 2021, 5),
(2133, 'Control de Potencia:', NULL, '2018-08-08 19:43:20', 2021, 6),
(2134, 'Control de Torque:', NULL, '2018-08-08 19:44:59', 2021, 7),
(2135, 'Control de Fugas:', NULL, '2018-08-11 23:33:44', 2022, 1),
(2136, 'Control de Temperaturas de admision:', NULL, '2018-08-11 23:34:06', 2022, 2),
(2137, 'Control de Temperatura de Aceite:', NULL, '2018-08-11 23:34:33', 2022, 3),
(2138, 'Control de Temperatura de escape:', NULL, '2018-08-11 23:34:46', 2022, 4),
(2139, 'Control de Presion de Turbo:', NULL, '2018-08-11 23:35:00', 2022, 5),
(2140, 'Control de Potencia:', NULL, '2018-08-11 23:37:12', 2022, 6),
(2141, 'Control de Torque:', NULL, '2018-08-11 23:37:20', 2022, 7),
(2143, 'Datos:', NULL, '2018-08-13 03:00:47', 2023, 1),
(2144, 'Control de Fugas:', NULL, '2018-08-13 03:08:59', 2025, 1),
(2145, 'Control de Temperatura de admision:', NULL, '2018-08-13 03:09:14', 2025, 2),
(2146, 'Control de Temperatura de aceite:', NULL, '2018-08-13 03:09:30', 2025, 3),
(2147, 'Control de Temperatura de escape:', NULL, '2018-08-13 03:09:42', 2025, 4),
(2148, 'Control de Presion de turbo:', NULL, '2018-08-13 03:09:53', 2025, 5),
(2149, 'Control de Potencia:', NULL, '2018-08-13 03:10:02', 2025, 6),
(2150, 'Control de Torque:', NULL, '2018-08-13 03:10:09', 2025, 7),
(2151, 'Control de Fugas:', NULL, '2018-08-13 03:17:43', 2026, 1),
(2152, 'Control de Temperatura de admision:', NULL, '2018-08-13 03:18:04', 2026, 2),
(2153, 'Control de Temperatura de aceite:', NULL, '2018-08-13 03:18:16', 2026, 3),
(2154, 'Control de Temperatura de escape:', NULL, '2018-08-13 03:18:32', 2026, 4),
(2155, 'Control de Presion de turbo:', NULL, '2018-08-13 03:18:43', 2026, 5),
(2156, 'Control de Cardan de acoplamiento:', NULL, '2018-08-13 03:18:57', 2026, 6),
(2157, 'Desconectar motor mecanica y electronicamente:', NULL, '2018-08-13 03:24:31', 2027, 1),
(2158, 'Desconectar cardan:', NULL, '2018-08-13 03:24:40', 2027, 2);
INSERT INTO `frm_grupos` (`GRUP_ID`, `NOMBRE`, `PISTA`, `FEC_CREACION`, `CATE_ID`, `ORDEN`) VALUES
(2159, 'Drenar aceite; solo si corresponde:', NULL, '2018-08-13 03:24:50', 2027, 3),
(2160, 'Drenar agua:', NULL, '2018-08-13 03:24:59', 2027, 4),
(2161, 'Dializar con refrigerante:', NULL, '2018-08-13 03:25:07', 2027, 5),
(2162, 'Desmontar motor de banco:', NULL, '2018-08-13 03:25:18', 2027, 6),
(2163, 'Compilar y realizar infrome de banqueo:', NULL, '2018-08-13 03:25:51', 2028, 1),
(2164, 'Grabar CD:', NULL, '2018-08-13 03:25:58', 2028, 2),
(2165, 'Imprimir Informe:', NULL, '2018-08-13 03:26:06', 2028, 3),
(2166, 'Datos:', NULL, '2018-08-13 03:33:43', 2009, 2),
(2167, 'Datos:', NULL, '2018-08-13 03:34:24', 2024, 1),
(2500, 'LAVADO', NULL, '2018-08-23 14:41:53', 2500, 1),
(2501, 'CILINDRO', NULL, '2018-08-23 14:45:44', 2500, 2),
(2502, 'COMPRESOR', NULL, '2018-08-23 15:04:43', 2500, 3),
(2503, 'BOMBA ACEITE BOTAD. Y BALANCINES', NULL, '2018-08-23 15:10:26', 2500, 4),
(2504, 'SOLDADURAS', NULL, '2018-08-23 15:26:17', 2500, 5),
(2505, 'TAPA DE CILINDRO', NULL, '2018-08-23 15:33:20', 2500, 6),
(2506, 'BANCADA', NULL, '2018-08-23 16:06:32', 2500, 7),
(2507, 'BIELAS', NULL, '2018-08-26 23:11:32', 2500, 8),
(2508, 'PRUEBAS HIDRAULICAS', NULL, '2018-08-26 23:19:22', 2500, 9),
(2509, 'CIGUEÑAL', NULL, '2018-08-27 00:59:09', 2500, 10),
(2510, 'SUPERFICIES', NULL, '2018-08-27 01:03:44', 2500, 11),
(2511, 'CIGUEÑAL', NULL, '2018-08-27 04:15:40', 2500, 12),
(2512, 'TORNERIA', NULL, '2018-08-27 04:23:11', 2500, 13),
(2513, 'BALANCEO', NULL, '2018-08-27 04:30:58', 2500, 14),
(2514, 'ARBOL DE LEVAS', NULL, '2018-08-27 04:39:18', 2500, 15),
(2516, 'SEMI-ARMADO DE MOTOR', NULL, '2018-08-27 04:42:41', 2500, 16),
(2517, 'ARMADO PUESTA EN MARCHA', NULL, '2018-08-27 04:47:08', 2500, 17),
(2518, 'ARMADO DE MOTOR', NULL, '2018-08-27 04:53:08', 2500, 18),
(2519, 'BOMBA INYEC. E INYECTORES', NULL, '2018-08-27 05:02:08', 2500, 19),
(2520, 'DIFERENCIAL', NULL, '2018-08-27 05:03:40', 2500, 20),
(2521, 'SERVICIOS EN CAMPO', NULL, '2018-08-27 05:04:30', 2500, 21),
(2522, 'TURBOS', NULL, '2018-08-27 05:06:52', 2500, 22),
(2523, 'CARDAN', NULL, '2018-08-27 05:08:12', 2500, 23),
(2524, 'VARIOS', NULL, '2018-08-27 05:09:17', 2500, 24),
(8000, 'Nombre:', NULL, '2018-09-21 15:45:14', 8000, 1),
(8001, 'Sexo:', NULL, '2018-09-21 15:47:53', 8000, 2),
(8002, 'Actividades Favoritas:', NULL, '2018-09-21 15:49:10', 8000, 3),
(8003, 'Defectos:', NULL, '2018-09-21 15:50:19', 8000, 4),
(8004, 'Edad:', NULL, '2018-09-21 15:51:20', 8000, 5),
(8005, 'Fecha de Nacimiento:', NULL, '2018-09-21 15:51:48', 8000, 6),
(8006, 'Foto:', NULL, '2018-09-21 15:52:10', 8000, 7);

-- --------------------------------------------------------

--
-- Estructura de tabla para la tabla `frm_valores`
--

CREATE TABLE `frm_valores` (
  `VALO_ID` int(11) NOT NULL,
  `NOMBRE` varchar(2000) CHARACTER SET latin1 NOT NULL,
  `PISTA` varchar(2000) CHARACTER SET latin1 DEFAULT NULL,
  `LONGITUD` int(11) DEFAULT NULL,
  `VALOR_DEFECTO` varchar(1000) CHARACTER SET latin1 DEFAULT NULL,
  `OBLIGATORIO` tinyint(1) NOT NULL DEFAULT '0',
  `FEC_CREACION` timestamp NOT NULL DEFAULT CURRENT_TIMESTAMP,
  `TIDA_ID` int(11) NOT NULL,
  `GRUP_ID` int(11) NOT NULL,
  `ORDEN` int(11) DEFAULT NULL
) ENGINE=InnoDB DEFAULT CHARSET=utf8 COLLATE=utf8_spanish_ci;

--
-- Volcado de datos para la tabla `frm_valores`
--

INSERT INTO `frm_valores` (`VALO_ID`, `NOMBRE`, `PISTA`, `LONGITUD`, `VALOR_DEFECTO`, `OBLIGATORIO`, `FEC_CREACION`, `TIDA_ID`, `GRUP_ID`, `ORDEN`) VALUES
(8001, '1er Nombre:', NULL, NULL, NULL, 0, '2018-09-21 15:45:47', 1, 8000, 1),
(8003, '2do Nombre:', NULL, NULL, NULL, 0, '2018-09-21 15:47:39', 1, 8000, 2),
(8004, 'Diga la verdad:', NULL, NULL, NULL, 0, '2018-09-21 15:48:17', 2, 8001, 1),
(8005, 'Rascar bola:', NULL, NULL, NULL, 0, '2018-09-21 15:49:24', 3, 8002, 1),
(8006, 'Trabajar a lo wacho:', NULL, NULL, NULL, 0, '2018-09-21 15:49:43', 3, 8002, 2),
(8007, 'Morfar sin parar:', NULL, NULL, NULL, 0, '2018-09-21 15:49:59', 3, 8002, 3),
(8008, 'Otros:', NULL, NULL, NULL, 0, '2018-09-21 15:50:09', 3, 8002, 4),
(8009, 'Poner la posta loco:', NULL, NULL, NULL, 0, '2018-09-21 15:50:48', 4, 8003, 1),
(8010, 'Numerico wacho:', NULL, NULL, NULL, 0, '2018-09-21 15:51:31', 5, 8004, 1),
(8011, 'Si te acorda:', NULL, NULL, NULL, 0, '2018-09-21 15:52:02', 6, 8005, 1),
(8012, 'Adjunte la mejorcita:', NULL, NULL, NULL, 0, '2018-09-21 15:52:22', 7, 8006, 1);

-- --------------------------------------------------------

--
-- Estructura de tabla para la tabla `frm_valores_validos`
--

CREATE TABLE `frm_valores_validos` (
  `VAPO_ID` int(11) NOT NULL,
  `VALOR` varchar(100) NOT NULL,
  `FEC_CREACION` timestamp NOT NULL DEFAULT CURRENT_TIMESTAMP,
  `VALO_ID` int(11) NOT NULL
) ENGINE=InnoDB DEFAULT CHARSET=latin1;

--
-- Volcado de datos para la tabla `frm_valores_validos`
--

INSERT INTO `frm_valores_validos` (`VAPO_ID`, `VALOR`, `FEC_CREACION`, `VALO_ID`) VALUES
(8000, 'Macho', '2018-09-21 15:48:29', 8004),
(8001, 'Puto', '2018-09-21 15:48:34', 8004),
(8002, 'Mita e Mita', '2018-09-21 15:48:46', 8004);

--
-- Índices para tablas volcadas
--

--
-- Indices de la tabla `frm_categorias`
--
ALTER TABLE `frm_categorias`
  ADD PRIMARY KEY (`CATE_ID`);

--
-- Indices de la tabla `frm_formularios`
--
ALTER TABLE `frm_formularios`
  ADD PRIMARY KEY (`form_id`);

--
-- Indices de la tabla `frm_grupos`
--
ALTER TABLE `frm_grupos`
  ADD PRIMARY KEY (`GRUP_ID`);

--
-- Indices de la tabla `frm_valores`
--
ALTER TABLE `frm_valores`
  ADD PRIMARY KEY (`VALO_ID`);

--
-- Indices de la tabla `frm_valores_validos`
--
ALTER TABLE `frm_valores_validos`
  ADD PRIMARY KEY (`VAPO_ID`);

--
-- AUTO_INCREMENT de las tablas volcadas
--

--
-- AUTO_INCREMENT de la tabla `frm_categorias`
--
ALTER TABLE `frm_categorias`
  MODIFY `CATE_ID` int(11) NOT NULL AUTO_INCREMENT, AUTO_INCREMENT=8001;

--
-- AUTO_INCREMENT de la tabla `frm_formularios`
--
ALTER TABLE `frm_formularios`
  MODIFY `form_id` int(11) NOT NULL AUTO_INCREMENT, AUTO_INCREMENT=8001;

--
-- AUTO_INCREMENT de la tabla `frm_grupos`
--
ALTER TABLE `frm_grupos`
  MODIFY `GRUP_ID` int(11) NOT NULL AUTO_INCREMENT, AUTO_INCREMENT=8007;

--
-- AUTO_INCREMENT de la tabla `frm_valores`
--
ALTER TABLE `frm_valores`
  MODIFY `VALO_ID` int(11) NOT NULL AUTO_INCREMENT, AUTO_INCREMENT=8013;

--
-- AUTO_INCREMENT de la tabla `frm_valores_validos`
--
ALTER TABLE `frm_valores_validos`
  MODIFY `VAPO_ID` int(11) NOT NULL AUTO_INCREMENT, AUTO_INCREMENT=8003;
COMMIT;

/*!40101 SET CHARACTER_SET_CLIENT=@OLD_CHARACTER_SET_CLIENT */;
/*!40101 SET CHARACTER_SET_RESULTS=@OLD_CHARACTER_SET_RESULTS */;
/*!40101 SET COLLATION_CONNECTION=@OLD_COLLATION_CONNECTION */;
