-- phpMyAdmin SQL Dump
-- version 4.7.7
-- https://www.phpmyadmin.net/
--
-- Servidor: localhost
-- Tiempo de generación: 30-07-2018 a las 14:41:26
-- Versión del servidor: 10.1.30-MariaDB
-- Versión de PHP: 7.2.1

SET SQL_MODE = "NO_AUTO_VALUE_ON_ZERO";
SET AUTOCOMMIT = 0;
START TRANSACTION;
SET time_zone = "+00:00";


/*!40101 SET @OLD_CHARACTER_SET_CLIENT=@@CHARACTER_SET_CLIENT */;
/*!40101 SET @OLD_CHARACTER_SET_RESULTS=@@CHARACTER_SET_RESULTS */;
/*!40101 SET @OLD_COLLATION_CONNECTION=@@COLLATION_CONNECTION */;
/*!40101 SET NAMES utf8mb4 */;

--
-- Base de datos: `proyecto1`
--

-- --------------------------------------------------------

--
-- Estructura de tabla para la tabla `frm_categorias`
--

CREATE TABLE `frm_categorias` (
  `CATE_ID` int(11) NOT NULL,
  `NOMBRE` varchar(1000) CHARACTER SET latin1 NOT NULL,
  `PISTA` varchar(2000) CHARACTER SET latin1 DEFAULT NULL,
  `FEC_CREACION` timestamp NOT NULL DEFAULT CURRENT_TIMESTAMP,
  `FORM_ID` int(11) NOT NULL,
  `ORDEN` int(11) DEFAULT NULL
) ENGINE=InnoDB DEFAULT CHARSET=utf8 COLLATE=utf8_spanish_ci;

--
-- Volcado de datos para la tabla `frm_categorias`
--

INSERT INTO `frm_categorias` (`CATE_ID`, `NOMBRE`, `PISTA`, `FEC_CREACION`, `FORM_ID`, `ORDEN`) VALUES
(1, 'Condiciones Generales:', NULL, '2018-07-28 15:51:53', 1, 1),
(2, 'Eje, Cuerpo, Placa Trasera, Aros', NULL, '2018-07-28 16:09:49', 1, 2),
(3, 'Tilde las acciones a Realizar:', NULL, '2018-07-28 17:02:54', 2, 1),
(4, 'PIEZAS O COMPONENTES A DIAGNOSTICAR', NULL, '2018-07-28 17:15:23', 3, 1),
(5, 'A-TAPAS', NULL, '2018-07-28 17:17:25', 3, 2),
(6, 'B-PIEZAS EN REVOLUCION', NULL, '2018-07-28 17:33:29', 3, 3),
(7, 'C-LUBRICACION', NULL, '2018-07-28 18:00:05', 3, 4),
(8, 'D-REFRIGERACION', NULL, '2018-07-28 18:21:47', 3, 5),
(9, 'E - SISTEMA DE COMBUSTIBLE', NULL, '2018-07-28 18:39:18', 3, 6),
(10, '14-Motores Nafteros:', NULL, '2018-07-28 19:06:57', 3, 7),
(11, '1-Ingreso de Pieza, Identificada y Limpia', NULL, '2018-07-28 23:03:59', 4, 1),
(12, '2-Control y Medicion de Apoyo y Altura de Levas', NULL, '2018-07-28 23:06:43', 4, 2),
(13, 'Observaciones:', NULL, '2018-07-28 23:12:14', 4, 3),
(14, '3-Deteccion de Fisuras Magnaflux', NULL, '2018-07-28 23:12:56', 4, 4),
(15, '4-Control de Dureza Rc o Brinell', NULL, '2018-07-28 23:15:48', 4, 5),
(16, '5-Controlar y Verificar Los Item 1, 2, 3, 4', NULL, '2018-07-28 23:21:49', 4, 6),
(17, '6-Controlar engranaje Bba. de Aceite y su Alineacion', NULL, '2018-07-28 23:22:47', 4, 7),
(18, '7-Controlar Pernos:', NULL, '2018-07-28 23:23:02', 4, 8),
(19, '1-Identificacion y Limpieza Compresor', NULL, '2018-07-28 23:29:33', 5, 1),
(20, '2-Control Visual, Estado General del Conjunto Bielas', NULL, '2018-07-28 23:30:48', 5, 2),
(21, '3-Deteccion de Fisuras Magna Flux', NULL, '2018-07-28 23:44:33', 5, 3),
(22, '4-Medicion de Diametros,4 Muñon y Ojo de Biela', NULL, '2018-07-28 23:47:56', 5, 4),
(23, '5-Medicion Longitud de Biela', NULL, '2018-07-29 00:15:03', 5, 5),
(24, '6-Control de Linealidad de Centros Muñon/Ojo de Biela', NULL, '2018-07-29 04:22:22', 5, 6),
(25, '7-Control de Pesos:', NULL, '2018-07-29 04:28:14', 5, 7),
(26, '8-Control de Planos Alaveo, Torceduras, Deformaciones', NULL, '2018-07-29 04:32:47', 5, 8),
(27, '9-Control de Encastre Tapas / Cuerpos', NULL, '2018-07-29 04:35:34', 5, 9),
(28, '10-Control de Tornillos Longitud y Filetes', NULL, '2018-07-29 04:49:55', 5, 10),
(29, '11-Bielas Perforadas, Control Conductos de Lubricacio?n', NULL, '2018-07-29 04:51:39', 5, 11),
(30, '1-Identificacion y Limpieza', NULL, '2018-07-29 14:22:13', 6, 1),
(31, '2-Diametro de Cilindros', NULL, '2018-07-29 14:22:22', 6, 2),
(32, '3-Extraccion de Camisas', NULL, '2018-07-29 14:22:33', 6, 3),
(33, '4-Busqueda de Fisuras e Incrustaciones', NULL, '2018-07-29 14:22:48', 6, 4),
(34, '5-Control Planos en 4 Costados', NULL, '2018-07-29 14:23:00', 6, 5),
(35, '6-Control de Roscas Internas y Prisioneros', NULL, '2018-07-29 14:23:08', 6, 6),
(36, '7-Control Circuitos de Agua y Aceite – Incrustaciones y/o Comunicacio?n', NULL, '2018-07-29 14:23:21', 6, 7),
(37, '8-Control de Alojamiento, Tapones y Bomba de Agua, y Bases de Conectores', NULL, '2018-07-29 14:49:39', 6, 8),
(38, '9-Control y Medicion de Cilindros (Rectificacion)', NULL, '2018-07-29 14:49:50', 6, 9),
(39, '10-Control Tornillos, Bancadas: Longitud, Perfil Rosca, Estado de Cabeza', NULL, '2018-07-29 14:50:00', 6, 10),
(40, '11-Control Tapas de Bancadas y Guias', NULL, '2018-07-29 14:50:12', 6, 11),
(41, '12-Medida de Alojamiento Arbol de Levas Sin Cojinetes', NULL, '2018-07-29 14:50:21', 6, 12),
(42, '13-Medida y Estado Reten de Bancada', NULL, '2018-07-29 14:50:36', 6, 13),
(43, '1-Ingreso de Pieza, Identificada, Limpia y Desarmada c/componentes', NULL, '2018-07-29 15:07:09', 7, 1),
(44, '2-Control y Evaluacion de Los Items 1,2,3', NULL, '2018-07-29 15:07:50', 7, 2),
(45, '3-Prueba Hidraulica (Area de Produccion)', NULL, '2018-07-29 15:19:45', 7, 3),
(46, '4-Control de Superficies de Elementos Anexos', NULL, '2018-07-29 15:28:07', 7, 4),
(47, '5-Control de Conductos', NULL, '2018-07-29 15:30:16', 7, 5),
(48, '6-Control de Superficie de Camaras de Combustion', NULL, '2018-07-29 15:35:31', 7, 6),
(49, '7-Control de Prisioneros Roscas internas y Agujeros', NULL, '2018-07-29 15:39:42', 7, 7),
(50, '8-Control y Medicion de Guias de Valvulas', NULL, '2018-07-29 15:40:55', 7, 8),
(51, '9-Alojamientos de Botadores', NULL, '2018-07-29 15:43:15', 7, 9),
(52, '10-Control Alojamiento Arbol de Levas (Tunel)', NULL, '2018-07-29 15:45:49', 7, 10),
(53, '11-Control Alojamiento Precamaras', NULL, '2018-07-29 15:49:28', 7, 11),
(54, '12-Control de Resortes Valvula', NULL, '2018-07-29 15:50:16', 7, 12),
(55, '13-Seguros y Platillos de Valvulas y Roto valvulas', NULL, '2018-07-29 15:54:06', 7, 13),
(56, '14-Asiento de Resortes Con y Sin Arandelas', NULL, '2018-07-29 16:05:25', 7, 14),
(57, '15-Bujias de Pre Calentamiento', NULL, '2018-07-29 16:06:44', 7, 15),
(58, 'A – Planilla de Control de VOLANTE', NULL, '2018-07-29 16:09:53', 8, 1),
(59, '1-Identificacion y Limpieza de la pieza', NULL, '2018-07-29 16:10:52', 8, 2),
(60, '2-Control de Fisuras y/o Deformaciones', NULL, '2018-07-29 16:11:25', 8, 3),
(61, '3-Medicion de Durezas en Espejo', NULL, '2018-07-29 16:12:04', 8, 4),
(62, '4-Control de Espesor', NULL, '2018-07-29 16:17:25', 8, 5),
(63, '5-Control Brida Acople', NULL, '2018-07-29 16:20:47', 8, 6),
(64, '6-Control Corona de Arranque Exterior-Interior', NULL, '2018-07-29 16:22:14', 8, 7),
(65, '7-Control de Roscas y Guias', NULL, '2018-07-29 17:27:59', 8, 8),
(66, 'B – Planilla de Control de PLACA DE EMBRAGUE', NULL, '2018-07-29 17:28:43', 8, 9),
(67, '1-Identificacion y Limpieza de la pieza', NULL, '2018-07-29 17:29:57', 8, 10),
(68, '2-Control de Elementos de Accionamiento', NULL, '2018-07-29 17:30:36', 8, 11),
(69, '3-Control de espejo de presion', NULL, '2018-07-29 17:35:51', 8, 12),
(70, '4-Control de Dureza', NULL, '2018-07-29 17:36:55', 8, 13),
(71, 'C – Planilla de Control de POLEA', NULL, '2018-07-29 17:38:37', 8, 14),
(72, '1-Identificacion y Limpieza de la pieza', NULL, '2018-07-29 17:39:09', 8, 15),
(73, '2-Control Alojamiento de Cigueñal', NULL, '2018-07-29 17:39:50', 8, 16),
(74, '3-Control Chavetero', NULL, '2018-07-29 17:40:58', 8, 17),
(75, '4-Control Canal de Correas', NULL, '2018-07-29 17:42:05', 8, 18),
(76, '1-Identificacion y Limpieza', NULL, '2018-07-29 17:52:00', 9, 1),
(77, '2-Control y Medida de Bancadas y Muñones.', NULL, '2018-07-29 18:00:45', 9, 2),
(78, '3-Medicion de Dureza de Bancada y Muñon', NULL, '2018-07-29 21:14:16', 9, 3),
(79, '4-Medicion de Radios de Bancadas y Muñon', NULL, '2018-07-29 21:41:00', 9, 4),
(80, '5-Control de MAGNAFLUX', NULL, '2018-07-29 23:14:50', 9, 5),
(81, '6-Control y Medicion de los Items A, B, C, D, E, F', NULL, '2018-07-29 23:21:07', 9, 6),
(83, '7-Control de Alineacion (Pandeo)', NULL, '2018-07-29 23:38:13', 9, 7),
(84, '8-Estado de Roscas y Alojamientos Tapones', NULL, '2018-07-29 23:39:13', 9, 8),
(85, '9-Control de Alojamiento Axial', NULL, '2018-07-29 23:43:44', 9, 9),
(1000, 'REGISTRO RECEPCION DE COMPONENTE', NULL, '2018-07-30 00:36:02', 1000, 1);

-- --------------------------------------------------------

--
-- Estructura de tabla para la tabla `frm_formularios`
--

CREATE TABLE `frm_formularios` (
  `form_id` int(11) NOT NULL,
  `nombre` varchar(1000) NOT NULL,
  `descripcion` varchar(3000) DEFAULT NULL,
  `habilitado` tinyint(1) NOT NULL DEFAULT '1',
  `fec_creacion` timestamp NOT NULL DEFAULT CURRENT_TIMESTAMP,
  `fec_deprecado` timestamp NULL DEFAULT NULL,
  `usuario` varchar(100) DEFAULT NULL
) ENGINE=InnoDB DEFAULT CHARSET=latin1;

--
-- Volcado de datos para la tabla `frm_formularios`
--

INSERT INTO `frm_formularios` (`form_id`, `nombre`, `descripcion`, `habilitado`, `fec_creacion`, `fec_deprecado`, `usuario`) VALUES
(1, 'Registro de Diagnostico y Reparacion de turbo RE-TAL-031', NULL, 1, '2018-07-28 15:50:08', NULL, NULL),
(2, 'Registro de diagnostico de bombas inyectoras RE-TAL-030', NULL, 1, '2018-07-28 17:02:02', NULL, NULL),
(3, 'Registro diagnostico piezas no mecanizadas RE-TAL-008', NULL, 1, '2018-07-28 17:12:16', NULL, NULL),
(4, 'Registro diagnostico arbol de levas RE-TAL-007', NULL, 1, '2018-07-28 23:03:00', NULL, NULL),
(5, 'Registro diagnostico compresor RE-TAL-006', NULL, 1, '2018-07-28 23:29:06', NULL, NULL),
(6, 'Registro diagnostico block de motor RE-TAL-005', NULL, 1, '2018-07-29 14:21:34', NULL, NULL),
(7, 'Registro diagnostico tapa de cilindro RE-TAL-004', NULL, 1, '2018-07-29 15:04:59', NULL, NULL),
(8, 'Registro diagnostico Volante Placa y Polea RE-TAL-003', NULL, 1, '2018-07-29 16:08:45', NULL, NULL),
(9, 'Registro diagnostico cigueñal RE-TAL-001', NULL, 1, '2018-07-29 17:50:14', NULL, NULL),
(1000, 'Registro Recepcion de componente RE-TAL-009', NULL, 1, '2018-07-30 00:35:27', NULL, NULL);

-- --------------------------------------------------------

--
-- Estructura de tabla para la tabla `frm_formularios_completados`
--

CREATE TABLE `frm_formularios_completados` (
  `FOCO_ID` int(11) NOT NULL,
  `FORM_NOMBRE` varchar(1000) NOT NULL,
  `CATE_NOMBRE` varchar(1000) NOT NULL,
  `GRUP_NOMBRE` varchar(1000) NOT NULL,
  `VALO_NOMBRE` varchar(2000) NOT NULL,
  `TIDA_NOMBRE` varchar(100) NOT NULL,
  `VALOR` longtext NOT NULL,
  `FORM_ID` int(11) NOT NULL,
  `REFERENCIA` text,
  `FEC_CREACION` timestamp NOT NULL DEFAULT CURRENT_TIMESTAMP,
  `USUARIO` varchar(100) NOT NULL,
  `ORDEN` int(11) DEFAULT NULL
) ENGINE=InnoDB DEFAULT CHARSET=latin1;

-- --------------------------------------------------------

--
-- Estructura de tabla para la tabla `frm_grupos`
--

CREATE TABLE `frm_grupos` (
  `GRUP_ID` int(11) NOT NULL,
  `NOMBRE` varchar(1000) NOT NULL,
  `PISTA` varchar(1000) DEFAULT NULL,
  `FEC_CREACION` timestamp NOT NULL DEFAULT CURRENT_TIMESTAMP,
  `CATE_ID` int(11) DEFAULT NULL,
  `ORDEN` int(11) DEFAULT NULL
) ENGINE=InnoDB DEFAULT CHARSET=latin1;

--
-- Volcado de datos para la tabla `frm_grupos`
--

INSERT INTO `frm_grupos` (`GRUP_ID`, `NOMBRE`, `PISTA`, `FEC_CREACION`, `CATE_ID`, `ORDEN`) VALUES
(1, 'A-Turbina', NULL, '2018-07-28 15:53:39', 1, 1),
(2, 'B-Rueda Compresora', NULL, '2018-07-28 16:01:40', 1, 2),
(3, 'C-Carcaza de Admision', NULL, '2018-07-28 16:03:06', 1, 3),
(4, 'D-Carcaza de Escape', NULL, '2018-07-28 16:04:05', 1, 4),
(5, 'E-Valvula WG', NULL, '2018-07-28 16:05:18', 1, 5),
(6, 'F-Valvula Electronica Geo Variable', NULL, '2018-07-28 16:06:03', 1, 6),
(7, 'G-Valvula Comandada por WG', NULL, '2018-07-28 16:07:51', 1, 7),
(8, 'H-Mecanismo de Geo Variable', NULL, '2018-07-28 16:08:38', 1, 8),
(9, '1-Eje:', NULL, '2018-07-28 16:16:25', 2, 1),
(10, '2-Cuerpo', NULL, '2018-07-28 16:20:01', 2, 2),
(11, '3-Placa Trasera ', NULL, '2018-07-28 16:21:47', 2, 3),
(12, '4-Sistema Axial', NULL, '2018-07-28 16:23:15', 2, 4),
(13, '5-Aros', NULL, '2018-07-28 16:24:22', 2, 5),
(14, '6-Bujes', NULL, '2018-07-28 16:24:28', 2, 6),
(15, 'Descripcion De Bomba:', NULL, '2018-07-28 17:04:30', 3, 1),
(16, 'Descripcio de Inyectores:', NULL, '2018-07-28 17:06:55', 3, 2),
(17, '', NULL, '2018-07-28 17:15:26', 4, 1),
(18, '1-Tapa Valvula', NULL, '2018-07-28 17:18:20', 5, 1),
(19, '2-Tapa Distribucion', NULL, '2018-07-28 17:21:38', 5, 2),
(20, '3-Carter', NULL, '2018-07-28 17:23:19', 5, 3),
(21, '4-Carcaza Cubre Volante', NULL, '2018-07-28 17:24:48', 5, 4),
(22, '5-Laterales de Block (inspeccion)', NULL, '2018-07-28 17:26:34', 5, 5),
(23, '1-Volante', NULL, '2018-07-28 17:33:40', 6, 1),
(24, '2-Corona de Arranque', NULL, '2018-07-28 17:33:56', 6, 2),
(25, '3-Polea de Cigueñal', NULL, '2018-07-28 17:34:10', 6, 3),
(26, '4-Engranaje de Distribucion', NULL, '2018-07-28 17:35:12', 6, 4),
(27, '5-Cadena de Distribucion ', NULL, '2018-07-28 17:35:32', 6, 5),
(28, '6-Tensor y Patin de Cadena', NULL, '2018-07-28 17:42:47', 6, 6),
(29, '7-Placa y Disco Embrague', NULL, '2018-07-28 17:43:53', 6, 7),
(30, '8-Paleta de Ventilador', NULL, '2018-07-28 17:45:59', 6, 8),
(31, '9-Poleas de Accesorios (Bomba de Agua)', NULL, '2018-07-28 17:51:54', 6, 9),
(32, '10-Polea Multicanal', NULL, '2018-07-28 17:56:28', 6, 10),
(33, '11-Tensores Multicanal', NULL, '2018-07-28 17:56:38', 6, 11),
(34, '1-Bomba de Aceite', NULL, '2018-07-28 18:00:26', 7, 1),
(35, '2-Bulbo Presion de Aceite', NULL, '2018-07-28 18:01:13', 7, 2),
(36, '3-Tubo Carga de Aceite', NULL, '2018-07-28 18:01:24', 7, 3),
(37, '4-Tubo de Alimentacion de Turbo', NULL, '2018-07-28 18:01:33', 7, 4),
(38, '5-Tubo Retorno de Turbo', NULL, '2018-07-28 18:01:45', 7, 5),
(39, '6-Tubo Porta Varilla de Aceite', NULL, '2018-07-28 18:01:53', 7, 6),
(40, '7- Varilla de Aceite', NULL, '2018-07-28 18:02:25', 7, 7),
(41, '8-Porta Filtro de Aceite Inferior', NULL, '2018-07-28 18:07:04', 7, 8),
(42, '9-Porta Filtro de Aceite Superior', NULL, '2018-07-28 18:07:16', 7, 9),
(43, '10-Respiradero de Motor', NULL, '2018-07-28 18:07:27', 7, 10),
(44, '11-Tubos de Lubricacion de Accesorios', NULL, '2018-07-28 18:07:44', 7, 11),
(45, '12-Chupador de Bomba de Aceite', NULL, '2018-07-28 18:08:04', 7, 12),
(46, '13-Radiador de Aceite', NULL, '2018-07-28 18:08:18', 7, 13),
(47, '1-Bomba de Agua', NULL, '2018-07-28 18:22:31', 8, 1),
(48, '2-Bulbo de Temperatura', NULL, '2018-07-28 18:22:47', 8, 2),
(49, '3-Termostato', NULL, '2018-07-28 18:22:54', 8, 3),
(50, '4-Porta Termostato Inferior', NULL, '2018-07-28 18:23:03', 8, 4),
(51, '5-Porta Termostato Superior', NULL, '2018-07-28 18:23:13', 8, 5),
(52, '6-Inter Cooler', NULL, '2018-07-28 18:23:24', 8, 6),
(53, '7-Polea de Ventilador', NULL, '2018-07-28 18:23:35', 8, 7),
(54, '8-Tuberia de Accesorios de Agua', NULL, '2018-07-28 18:23:44', 8, 8),
(55, '9-Tuberia de Agua Turbo', NULL, '2018-07-28 18:23:55', 8, 9),
(56, '10- Mangueras de Agua', NULL, '2018-07-28 18:24:11', 8, 10),
(57, '1-Bomba Inyectora', NULL, '2018-07-28 18:39:54', 9, 1),
(58, '2-Bomba de Presion Principal', NULL, '2018-07-28 18:41:44', 9, 2),
(59, '3-Inyectores', NULL, '2018-07-28 18:43:54', 9, 3),
(60, '4-Bujias de Precalentamiento', NULL, '2018-07-28 18:45:06', 9, 4),
(61, '5-Tubos de Inyectores', NULL, '2018-07-28 18:46:51', 9, 5),
(62, '6-Tubo Alimentador Comb.', NULL, '2018-07-28 18:48:20', 9, 6),
(63, '7-Tubo Retorno Comb.', NULL, '2018-07-28 18:51:39', 9, 7),
(64, '8-Porta Filtro de Aire', NULL, '2018-07-28 18:53:49', 9, 8),
(65, '9-Sistema de Aceleracion', NULL, '2018-07-28 18:54:46', 9, 9),
(66, '10-Sistema de Arranque y Parada', NULL, '2018-07-28 18:56:05', 9, 10),
(67, '11-Sistema de Purgado', NULL, '2018-07-28 18:57:53', 9, 11),
(68, '12-Porta Filtro de Combustible', NULL, '2018-07-28 18:59:52', 9, 12),
(69, '13-Multiple de Admision', NULL, '2018-07-28 19:01:33', 9, 13),
(70, 'a)Inyectores', NULL, '2018-07-28 19:07:18', 10, 1),
(71, 'b)Motores PAP', NULL, '2018-07-28 19:07:33', 10, 2),
(72, 'c)Bomba Alimentador', NULL, '2018-07-28 19:07:52', 10, 3),
(73, 'd)Tubos Distribucion', NULL, '2018-07-28 19:08:06', 10, 4),
(74, 'e)Porta Filtros', NULL, '2018-07-28 19:08:24', 10, 5),
(75, 'f)Tubos de Retorno', NULL, '2018-07-28 19:08:38', 10, 6),
(77, '15-Bomba Alimentadora', NULL, '2018-07-28 22:42:55', 10, 8),
(78, '16-Cañerias de Combustible en General', NULL, '2018-07-28 22:43:15', 10, 9),
(79, '17-Valvulas de Sobre Presion de Combustible', NULL, '2018-07-28 22:43:28', 10, 10),
(80, '', NULL, '2018-07-28 23:04:07', 11, 1),
(81, 'Levas Admision', NULL, '2018-07-28 23:07:10', 12, 1),
(82, 'Levas Escape', NULL, '2018-07-28 23:07:17', 12, 2),
(83, 'Apoyo de Levas', NULL, '2018-07-28 23:07:25', 12, 3),
(85, '', NULL, '2018-07-28 23:12:17', 13, 1),
(86, '', NULL, '2018-07-28 23:13:47', 14, 1),
(87, 'Levas Admision', NULL, '2018-07-28 23:17:10', 15, 1),
(88, 'Levas Escape:', NULL, '2018-07-28 23:17:57', 15, 2),
(89, 'Apoyo de Leva:', NULL, '2018-07-28 23:18:49', 15, 3),
(90, '1 – Roscas Internas', NULL, '2018-07-28 23:21:58', 16, 1),
(91, '2 – Chavetero', NULL, '2018-07-28 23:22:04', 16, 2),
(92, ' 3 – Brida', NULL, '2018-07-28 23:22:10', 16, 3),
(93, '4 – Otros', NULL, '2018-07-28 23:22:17', 16, 4),
(94, '', NULL, '2018-07-28 23:23:05', 17, 1),
(95, '', NULL, '2018-07-28 23:23:11', 18, 1),
(96, '', NULL, '2018-07-28 23:29:50', 19, 1),
(97, '01', NULL, '2018-07-28 23:30:59', 20, 1),
(98, '02', NULL, '2018-07-28 23:31:01', 20, 2),
(99, '03', NULL, '2018-07-28 23:31:04', 20, 3),
(101, '04', NULL, '2018-07-28 23:33:30', 20, 4),
(102, '05', NULL, '2018-07-28 23:33:32', 20, 5),
(103, '06', NULL, '2018-07-28 23:33:35', 20, 6),
(104, '07', NULL, '2018-07-28 23:33:40', 20, 7),
(105, '08', NULL, '2018-07-28 23:33:47', 20, 8),
(106, '09', NULL, '2018-07-28 23:33:51', 20, 9),
(107, '10', NULL, '2018-07-28 23:33:54', 20, 10),
(108, '11', NULL, '2018-07-28 23:33:56', 20, 11),
(109, '12', NULL, '2018-07-28 23:33:58', 20, 12),
(110, '13', NULL, '2018-07-28 23:34:00', 20, 13),
(111, '14', NULL, '2018-07-28 23:34:03', 20, 14),
(112, '15', NULL, '2018-07-28 23:34:06', 20, 15),
(113, '16', NULL, '2018-07-28 23:34:09', 20, 16),
(114, 'n', NULL, '2018-07-28 23:34:12', 20, 17),
(122, '01', NULL, '2018-07-28 23:45:30', 21, 1),
(123, '02', NULL, '2018-07-28 23:45:32', 21, 2),
(124, '03', NULL, '2018-07-28 23:45:35', 21, 3),
(125, '04', NULL, '2018-07-28 23:45:37', 21, 4),
(126, '05', NULL, '2018-07-28 23:45:39', 21, 5),
(127, '06', NULL, '2018-07-28 23:45:41', 21, 6),
(128, '07', NULL, '2018-07-28 23:45:45', 21, 7),
(129, '08', NULL, '2018-07-28 23:45:48', 21, 8),
(130, '09', NULL, '2018-07-28 23:45:51', 21, 9),
(131, '10', NULL, '2018-07-28 23:45:53', 21, 10),
(132, '11', NULL, '2018-07-28 23:45:55', 21, 11),
(133, '12', NULL, '2018-07-28 23:45:57', 21, 12),
(134, '13', NULL, '2018-07-28 23:46:00', 21, 13),
(135, '14', NULL, '2018-07-28 23:46:03', 21, 14),
(136, '15', NULL, '2018-07-28 23:46:06', 21, 15),
(137, '16', NULL, '2018-07-28 23:46:09', 21, 16),
(138, 'n', NULL, '2018-07-28 23:46:11', 21, 17),
(140, '', NULL, '2018-07-28 23:50:10', 22, 1),
(141, '01', NULL, '2018-07-28 23:51:32', 22, 2),
(142, '02', NULL, '2018-07-28 23:51:34', 22, 3),
(143, '03', NULL, '2018-07-29 00:01:37', 22, 4),
(144, '04', NULL, '2018-07-29 00:01:42', 22, 5),
(145, '05', NULL, '2018-07-29 00:01:45', 22, 6),
(146, '06', NULL, '2018-07-29 00:01:48', 22, 7),
(147, '07', NULL, '2018-07-29 00:02:04', 22, 8),
(148, '08', NULL, '2018-07-29 00:02:07', 22, 9),
(149, '09', NULL, '2018-07-29 00:02:11', 22, 10),
(150, '10', NULL, '2018-07-29 00:02:15', 22, 11),
(151, '11', NULL, '2018-07-29 00:02:17', 22, 12),
(152, '12', NULL, '2018-07-29 00:02:19', 22, 13),
(153, '13', NULL, '2018-07-29 00:02:22', 22, 14),
(154, '14', NULL, '2018-07-29 00:02:25', 22, 15),
(155, '15', NULL, '2018-07-29 00:02:28', 22, 16),
(156, '16', NULL, '2018-07-29 00:02:32', 22, 17),
(157, 'N', NULL, '2018-07-29 00:02:35', 22, 18),
(158, '', NULL, '2018-07-29 00:15:10', 23, 1),
(159, '01', NULL, '2018-07-29 00:15:44', 23, 2),
(160, '02', NULL, '2018-07-29 00:15:48', 23, 3),
(161, '03', NULL, '2018-07-29 00:15:52', 23, 4),
(162, '04', NULL, '2018-07-29 00:15:56', 23, 5),
(163, '05', NULL, '2018-07-29 00:15:59', 23, 6),
(164, '06', NULL, '2018-07-29 00:16:05', 23, 7),
(165, '07', NULL, '2018-07-29 00:16:08', 23, 8),
(166, '08', NULL, '2018-07-29 00:16:10', 23, 9),
(167, '09', NULL, '2018-07-29 00:16:13', 23, 10),
(168, '10', NULL, '2018-07-29 00:16:16', 23, 11),
(169, '11', NULL, '2018-07-29 00:16:18', 23, 12),
(170, '12', NULL, '2018-07-29 00:16:20', 23, 13),
(171, '13', NULL, '2018-07-29 00:16:22', 23, 14),
(172, '14', NULL, '2018-07-29 00:16:24', 23, 15),
(173, '15', NULL, '2018-07-29 00:16:27', 23, 16),
(174, '16', NULL, '2018-07-29 00:16:30', 23, 17),
(175, 'n', NULL, '2018-07-29 00:16:32', 23, 18),
(176, '01', NULL, '2018-07-29 04:22:29', 24, 1),
(177, '02', NULL, '2018-07-29 04:22:46', 24, 2),
(178, '03', NULL, '2018-07-29 04:22:54', 24, 3),
(179, '04', NULL, '2018-07-29 04:23:05', 24, 4),
(180, '05', NULL, '2018-07-29 04:23:13', 24, 5),
(181, '06', NULL, '2018-07-29 04:25:22', 24, 6),
(182, '07', NULL, '2018-07-29 04:25:30', 24, 7),
(183, '08', NULL, '2018-07-29 04:25:38', 24, 8),
(184, '09', NULL, '2018-07-29 04:25:49', 24, 9),
(185, '10', NULL, '2018-07-29 04:25:59', 24, 10),
(186, '11', NULL, '2018-07-29 04:26:05', 24, 11),
(187, '12', NULL, '2018-07-29 04:26:12', 24, 12),
(188, '13', NULL, '2018-07-29 04:26:20', 24, 13),
(189, '14', NULL, '2018-07-29 04:26:30', 24, 14),
(190, '15', NULL, '2018-07-29 04:26:39', 24, 15),
(191, '16', NULL, '2018-07-29 04:26:48', 24, 16),
(192, 'n', NULL, '2018-07-29 04:26:57', 24, 17),
(193, '', NULL, '2018-07-29 04:28:23', 25, 1),
(194, '01', NULL, '2018-07-29 04:29:28', 25, 2),
(195, '02', NULL, '2018-07-29 04:29:34', 25, 3),
(196, '03', NULL, '2018-07-29 04:30:06', 25, 4),
(197, '04', NULL, '2018-07-29 04:30:13', 25, 5),
(198, '05', NULL, '2018-07-29 04:30:24', 25, 6),
(199, '06', NULL, '2018-07-29 04:30:33', 25, 7),
(200, '07', NULL, '2018-07-29 04:30:38', 25, 8),
(201, '08', NULL, '2018-07-29 04:30:43', 25, 9),
(202, '09', NULL, '2018-07-29 04:30:47', 25, 10),
(203, '10', NULL, '2018-07-29 04:30:50', 25, 11),
(204, '11', NULL, '2018-07-29 04:30:52', 25, 12),
(205, '12', NULL, '2018-07-29 04:30:54', 25, 13),
(206, '13', NULL, '2018-07-29 04:30:57', 25, 14),
(207, '14', NULL, '2018-07-29 04:31:00', 25, 15),
(208, '15', NULL, '2018-07-29 04:31:04', 25, 16),
(209, '16', NULL, '2018-07-29 04:31:07', 25, 17),
(210, 'n', NULL, '2018-07-29 04:31:10', 25, 18),
(211, '01', NULL, '2018-07-29 04:32:56', 26, 1),
(212, '02', NULL, '2018-07-29 04:32:59', 26, 2),
(213, '03', NULL, '2018-07-29 04:33:02', 26, 3),
(214, '04', NULL, '2018-07-29 04:33:04', 26, 4),
(215, '05', NULL, '2018-07-29 04:33:07', 26, 5),
(216, '06', NULL, '2018-07-29 04:33:10', 26, 6),
(217, '07', NULL, '2018-07-29 04:33:13', 26, 7),
(218, '08', NULL, '2018-07-29 04:33:17', 26, 8),
(219, '09', NULL, '2018-07-29 04:33:20', 26, 9),
(220, '10', NULL, '2018-07-29 04:33:25', 26, 10),
(221, '11', NULL, '2018-07-29 04:33:26', 26, 11),
(222, '12', NULL, '2018-07-29 04:33:28', 26, 12),
(223, '13', NULL, '2018-07-29 04:33:31', 26, 13),
(224, '14', NULL, '2018-07-29 04:33:34', 26, 14),
(225, '15', NULL, '2018-07-29 04:33:36', 26, 15),
(226, '16', NULL, '2018-07-29 04:33:43', 26, 16),
(227, 'n', NULL, '2018-07-29 04:33:46', 26, 17),
(228, '01', NULL, '2018-07-29 04:35:48', 27, 1),
(229, '02', NULL, '2018-07-29 04:35:51', 27, 2),
(230, '03', NULL, '2018-07-29 04:35:56', 27, 3),
(231, '04', NULL, '2018-07-29 04:35:59', 27, 4),
(232, '05', NULL, '2018-07-29 04:36:03', 27, 5),
(233, '06', NULL, '2018-07-29 04:36:06', 27, 6),
(234, '07', NULL, '2018-07-29 04:36:13', 27, 7),
(235, '08', NULL, '2018-07-29 04:36:16', 27, 8),
(236, '09', NULL, '2018-07-29 04:36:20', 27, 9),
(237, '10', NULL, '2018-07-29 04:36:23', 27, 10),
(238, '11', NULL, '2018-07-29 04:36:25', 27, 11),
(239, '12', NULL, '2018-07-29 04:36:27', 27, 12),
(240, '13', NULL, '2018-07-29 04:36:29', 27, 13),
(241, '14', NULL, '2018-07-29 04:36:32', 27, 14),
(242, '15', NULL, '2018-07-29 04:36:35', 27, 15),
(243, '16', NULL, '2018-07-29 04:36:38', 27, 16),
(244, 'n', NULL, '2018-07-29 04:36:41', 27, 17),
(245, '01', NULL, '2018-07-29 04:50:09', 28, 1),
(246, '02', NULL, '2018-07-29 04:50:12', 28, 2),
(247, '03', NULL, '2018-07-29 04:50:15', 28, 3),
(248, '04', NULL, '2018-07-29 04:50:18', 28, 4),
(249, '05', NULL, '2018-07-29 04:50:20', 28, 5),
(250, '06', NULL, '2018-07-29 04:50:22', 28, 6),
(251, '07', NULL, '2018-07-29 04:50:25', 28, 7),
(252, '08', NULL, '2018-07-29 04:50:27', 28, 8),
(253, '09', NULL, '2018-07-29 04:50:30', 28, 9),
(254, '10', NULL, '2018-07-29 04:50:32', 28, 10),
(255, '11', NULL, '2018-07-29 04:50:34', 28, 11),
(256, '12', NULL, '2018-07-29 04:50:36', 28, 12),
(257, '13', NULL, '2018-07-29 04:50:38', 28, 13),
(258, '14', NULL, '2018-07-29 04:50:40', 28, 14),
(259, '15', NULL, '2018-07-29 04:50:42', 28, 15),
(260, '16', NULL, '2018-07-29 04:50:44', 28, 16),
(261, 'n', NULL, '2018-07-29 04:50:46', 28, 17),
(262, '01', NULL, '2018-07-29 04:52:05', 29, 1),
(263, '02', NULL, '2018-07-29 04:52:09', 29, 2),
(264, '03', NULL, '2018-07-29 04:52:16', 29, 3),
(265, '04', NULL, '2018-07-29 04:52:22', 29, 4),
(266, '05', NULL, '2018-07-29 04:52:27', 29, 5),
(267, '06', NULL, '2018-07-29 04:52:33', 29, 6),
(268, '07', NULL, '2018-07-29 04:52:39', 29, 7),
(269, '08', NULL, '2018-07-29 04:52:45', 29, 8),
(270, '09', NULL, '2018-07-29 04:52:53', 29, 9),
(271, '10', NULL, '2018-07-29 04:52:59', 29, 10),
(272, '11', NULL, '2018-07-29 04:53:04', 29, 11),
(273, '12', NULL, '2018-07-29 04:53:09', 29, 12),
(274, '13', NULL, '2018-07-29 04:53:15', 29, 13),
(275, '14', NULL, '2018-07-29 04:53:23', 29, 14),
(276, '15', NULL, '2018-07-29 04:53:30', 29, 15),
(277, '16', NULL, '2018-07-29 04:53:38', 29, 16),
(278, 'n', NULL, '2018-07-29 04:53:43', 29, 17),
(279, '', NULL, '2018-07-29 14:23:41', 30, 1),
(292, 'Medida:', NULL, '2018-07-29 14:27:00', 31, 1),
(293, 'Medida:', NULL, '2018-07-29 14:27:02', 31, 2),
(294, 'Medida:', NULL, '2018-07-29 14:27:09', 31, 3),
(295, 'Medida:', NULL, '2018-07-29 14:27:11', 31, 4),
(296, 'Medida:', NULL, '2018-07-29 14:27:13', 31, 5),
(297, 'Medida:', NULL, '2018-07-29 14:27:15', 31, 6),
(298, 'Medida:', NULL, '2018-07-29 14:27:16', 31, 7),
(299, 'Medida:', NULL, '2018-07-29 14:27:19', 31, 8),
(300, 'Medida:', NULL, '2018-07-29 14:27:22', 31, 9),
(301, 'Medida:', NULL, '2018-07-29 14:27:24', 31, 10),
(302, '', NULL, '2018-07-29 14:28:41', 31, 11),
(303, 'Medida:', NULL, '2018-07-29 14:31:50', 32, 1),
(304, 'Medida:', NULL, '2018-07-29 14:31:52', 32, 2),
(305, 'Medida:', NULL, '2018-07-29 14:31:54', 32, 3),
(306, 'Medida:', NULL, '2018-07-29 14:31:55', 32, 4),
(307, 'Medida:', NULL, '2018-07-29 14:31:57', 32, 5),
(308, 'Medida:', NULL, '2018-07-29 14:31:59', 32, 6),
(309, 'Medida:', NULL, '2018-07-29 14:32:01', 32, 7),
(310, 'Medida:', NULL, '2018-07-29 14:32:02', 32, 8),
(311, 'Medida:', NULL, '2018-07-29 14:32:04', 32, 9),
(312, 'Medida:', NULL, '2018-07-29 14:32:06', 32, 10),
(313, '', NULL, '2018-07-29 14:34:13', 32, 11),
(314, '01', NULL, '2018-07-29 14:43:33', 33, 1),
(315, '02', NULL, '2018-07-29 14:43:36', 33, 2),
(316, '03', NULL, '2018-07-29 14:43:40', 33, 3),
(317, '04', NULL, '2018-07-29 14:43:43', 33, 4),
(318, '05', NULL, '2018-07-29 14:43:45', 33, 5),
(319, '06', NULL, '2018-07-29 14:43:47', 33, 6),
(321, '08', NULL, '2018-07-29 14:43:52', 33, 8),
(322, '12', NULL, '2018-07-29 14:44:05', 33, 9),
(323, '16', NULL, '2018-07-29 14:44:08', 33, 10),
(324, 'n', NULL, '2018-07-29 14:44:10', 33, 11),
(326, 'Observaciones:', NULL, '2018-07-29 14:46:36', 33, 12),
(327, 'Superior:', NULL, '2018-07-29 14:47:14', 34, 1),
(328, 'Inferior:', NULL, '2018-07-29 14:47:19', 34, 2),
(329, 'Frontal:', NULL, '2018-07-29 14:47:24', 34, 3),
(330, 'Trasero:', NULL, '2018-07-29 14:47:30', 34, 4),
(331, 'Planos Multiples:', NULL, '2018-07-29 14:47:39', 34, 5),
(332, 'Roscas Internas:', NULL, '2018-07-29 14:48:16', 35, 1),
(333, 'Prisioneros:', NULL, '2018-07-29 14:48:25', 35, 2),
(334, 'Agua:', NULL, '2018-07-29 14:48:55', 36, 1),
(335, 'Aceite:', NULL, '2018-07-29 14:49:01', 36, 2),
(336, 'Alojamiento:', NULL, '2018-07-29 14:50:55', 37, 1),
(337, 'Bases:', NULL, '2018-07-29 14:50:59', 37, 2),
(338, 'Medida:', NULL, '2018-07-29 14:51:52', 38, 1),
(339, 'Medida:', NULL, '2018-07-29 14:52:14', 38, 2),
(340, 'Medida:', NULL, '2018-07-29 14:52:16', 38, 3),
(341, 'Medida:', NULL, '2018-07-29 14:52:18', 38, 4),
(342, 'Medida:', NULL, '2018-07-29 14:52:20', 38, 5),
(343, 'Medida:', NULL, '2018-07-29 14:52:22', 38, 6),
(344, 'Medida:', NULL, '2018-07-29 14:52:25', 38, 7),
(345, 'Medida:', NULL, '2018-07-29 14:52:27', 38, 8),
(346, 'Medida:', NULL, '2018-07-29 14:52:30', 38, 9),
(348, 'Indique: Ovalos / Conicidad y Altura', NULL, '2018-07-29 14:54:41', 38, 10),
(349, 'Banc 1', NULL, '2018-07-29 14:55:11', 39, 1),
(350, 'Banc 2', NULL, '2018-07-29 14:55:14', 39, 2),
(351, 'Banc 3', NULL, '2018-07-29 14:55:19', 39, 3),
(352, 'Banc 4', NULL, '2018-07-29 14:55:22', 39, 4),
(353, 'Banc 5', NULL, '2018-07-29 14:55:25', 39, 5),
(354, 'Banc 6', NULL, '2018-07-29 14:55:28', 39, 6),
(355, 'Banc 7', NULL, '2018-07-29 14:55:34', 39, 7),
(356, 'Banc n', NULL, '2018-07-29 14:55:39', 39, 8),
(357, 'Banc 1', NULL, '2018-07-29 14:58:27', 40, 1),
(358, 'Banc 2', NULL, '2018-07-29 14:58:30', 40, 2),
(359, 'Banc 3', NULL, '2018-07-29 14:58:34', 40, 3),
(360, 'Banc 4 ', NULL, '2018-07-29 14:58:37', 40, 4),
(361, 'Banc 5', NULL, '2018-07-29 14:58:40', 40, 5),
(362, 'Banc 6', NULL, '2018-07-29 14:58:44', 40, 6),
(363, 'Banc n', NULL, '2018-07-29 14:58:48', 40, 7),
(364, 'Indique Estado de Guias:', NULL, '2018-07-29 14:59:58', 40, 8),
(365, 'Medida:', NULL, '2018-07-29 15:01:12', 41, 1),
(366, 'Medida:', NULL, '2018-07-29 15:01:14', 41, 2),
(367, 'Medida:', NULL, '2018-07-29 15:01:16', 41, 3),
(368, 'Medida:', NULL, '2018-07-29 15:01:18', 41, 4),
(369, 'Medida:', NULL, '2018-07-29 15:01:21', 41, 5),
(370, '', NULL, '2018-07-29 15:02:51', 42, 1),
(371, '', NULL, '2018-07-29 15:07:16', 43, 1),
(372, '1 - Altura de Tapa', NULL, '2018-07-29 15:08:07', 44, 1),
(373, '2 - Control de Planos', NULL, '2018-07-29 15:08:28', 44, 2),
(374, '3 – Fisuras Expuestas', NULL, '2018-07-29 15:08:41', 44, 3),
(375, '', NULL, '2018-07-29 15:22:46', 45, 1),
(376, 'Sup. Base Bomba de Agua', NULL, '2018-07-29 15:28:19', 46, 1),
(377, 'Sup. Base Admision – Escape', NULL, '2018-07-29 15:28:26', 46, 2),
(378, 'Sup. Base Taba Valvulas', NULL, '2018-07-29 15:28:34', 46, 3),
(379, 'Otros', NULL, '2018-07-29 15:28:42', 46, 4),
(380, 'Conductos de Lubricacion:', NULL, '2018-07-29 15:30:58', 47, 1),
(381, 'Conductos de Refrigeracion:', NULL, '2018-07-29 15:31:13', 47, 2),
(382, 'Comunicados', NULL, '2018-07-29 15:31:24', 47, 3),
(383, '', NULL, '2018-07-29 15:35:40', 48, 1),
(384, 'Observaciones:', NULL, '2018-07-29 15:35:52', 48, 2),
(385, 'Prisioneros:', NULL, '2018-07-29 15:39:57', 49, 1),
(386, 'Roscas Internas:', NULL, '2018-07-29 15:40:06', 49, 2),
(387, 'Agujeros:', NULL, '2018-07-29 15:40:14', 49, 3),
(388, '', NULL, '2018-07-29 15:41:59', 50, 1),
(389, 'Observaciones:', NULL, '2018-07-29 15:42:46', 50, 2),
(390, '', NULL, '2018-07-29 15:43:36', 51, 1),
(391, '', NULL, '2018-07-29 15:46:02', 52, 1),
(392, '', NULL, '2018-07-29 15:49:36', 53, 1),
(393, 'Tension de Precamara:', NULL, '2018-07-29 15:50:45', 54, 1),
(394, 'Tension de Carga:', NULL, '2018-07-29 15:50:52', 54, 2),
(395, 'Cambiar:', NULL, '2018-07-29 15:50:59', 54, 3),
(396, 'Observaciones:', NULL, '2018-07-29 15:51:06', 54, 4),
(397, 'Seguros:', NULL, '2018-07-29 15:54:21', 55, 1),
(398, 'Platillos:', NULL, '2018-07-29 15:54:29', 55, 2),
(399, '', NULL, '2018-07-29 16:05:50', 56, 1),
(400, '', NULL, '2018-07-29 16:06:50', 57, 1),
(401, '', NULL, '2018-07-29 16:11:04', 59, 1),
(402, '', NULL, '2018-07-29 16:11:30', 60, 1),
(403, 'Medir dureza en cuatro puntos del espejo, a 90o c/u', NULL, '2018-07-29 16:12:20', 61, 1),
(410, 'Valor Obtenido:', NULL, '2018-07-29 16:15:46', 61, 2),
(411, 'Observaciones:', NULL, '2018-07-29 16:16:44', 61, 3),
(412, '', NULL, '2018-07-29 16:17:38', 62, 1),
(414, 'Pista:', NULL, '2018-07-29 16:20:57', 63, 1),
(415, 'Respaldo:', NULL, '2018-07-29 16:21:08', 63, 2),
(416, 'Agujeros:', NULL, '2018-07-29 16:21:38', 63, 3),
(417, 'Altura de Dientes:', NULL, '2018-07-29 16:22:31', 64, 1),
(418, 'Angulo de Entrada:', NULL, '2018-07-29 16:22:39', 64, 2),
(420, 'Fisura:', NULL, '2018-07-29 16:24:10', 64, 3),
(421, 'Linealidad:', NULL, '2018-07-29 16:24:21', 64, 4),
(422, 'Roscas:', NULL, '2018-07-29 17:28:13', 65, 1),
(423, 'Guias:', NULL, '2018-07-29 17:28:17', 65, 2),
(424, 'Observaciones:', NULL, '2018-07-29 17:28:26', 65, 3),
(425, '', NULL, '2018-07-29 17:30:03', 67, 1),
(426, '', NULL, '2018-07-29 17:33:57', 68, 1),
(427, '', NULL, '2018-07-29 17:36:02', 69, 1),
(428, 'Medir dureza en cuatro puntos del espejo a 90o c/u', NULL, '2018-07-29 17:37:10', 70, 1),
(429, 'Valor Obtenido:', NULL, '2018-07-29 17:37:44', 70, 2),
(430, '', NULL, '2018-07-29 17:39:16', 72, 1),
(431, '', NULL, '2018-07-29 17:39:56', 73, 1),
(432, '', NULL, '2018-07-29 17:41:03', 74, 1),
(433, '', NULL, '2018-07-29 17:42:08', 75, 1),
(434, '', NULL, '2018-07-29 17:52:05', 76, 1),
(435, 'B1', NULL, '2018-07-29 18:05:18', 77, 1),
(436, 'B2', NULL, '2018-07-29 18:05:29', 77, 2),
(437, 'B3', NULL, '2018-07-29 18:05:32', 77, 3),
(438, 'B4', NULL, '2018-07-29 18:05:35', 77, 4),
(439, 'B5', NULL, '2018-07-29 18:05:38', 77, 5),
(440, 'B6', NULL, '2018-07-29 18:05:42', 77, 6),
(441, 'B7', NULL, '2018-07-29 18:05:46', 77, 7),
(442, 'B8', NULL, '2018-07-29 18:05:50', 77, 8),
(443, 'B9', NULL, '2018-07-29 18:06:00', 77, 9),
(444, 'B10', NULL, '2018-07-29 18:06:05', 77, 10),
(445, 'Bn', NULL, '2018-07-29 18:06:13', 77, 11),
(446, 'M1', NULL, '2018-07-29 19:17:56', 77, 12),
(447, 'M2', NULL, '2018-07-29 19:17:59', 77, 13),
(448, 'M3', NULL, '2018-07-29 19:18:02', 77, 14),
(449, 'M4', NULL, '2018-07-29 19:18:05', 77, 15),
(450, 'M5', NULL, '2018-07-29 19:18:07', 77, 16),
(451, 'M6', NULL, '2018-07-29 19:18:10', 77, 17),
(452, 'M7', NULL, '2018-07-29 19:18:12', 77, 18),
(453, 'M8', NULL, '2018-07-29 19:18:14', 77, 19),
(454, 'M9', NULL, '2018-07-29 19:18:18', 77, 20),
(455, 'M10', NULL, '2018-07-29 19:18:23', 77, 21),
(456, 'M11', NULL, '2018-07-29 19:18:31', 77, 22),
(457, 'M12', NULL, '2018-07-29 19:18:45', 77, 23),
(458, 'M13', NULL, '2018-07-29 19:18:49', 77, 24),
(459, 'M14', NULL, '2018-07-29 19:18:53', 77, 25),
(460, 'M15', NULL, '2018-07-29 19:18:57', 77, 26),
(461, 'M16', NULL, '2018-07-29 19:19:01', 77, 27),
(462, 'Mn', NULL, '2018-07-29 19:19:06', 77, 28),
(463, 'B1', NULL, '2018-07-29 21:24:12', 78, 1),
(464, 'B2', NULL, '2018-07-29 21:24:16', 78, 2),
(465, 'B3', NULL, '2018-07-29 21:24:20', 78, 3),
(466, 'B4', NULL, '2018-07-29 21:24:24', 78, 4),
(467, 'B5', NULL, '2018-07-29 21:24:27', 78, 5),
(468, 'B6', NULL, '2018-07-29 21:24:37', 78, 6),
(469, 'B7', NULL, '2018-07-29 21:24:41', 78, 7),
(470, 'B8', NULL, '2018-07-29 21:24:45', 78, 8),
(471, 'B9', NULL, '2018-07-29 21:24:51', 78, 9),
(472, 'B10', NULL, '2018-07-29 21:24:55', 78, 10),
(473, 'M1', NULL, '2018-07-29 21:29:01', 78, 11),
(474, 'M2', NULL, '2018-07-29 21:29:04', 78, 12),
(475, 'M3', NULL, '2018-07-29 21:29:09', 78, 13),
(476, 'M4', NULL, '2018-07-29 21:29:12', 78, 14),
(477, 'M5', NULL, '2018-07-29 21:29:14', 78, 15),
(478, 'M6', NULL, '2018-07-29 21:29:16', 78, 16),
(479, 'M7', NULL, '2018-07-29 21:30:12', 78, 17),
(480, 'M8', NULL, '2018-07-29 21:30:16', 78, 18),
(481, 'M9', NULL, '2018-07-29 21:30:22', 78, 19),
(482, 'M10', NULL, '2018-07-29 21:31:04', 78, 20),
(483, 'M11', NULL, '2018-07-29 21:31:07', 78, 21),
(484, 'M12', NULL, '2018-07-29 21:31:11', 78, 22),
(485, 'M13', NULL, '2018-07-29 21:31:13', 78, 23),
(486, 'M14', NULL, '2018-07-29 21:31:19', 78, 24),
(487, 'M15', NULL, '2018-07-29 21:31:24', 78, 25),
(488, 'M16', NULL, '2018-07-29 21:31:27', 78, 26),
(489, 'Mn', NULL, '2018-07-29 21:31:31', 78, 27),
(490, 'B1', NULL, '2018-07-29 21:41:52', 79, 1),
(491, 'B2', NULL, '2018-07-29 21:41:56', 79, 2),
(492, 'B3', NULL, '2018-07-29 21:42:25', 79, 3),
(493, 'B4', NULL, '2018-07-29 21:42:27', 79, 4),
(494, 'B5', NULL, '2018-07-29 21:42:31', 79, 5),
(495, 'B6', NULL, '2018-07-29 21:42:33', 79, 6),
(496, 'B7', NULL, '2018-07-29 21:42:38', 79, 7),
(497, 'B8', NULL, '2018-07-29 21:42:42', 79, 8),
(498, 'B9', NULL, '2018-07-29 21:42:46', 79, 9),
(499, 'B10', NULL, '2018-07-29 21:42:48', 79, 10),
(500, 'Bn', NULL, '2018-07-29 21:42:52', 79, 11),
(501, 'M1', NULL, '2018-07-29 21:46:36', 79, 12),
(502, 'M2', NULL, '2018-07-29 21:46:41', 79, 13),
(503, 'M3', NULL, '2018-07-29 21:46:43', 79, 14),
(504, 'M4', NULL, '2018-07-29 21:46:45', 79, 15),
(505, 'M5', NULL, '2018-07-29 21:46:47', 79, 16),
(506, 'M6', NULL, '2018-07-29 21:46:51', 79, 17),
(507, 'M7', NULL, '2018-07-29 21:46:55', 79, 18),
(508, 'M8', NULL, '2018-07-29 21:46:58', 79, 19),
(509, 'M9', NULL, '2018-07-29 21:47:00', 79, 20),
(510, 'M10', NULL, '2018-07-29 21:47:04', 79, 21),
(511, 'M11', NULL, '2018-07-29 21:47:08', 79, 22),
(512, 'M12', NULL, '2018-07-29 21:47:10', 79, 23),
(513, 'M13', NULL, '2018-07-29 21:47:13', 79, 24),
(514, 'M14', NULL, '2018-07-29 21:47:16', 79, 25),
(515, 'M15', NULL, '2018-07-29 21:47:19', 79, 26),
(516, 'M16', NULL, '2018-07-29 21:47:25', 79, 27),
(517, 'Mn', NULL, '2018-07-29 21:47:29', 79, 28),
(518, 'Bancada', NULL, '2018-07-29 23:15:00', 80, 1),
(519, 'Muñon', NULL, '2018-07-29 23:15:04', 80, 2),
(520, 'A: Rosca Interna Punta de Cigu?en?al', NULL, '2018-07-29 23:21:34', 81, 1),
(521, 'B: Chavetero', NULL, '2018-07-29 23:21:41', 81, 2),
(522, 'C: Cono Interferencia Polea Reconstruir a:', NULL, '2018-07-29 23:21:52', 81, 3),
(523, 'D: Pista de Reten', NULL, '2018-07-29 23:31:34', 81, 4),
(524, 'E: Alojamiento Ruleman Directa', NULL, '2018-07-29 23:31:42', 81, 5),
(525, 'Observaciones:', NULL, '2018-07-29 23:32:06', 81, 6),
(526, 'F: Marcado de Contrapesos y Estado de Tornillos', NULL, '2018-07-29 23:33:47', 81, 7),
(527, '01', NULL, '2018-07-29 23:34:07', 81, 8),
(528, '02', NULL, '2018-07-29 23:34:09', 81, 9),
(529, '03', NULL, '2018-07-29 23:34:13', 81, 10),
(530, '04', NULL, '2018-07-29 23:34:15', 81, 11),
(531, '05', NULL, '2018-07-29 23:34:17', 81, 12),
(532, '06', NULL, '2018-07-29 23:34:20', 81, 13),
(533, '07', NULL, '2018-07-29 23:34:24', 81, 14),
(534, '08', NULL, '2018-07-29 23:34:26', 81, 15),
(535, '09', NULL, '2018-07-29 23:34:30', 81, 16),
(536, '10', NULL, '2018-07-29 23:34:33', 81, 17),
(537, 'n', NULL, '2018-07-29 23:34:35', 81, 18),
(538, 'Observaciones:', NULL, '2018-07-29 23:37:33', 81, 19),
(539, '', NULL, '2018-07-29 23:38:25', 83, 1),
(540, '', NULL, '2018-07-29 23:43:13', 84, 1),
(541, '', NULL, '2018-07-29 23:43:48', 85, 1),
(1000, 'PARTES RECIBIDAS', NULL, '2018-07-30 00:36:15', 1000, 1);

-- --------------------------------------------------------

--
-- Estructura de tabla para la tabla `frm_tipos_dato`
--

CREATE TABLE `frm_tipos_dato` (
  `TIDA_ID` int(11) NOT NULL,
  `NOMBRE` varchar(100) NOT NULL,
  `FEC_CREACION` timestamp NOT NULL DEFAULT CURRENT_TIMESTAMP
) ENGINE=InnoDB DEFAULT CHARSET=latin1;

--
-- Volcado de datos para la tabla `frm_tipos_dato`
--

INSERT INTO `frm_tipos_dato` (`TIDA_ID`, `NOMBRE`, `FEC_CREACION`) VALUES
(1, 'input', '2018-07-05 14:41:04'),
(2, 'select', '2018-07-05 15:06:02'),
(3, 'checkbox', '2018-07-08 22:45:17'),
(4, 'textarea', '2018-07-13 13:16:26');

-- --------------------------------------------------------

--
-- Estructura de tabla para la tabla `frm_valores`
--

CREATE TABLE `frm_valores` (
  `VALO_ID` int(11) NOT NULL,
  `NOMBRE` varchar(2000) CHARACTER SET latin1 NOT NULL,
  `PISTA` varchar(2000) CHARACTER SET latin1 DEFAULT NULL,
  `LONGITUD` int(11) DEFAULT NULL,
  `VALOR_DEFECTO` varchar(1000) CHARACTER SET latin1 DEFAULT NULL,
  `OBLIGATORIO` tinyint(1) NOT NULL DEFAULT '0',
  `FEC_CREACION` timestamp NOT NULL DEFAULT CURRENT_TIMESTAMP,
  `TIDA_ID` int(11) NOT NULL,
  `GRUP_ID` int(11) NOT NULL,
  `ORDEN` int(11) DEFAULT NULL
) ENGINE=InnoDB DEFAULT CHARSET=utf8 COLLATE=utf8_spanish_ci;

--
-- Volcado de datos para la tabla `frm_valores`
--

INSERT INTO `frm_valores` (`VALO_ID`, `NOMBRE`, `PISTA`, `LONGITUD`, `VALOR_DEFECTO`, `OBLIGATORIO`, `FEC_CREACION`, `TIDA_ID`, `GRUP_ID`, `ORDEN`) VALUES
(1, 'Estado:', NULL, NULL, NULL, 0, '2018-07-28 15:53:54', 2, 1, 1),
(2, 'Estado:', NULL, NULL, NULL, 0, '2018-07-28 16:02:21', 2, 2, 1),
(3, 'Estado:', NULL, NULL, NULL, 0, '2018-07-28 16:03:23', 2, 3, 1),
(4, 'Estado:', NULL, NULL, NULL, 0, '2018-07-28 16:04:23', 2, 4, 1),
(5, 'Estado', NULL, NULL, NULL, 0, '2018-07-28 16:05:27', 2, 5, 1),
(6, 'Estado:', NULL, NULL, NULL, 0, '2018-07-28 16:06:14', 2, 6, 1),
(7, 'Estado:', NULL, NULL, NULL, 0, '2018-07-28 16:08:00', 2, 7, 1),
(8, 'Estado:', NULL, NULL, NULL, 0, '2018-07-28 16:08:49', 2, 8, 1),
(9, 'Pieza:', NULL, NULL, NULL, 0, '2018-07-28 16:18:21', 2, 9, 1),
(10, 'Estado:', NULL, NULL, NULL, 0, '2018-07-28 16:18:29', 2, 9, 2),
(11, 'Comentario:', NULL, NULL, NULL, 0, '2018-07-28 16:18:39', 4, 9, 3),
(12, 'Pieza:', NULL, NULL, NULL, 0, '2018-07-28 16:20:10', 2, 10, 1),
(13, 'Estado:', NULL, NULL, NULL, 0, '2018-07-28 16:20:19', 2, 10, 2),
(14, 'Comentario:', NULL, NULL, NULL, 0, '2018-07-28 16:20:32', 4, 10, 3),
(15, 'Pieza', NULL, NULL, NULL, 0, '2018-07-28 16:22:06', 2, 11, 1),
(16, 'Estado:', NULL, NULL, NULL, 0, '2018-07-28 16:22:14', 2, 11, 2),
(17, 'Comentario:', NULL, NULL, NULL, 0, '2018-07-28 16:22:22', 4, 11, 3),
(18, 'Pieza:', NULL, NULL, NULL, 0, '2018-07-28 16:23:27', 2, 12, 1),
(19, 'Estado:', NULL, NULL, NULL, 0, '2018-07-28 16:23:35', 2, 12, 2),
(20, 'Comentario:', NULL, NULL, NULL, 0, '2018-07-28 16:23:46', 4, 12, 3),
(21, 'Pieza:', NULL, NULL, NULL, 0, '2018-07-28 16:24:37', 2, 13, 1),
(22, 'Estado:', NULL, NULL, NULL, 0, '2018-07-28 16:24:47', 2, 13, 2),
(23, 'Comentario:', NULL, NULL, NULL, 0, '2018-07-28 16:24:56', 4, 13, 3),
(24, 'Pieza:', NULL, NULL, NULL, 0, '2018-07-28 16:25:04', 2, 14, 1),
(25, 'Estado:', NULL, NULL, NULL, 0, '2018-07-28 16:25:10', 2, 14, 2),
(26, 'Comentario:', NULL, NULL, NULL, 0, '2018-07-28 16:25:17', 4, 14, 3),
(27, 'Cod:2065 Desarmar y Armar', NULL, NULL, NULL, 0, '2018-07-28 17:05:59', 3, 15, 1),
(28, 'Cod:3066 Controlar y Calibrar', NULL, NULL, NULL, 0, '2018-07-28 17:06:34', 3, 15, 2),
(29, 'Cod:2068 Desarmar y Armar', NULL, NULL, NULL, 0, '2018-07-28 17:07:33', 3, 16, 1),
(30, 'Cod:2069 Controlar y Calibrar', NULL, NULL, NULL, 0, '2018-07-28 17:08:07', 3, 16, 2),
(31, 'Cod.2070 Asentar Toberas', NULL, NULL, NULL, 0, '2018-07-28 17:08:27', 3, 16, 3),
(32, 'Motor:', NULL, NULL, NULL, 0, '2018-07-28 17:15:28', 4, 17, 1),
(33, 'Caracteristica:', NULL, NULL, NULL, 0, '2018-07-28 17:18:38', 2, 18, 1),
(34, 'Estado:', NULL, NULL, NULL, 0, '2018-07-28 17:18:45', 2, 18, 2),
(35, '(*) Indicar en Orden de Reparacion, Trabajos a Realizar:', NULL, NULL, NULL, 0, '2018-07-28 17:20:38', 4, 18, 3),
(36, 'Caracteristica:', NULL, NULL, NULL, 0, '2018-07-28 17:21:47', 2, 19, 1),
(37, 'Estado:', NULL, NULL, NULL, 0, '2018-07-28 17:21:54', 2, 19, 2),
(38, '(*) Indicar en Orden de Reparacion, Trabajos a Realizar:', NULL, NULL, NULL, 0, '2018-07-28 17:21:59', 4, 19, 3),
(39, 'Caracteristica:', NULL, NULL, NULL, 0, '2018-07-28 17:23:29', 2, 20, 1),
(40, 'Estado:', NULL, NULL, NULL, 0, '2018-07-28 17:23:37', 2, 20, 2),
(41, '(*) Indicar en Orden de Reparacion, Trabajos a Realizar:', NULL, NULL, NULL, 0, '2018-07-28 17:23:46', 4, 20, 3),
(42, 'Caracteristica:', NULL, NULL, NULL, 0, '2018-07-28 17:24:58', 2, 21, 1),
(43, 'Estado:', NULL, NULL, NULL, 0, '2018-07-28 17:25:06', 2, 21, 2),
(44, '(*) Indicar en Orden de Reparacion, Trabajos a Realizar:', NULL, NULL, NULL, 0, '2018-07-28 17:25:15', 4, 21, 3),
(45, 'Caracteristicas:', NULL, NULL, NULL, 0, '2018-07-28 17:26:51', 2, 22, 1),
(46, 'Estado:', NULL, NULL, NULL, 0, '2018-07-28 17:26:57', 2, 22, 2),
(47, '(*) Indicar en Orden de Reparacion, Trabajos a Realizar:', NULL, NULL, NULL, 0, '2018-07-28 17:27:01', 4, 22, 3),
(48, 'Caracteristica:', NULL, NULL, NULL, 0, '2018-07-28 17:35:55', 2, 23, 1),
(49, 'Estado:', NULL, NULL, NULL, 0, '2018-07-28 17:36:23', 2, 23, 2),
(50, '(*) Indicar en Orden de Reparacion, Trabajos a Realizar:', NULL, NULL, NULL, 0, '2018-07-28 17:37:28', 4, 23, 3),
(51, 'Caracteristica:', NULL, NULL, NULL, 0, '2018-07-28 17:37:44', 2, 24, 1),
(52, 'Estado:', NULL, NULL, NULL, 0, '2018-07-28 17:37:56', 2, 24, 2),
(53, '(*) Indicar en Orden de Reparacion, Trabajos a Realizar:', NULL, NULL, NULL, 0, '2018-07-28 17:38:00', 4, 24, 3),
(54, 'Caracteristica:', NULL, NULL, NULL, 0, '2018-07-28 17:38:52', 2, 25, 1),
(55, 'Estado:', NULL, NULL, NULL, 0, '2018-07-28 17:39:01', 2, 25, 2),
(56, '(*) Indicar en Orden de Reparacion, Trabajos a Realizar:', NULL, NULL, NULL, 0, '2018-07-28 17:39:05', 4, 25, 3),
(57, 'Caracteristica:', NULL, NULL, NULL, 0, '2018-07-28 17:39:54', 2, 26, 1),
(58, 'Estado:', NULL, NULL, NULL, 0, '2018-07-28 17:39:59', 2, 26, 2),
(59, '(*) Indicar en Orden de Reparacion, Trabajos a Realizar:', NULL, NULL, NULL, 0, '2018-07-28 17:40:05', 4, 26, 3),
(60, 'Caracteristica:', NULL, NULL, NULL, 0, '2018-07-28 17:41:28', 2, 27, 1),
(61, 'Estado:', NULL, NULL, NULL, 0, '2018-07-28 17:41:41', 2, 27, 2),
(62, '(*) Indicar en Orden de Reparacion, Trabajos a Realizar:', NULL, NULL, NULL, 0, '2018-07-28 17:41:45', 4, 27, 3),
(63, 'Estado:', NULL, NULL, NULL, 0, '2018-07-28 17:43:02', 2, 28, 1),
(64, '(*) Indicar en Orden de Reparacion, Trabajos a Realizar:', NULL, NULL, NULL, 0, '2018-07-28 17:43:17', 4, 28, 2),
(65, 'Estado:', NULL, NULL, NULL, 0, '2018-07-28 17:44:07', 2, 29, 1),
(66, '(*) Indicar en Orden de Reparacion, Trabajos a Realizar:', NULL, NULL, NULL, 0, '2018-07-28 17:44:11', 4, 29, 2),
(67, 'Caracteristica:', NULL, NULL, NULL, 0, '2018-07-28 17:46:27', 2, 30, 1),
(68, 'Estado:', NULL, NULL, NULL, 0, '2018-07-28 17:46:37', 2, 30, 2),
(69, '(*) Indicar en Orden de Reparacion, Trabajos a Realizar:', NULL, NULL, NULL, 0, '2018-07-28 17:46:40', 4, 30, 3),
(70, 'Caracteristicas:', NULL, NULL, NULL, 0, '2018-07-28 17:52:08', 2, 31, 1),
(71, 'Estado:', NULL, NULL, NULL, 0, '2018-07-28 17:52:15', 2, 31, 2),
(72, '(*) Indique en Orden de Reparacion Trabajos a Realizar:', NULL, NULL, NULL, 0, '2018-07-28 17:54:19', 4, 31, 3),
(73, 'Estado:', NULL, NULL, NULL, 0, '2018-07-28 17:57:29', 2, 32, 1),
(74, '(*) Indique en Orden de Reparacion Trabajos a Realizar:', NULL, NULL, NULL, 0, '2018-07-28 17:57:33', 4, 32, 2),
(75, 'Estado:', NULL, NULL, NULL, 0, '2018-07-28 17:57:40', 2, 33, 1),
(76, '(*) Indique en Orden de Reparacion Trabajos a Realizar:', NULL, NULL, NULL, 0, '2018-07-28 17:57:44', 4, 33, 2),
(77, 'Caracteristica:', NULL, NULL, NULL, 0, '2018-07-28 18:02:44', 2, 34, 1),
(78, 'Estado:', NULL, NULL, NULL, 0, '2018-07-28 18:02:51', 2, 34, 2),
(79, '(*) Indique en Orden de Reparacion Trabajos a Realizar:', NULL, NULL, NULL, 0, '2018-07-28 18:03:03', 4, 34, 3),
(80, 'Caracteristica:', NULL, NULL, NULL, 0, '2018-07-28 18:03:42', 2, 35, 1),
(81, 'Estado:', NULL, NULL, NULL, 0, '2018-07-28 18:03:49', 2, 35, 2),
(82, '(*) Indique en Orden de Reparacion Trabajos a Realizar:', NULL, NULL, NULL, 0, '2018-07-28 18:03:53', 4, 35, 3),
(83, 'Caracteristica:', NULL, NULL, NULL, 0, '2018-07-28 18:04:18', 2, 36, 1),
(84, 'Estado:', NULL, NULL, NULL, 0, '2018-07-28 18:04:34', 2, 36, 2),
(85, '(*) Indique en Orden de Reparacion Trabajos a Realizar:', NULL, NULL, NULL, 0, '2018-07-28 18:04:38', 4, 36, 3),
(86, 'Caracteristica:', NULL, NULL, NULL, 0, '2018-07-28 18:05:27', 2, 37, 1),
(87, 'Estado:', NULL, NULL, NULL, 0, '2018-07-28 18:05:34', 2, 37, 2),
(88, '(*) Indique en Orden de Reparacion Trabajos a Realizar:', NULL, NULL, NULL, 0, '2018-07-28 18:05:38', 4, 37, 3),
(89, 'Caracteristica:', NULL, NULL, NULL, 0, '2018-07-28 18:05:49', 2, 38, 1),
(90, 'Estado:', NULL, NULL, NULL, 0, '2018-07-28 18:05:56', 2, 38, 2),
(91, '(*) Indique en Orden de Reparacion Trabajos a Realizar:', NULL, NULL, NULL, 0, '2018-07-28 18:05:59', 4, 38, 3),
(92, 'Caracteristica:', NULL, NULL, NULL, 0, '2018-07-28 18:06:12', 2, 39, 1),
(93, 'Estado:', NULL, NULL, NULL, 0, '2018-07-28 18:06:20', 2, 39, 2),
(94, '(*) Indique en Orden de Reparacion Trabajos a Realizar:', NULL, NULL, NULL, 0, '2018-07-28 18:06:24', 4, 39, 3),
(95, 'Caracteristica:', NULL, NULL, NULL, 0, '2018-07-28 18:06:36', 2, 40, 1),
(96, 'Estado:', NULL, NULL, NULL, 0, '2018-07-28 18:06:44', 2, 40, 2),
(97, '(*) Indique en Orden de Reparacion Trabajos a Realizar:', NULL, NULL, NULL, 0, '2018-07-28 18:06:47', 4, 40, 3),
(98, 'Caracteristica:', NULL, NULL, NULL, 0, '2018-07-28 18:08:36', 2, 41, 1),
(99, 'Estado:', NULL, NULL, NULL, 0, '2018-07-28 18:08:44', 2, 41, 2),
(100, '(*) Indicar en Orden de Reparacion, Trabajos a Realizar:', NULL, NULL, NULL, 0, '2018-07-28 18:08:47', 4, 41, 3),
(101, 'Caracteristica:', NULL, NULL, NULL, 0, '2018-07-28 18:08:59', 2, 42, 1),
(102, 'Estado:', NULL, NULL, NULL, 0, '2018-07-28 18:09:08', 2, 42, 2),
(103, '(*) Indicar en Orden de Reparacion, Trabajos a Realizar:', NULL, NULL, NULL, 0, '2018-07-28 18:09:13', 4, 42, 3),
(104, 'Caracteristica:', NULL, NULL, NULL, 0, '2018-07-28 18:09:38', 2, 43, 1),
(105, 'Estados', NULL, NULL, NULL, 0, '2018-07-28 18:09:44', 2, 43, 2),
(106, '(*) Indicar en Orden de Reparacion, Trabajos a Realizar:', NULL, NULL, NULL, 0, '2018-07-28 18:09:49', 4, 43, 3),
(107, 'Caracteristicas:', NULL, NULL, NULL, 0, '2018-07-28 18:10:01', 2, 44, 1),
(108, 'Estado:', NULL, NULL, NULL, 0, '2018-07-28 18:10:09', 2, 44, 2),
(109, '(*) Indicar en Orden de Reparacion, Trabajos a Realizar:', NULL, NULL, NULL, 0, '2018-07-28 18:10:13', 4, 44, 3),
(110, 'Caracteristica:', NULL, NULL, NULL, 0, '2018-07-28 18:10:26', 2, 45, 1),
(111, 'Estado:', NULL, NULL, NULL, 0, '2018-07-28 18:10:36', 2, 45, 2),
(112, '(*) Indicar en Orden de Reparacion, Trabajos a Realizar:', NULL, NULL, NULL, 0, '2018-07-28 18:10:40', 4, 45, 3),
(113, 'Caracteristica:', NULL, NULL, NULL, 0, '2018-07-28 18:10:51', 2, 46, 1),
(114, 'Estado:', NULL, NULL, NULL, 0, '2018-07-28 18:10:56', 2, 46, 2),
(115, '(*) Indicar en Orden de Reparacion, Trabajos a Realizar:', NULL, NULL, NULL, 0, '2018-07-28 18:10:59', 4, 46, 3),
(116, 'Caracteristica:', NULL, NULL, NULL, 0, '2018-07-28 18:24:33', 2, 47, 1),
(117, 'Estado:', NULL, NULL, NULL, 0, '2018-07-28 18:24:42', 2, 47, 2),
(118, '(*) Indicar en Orden de Reparacion, Trabajos a Realizar:', NULL, NULL, NULL, 0, '2018-07-28 18:24:58', 4, 47, 3),
(119, 'Caracteristica:', NULL, NULL, NULL, 0, '2018-07-28 18:25:06', 2, 48, 1),
(120, 'Estado:', NULL, NULL, NULL, 0, '2018-07-28 18:25:14', 2, 48, 2),
(121, '(*) Indicar en Orden de Reparacion, Trabajos a Realizar:', NULL, NULL, NULL, 0, '2018-07-28 18:25:18', 4, 48, 3),
(122, 'Caracteristica:', NULL, NULL, NULL, 0, '2018-07-28 18:25:26', 2, 49, 1),
(123, 'Estado:', NULL, NULL, NULL, 0, '2018-07-28 18:25:33', 2, 49, 2),
(124, '(*) Indicar en Orden de Reparacion, Trabajos a Realizar:', NULL, NULL, NULL, 0, '2018-07-28 18:25:37', 2, 49, 3),
(125, 'Caracteristica:', NULL, NULL, NULL, 0, '2018-07-28 18:25:47', 2, 50, 1),
(126, 'Estado:', NULL, NULL, NULL, 0, '2018-07-28 18:25:54', 2, 50, 2),
(127, '(*) Indicar en Orden de Reparacion, Trabajos a Realizar:', NULL, NULL, NULL, 0, '2018-07-28 18:25:58', 4, 50, 3),
(128, 'Caractreristica:', NULL, NULL, NULL, 0, '2018-07-28 18:26:07', 2, 51, 1),
(129, 'Estado:', NULL, NULL, NULL, 0, '2018-07-28 18:26:16', 2, 51, 2),
(130, '(*) Indicar en Orden de Reparacion, Trabajos a Realizar:', NULL, NULL, NULL, 0, '2018-07-28 18:26:20', 4, 51, 3),
(131, 'Caracteristica:', NULL, NULL, NULL, 0, '2018-07-28 18:26:30', 2, 52, 1),
(132, 'Estado:', NULL, NULL, NULL, 0, '2018-07-28 18:26:36', 2, 52, 2),
(133, '(*) Indicar en Orden de Reparacion, Trabajos a Realizar:', NULL, NULL, NULL, 0, '2018-07-28 18:26:39', 4, 52, 3),
(134, 'Caracteristica:', NULL, NULL, NULL, 0, '2018-07-28 18:26:48', 2, 53, 1),
(135, 'Estado:', NULL, NULL, NULL, 0, '2018-07-28 18:26:54', 2, 53, 2),
(136, '(*) Indicar en Orden de Reparacion, Trabajos a Realizar:', NULL, NULL, NULL, 0, '2018-07-28 18:26:59', 4, 53, 3),
(137, 'Caracterisitica:', NULL, NULL, NULL, 0, '2018-07-28 18:27:40', 2, 54, 1),
(138, 'Estados:', NULL, NULL, NULL, 0, '2018-07-28 18:27:51', 2, 54, 2),
(139, '(*) Indicar en Orden de Reparacion, Trabajos a Realizar:', NULL, NULL, NULL, 0, '2018-07-28 18:27:55', 4, 54, 3),
(141, 'Estado:', NULL, NULL, NULL, 0, '2018-07-28 18:28:24', 2, 55, 2),
(142, '(*) Indicar en Orden de Reparacion, Trabajos a Realizar:', NULL, NULL, NULL, 0, '2018-07-28 18:28:28', 4, 55, 3),
(144, 'Estado:', NULL, NULL, NULL, 0, '2018-07-28 18:28:43', 2, 56, 2),
(145, '(*) Indicar en Orden de Reparacion, Trabajos a Realizar:', NULL, NULL, NULL, 0, '2018-07-28 18:28:46', 4, 56, 3),
(146, 'Caracteristica:', NULL, NULL, NULL, 0, '2018-07-28 18:40:07', 2, 57, 1),
(147, 'Estado:', NULL, NULL, NULL, 0, '2018-07-28 18:40:16', 2, 57, 2),
(148, '(*) Indicar en Orden de Reparacion, Trabajos a Realizar:', NULL, NULL, NULL, 0, '2018-07-28 18:40:31', 4, 57, 3),
(149, 'Caracteristica:', NULL, NULL, NULL, 0, '2018-07-28 18:42:00', 2, 58, 1),
(150, 'Estado:', NULL, NULL, NULL, 0, '2018-07-28 18:43:05', 2, 58, 2),
(151, '(*) Indicar en Orden de Reparacion, Trabajos a Realizar:', NULL, NULL, NULL, 0, '2018-07-28 18:43:09', 4, 58, 3),
(152, 'Caracteristica:', NULL, NULL, NULL, 0, '2018-07-28 18:44:06', 2, 59, 1),
(153, 'Estado:', NULL, NULL, NULL, 0, '2018-07-28 18:44:12', 2, 59, 2),
(154, '(*) Indicar en Orden de Reparacion, Trabajos a Realizar:', NULL, NULL, NULL, 0, '2018-07-28 18:44:15', 4, 59, 3),
(155, 'Caracteristica:', NULL, NULL, NULL, 0, '2018-07-28 18:45:28', 2, 60, 1),
(156, 'Estado:', NULL, NULL, NULL, 0, '2018-07-28 18:45:35', 2, 60, 2),
(157, '(*) Indicar en Orden de Reparacion, Trabajos a Realizar:', NULL, NULL, NULL, 0, '2018-07-28 18:45:54', 4, 60, 3),
(158, 'Estado:', NULL, NULL, NULL, 0, '2018-07-28 18:47:03', 2, 61, 1),
(159, '(*) Indicar en Orden de Reparacion, Trabajos a Realizar:', NULL, NULL, NULL, 0, '2018-07-28 18:47:16', 4, 61, 2),
(160, 'Estado:', NULL, NULL, NULL, 0, '2018-07-28 18:48:28', 2, 62, 1),
(161, '(*) Indicar en Orden de Reparacion, Trabajos a Realizar:', NULL, NULL, NULL, 0, '2018-07-28 18:48:36', 4, 62, 2),
(163, 'Estado:', NULL, NULL, NULL, 0, '2018-07-28 18:52:20', 2, 63, 2),
(164, '(*) Indicar en Orden de Reparacion, Trabajos a Realizar:', NULL, NULL, NULL, 0, '2018-07-28 18:52:25', 4, 63, 3),
(165, 'Estado:', NULL, NULL, NULL, 0, '2018-07-28 18:53:57', 2, 64, 1),
(166, '(*) Indicar en Orden de Reparacion, Trabajos a Realizar:', NULL, NULL, NULL, 0, '2018-07-28 18:54:02', 4, 64, 2),
(167, 'Caracterisitica:', NULL, NULL, NULL, 0, '2018-07-28 18:54:55', 2, 65, 1),
(168, 'Estado:', NULL, NULL, NULL, 0, '2018-07-28 18:55:01', 2, 65, 2),
(169, '(*) Indicar en Orden de Reparacion, Trabajos a Realizar:', NULL, NULL, NULL, 0, '2018-07-28 18:55:04', 4, 65, 3),
(170, 'Caracteristica:', NULL, NULL, NULL, 0, '2018-07-28 18:56:14', 2, 66, 1),
(171, 'Estado:', NULL, NULL, NULL, 0, '2018-07-28 18:56:19', 2, 66, 2),
(172, '(*) Indicar en Orden de Reparacion, Trabajos a Realizar:', NULL, NULL, NULL, 0, '2018-07-28 18:56:23', 4, 66, 3),
(173, 'Caracteristica:', NULL, NULL, NULL, 0, '2018-07-28 18:58:06', 2, 67, 1),
(174, 'Estado:', NULL, NULL, NULL, 0, '2018-07-28 18:58:14', 2, 67, 2),
(175, '(*) Indicar en Orden de Reparacion, Trabajos a Realizar:', NULL, NULL, NULL, 0, '2018-07-28 18:58:18', 4, 67, 3),
(176, 'Caracterisitica:', NULL, NULL, NULL, 0, '2018-07-28 19:00:00', 2, 68, 1),
(177, 'Estado:', NULL, NULL, NULL, 0, '2018-07-28 19:00:07', 2, 68, 2),
(178, '(*) Indicar en Orden de Reparacion, Trabajos a Realizar:', NULL, NULL, NULL, 0, '2018-07-28 19:00:16', 4, 68, 3),
(179, 'Caracteristica:', NULL, NULL, NULL, 0, '2018-07-28 19:01:48', 2, 69, 1),
(180, 'Estado:', NULL, NULL, NULL, 0, '2018-07-28 19:01:55', 2, 69, 2),
(181, '(*) Indicar en Orden de Reparacion, Trabajos a Realizar:', NULL, NULL, NULL, 0, '2018-07-28 19:01:58', 4, 69, 3),
(182, 'Caracteristica:', NULL, NULL, NULL, 0, '2018-07-28 22:23:48', 1, 70, 1),
(183, 'Estado:', NULL, NULL, NULL, 0, '2018-07-28 22:24:44', 2, 70, 2),
(184, 'Caracteristica:', NULL, NULL, NULL, 0, '2018-07-28 22:26:19', 1, 71, 1),
(185, 'Estado:', NULL, NULL, NULL, 0, '2018-07-28 22:26:32', 2, 71, 2),
(186, 'Caracteristica:', NULL, NULL, NULL, 0, '2018-07-28 22:27:44', 1, 72, 1),
(187, 'Estado:', NULL, NULL, NULL, 0, '2018-07-28 22:27:52', 2, 72, 2),
(188, 'Caracteristica:', NULL, NULL, NULL, 0, '2018-07-28 22:29:23', 1, 73, 1),
(189, 'Estado:', NULL, NULL, NULL, 0, '2018-07-28 22:29:29', 2, 73, 2),
(190, 'Caracteristica:', NULL, NULL, NULL, 0, '2018-07-28 22:30:31', 1, 74, 1),
(191, 'Estado:', NULL, NULL, NULL, 0, '2018-07-28 22:30:38', 2, 74, 2),
(192, 'Caracteristica:', NULL, NULL, NULL, 0, '2018-07-28 22:33:02', 1, 75, 1),
(193, 'Estado:', NULL, NULL, NULL, 0, '2018-07-28 22:37:51', 2, 75, 2),
(194, 'Caracteristica:', NULL, NULL, NULL, 0, '2018-07-28 22:43:44', 1, 77, 1),
(195, 'Estado:', NULL, NULL, NULL, 0, '2018-07-28 22:43:52', 2, 77, 2),
(196, 'Caracteristica:', NULL, NULL, NULL, 0, '2018-07-28 22:44:10', 1, 78, 1),
(197, '(*) Indicar en Orden de Reparacion, Trabajos a Realizar:', NULL, NULL, NULL, 0, '2018-07-28 22:44:26', 4, 70, 3),
(198, '(*) Indicar en Orden de Reparacion, Trabajos a Realizar:', NULL, NULL, NULL, 0, '2018-07-28 22:44:32', 4, 71, 3),
(199, '(*) Indicar en Orden de Reparacion, Trabajos a Realizar:', NULL, NULL, NULL, 0, '2018-07-28 22:44:37', 4, 72, 3),
(200, '(*) Indicar en Orden de Reparacion, Trabajos a Realizar:', NULL, NULL, NULL, 0, '2018-07-28 22:44:42', 4, 73, 3),
(201, '(*) Indicar en Orden de Reparacion, Trabajos a Realizar:', NULL, NULL, NULL, 0, '2018-07-28 22:44:47', 4, 74, 3),
(202, '(*) Indicar en Orden de Reparacion, Trabajos a Realizar:', NULL, NULL, NULL, 0, '2018-07-28 22:44:52', 4, 75, 3),
(203, '(*) Indicar en Orden de Reparacion, Trabajos a Realizar:', NULL, NULL, NULL, 0, '2018-07-28 22:44:57', 4, 77, 3),
(205, 'Estado:', NULL, NULL, NULL, 0, '2018-07-28 22:45:35', 2, 78, 2),
(206, '(*) Indicar en Orden de Reparacion, Trabajos a Realizar:', NULL, NULL, NULL, 0, '2018-07-28 22:45:38', 4, 78, 3),
(207, 'Caracteristica:', NULL, NULL, NULL, 0, '2018-07-28 22:46:01', 1, 79, 1),
(208, 'Estado:', NULL, NULL, NULL, 0, '2018-07-28 22:46:07', 2, 79, 2),
(209, '(*) Indicar en Orden de Reparacion, Trabajos a Realizar:', NULL, NULL, NULL, 0, '2018-07-28 22:46:11', 4, 79, 3),
(210, 'Estado:', NULL, NULL, NULL, 0, '2018-07-28 23:04:16', 2, 80, 1),
(211, 'Indique Motivo de Rechazo:', NULL, NULL, NULL, 0, '2018-07-28 23:04:31', 4, 80, 2),
(214, 'Medida Requerida:', NULL, NULL, NULL, 0, '2018-07-28 23:10:03', 1, 81, 1),
(215, 'Medida Obtenida:', NULL, NULL, NULL, 0, '2018-07-28 23:10:15', 1, 81, 2),
(216, 'Medida Requerida:', NULL, NULL, NULL, 0, '2018-07-28 23:10:24', 1, 82, 1),
(217, 'Medida Obtenida:', NULL, NULL, NULL, 0, '2018-07-28 23:10:34', 1, 82, 2),
(218, 'Medida Requerida:', NULL, NULL, NULL, 0, '2018-07-28 23:10:48', 1, 83, 1),
(219, 'Medida Obtenida:', NULL, NULL, NULL, 0, '2018-07-28 23:11:00', 1, 83, 2),
(221, '', NULL, NULL, NULL, 0, '2018-07-28 23:12:23', 4, 85, 1),
(222, 'Estado:', NULL, NULL, NULL, 0, '2018-07-28 23:13:50', 2, 86, 1),
(223, 'Indique Motivo del Rechazo', NULL, NULL, NULL, 0, '2018-07-28 23:14:08', 4, 86, 2),
(224, 'Dureza Requerida:', NULL, NULL, NULL, 0, '2018-07-28 23:17:28', 1, 87, 1),
(225, 'Dureza Obtenida:', NULL, NULL, NULL, 0, '2018-07-28 23:17:37', 1, 87, 2),
(226, 'Estado:', NULL, NULL, NULL, 0, '2018-07-28 23:17:41', 2, 87, 3),
(227, 'Dureza Obtenida:', NULL, NULL, NULL, 0, '2018-07-28 23:18:09', 1, 88, 1),
(228, 'Duraza Requerida:', NULL, NULL, NULL, 0, '2018-07-28 23:18:27', 1, 88, 2),
(229, 'Estado:', NULL, NULL, NULL, 0, '2018-07-28 23:18:28', 2, 88, 3),
(230, 'Dureza Reuqerida:', NULL, NULL, NULL, 0, '2018-07-28 23:19:01', 1, 89, 1),
(231, 'Dureza Obtenida:', NULL, NULL, NULL, 0, '2018-07-28 23:19:10', 1, 89, 2),
(232, 'Estado:', NULL, NULL, NULL, 0, '2018-07-28 23:19:14', 2, 89, 3),
(233, 'Metodo:', NULL, NULL, NULL, 0, '2018-07-28 23:19:45', 2, 87, 4),
(234, 'Metodo:', NULL, NULL, NULL, 0, '2018-07-28 23:20:38', 2, 88, 4),
(235, 'Metodo:', NULL, NULL, NULL, 0, '2018-07-28 23:21:00', 2, 89, 4),
(236, 'Estado:', NULL, NULL, NULL, 0, '2018-07-28 23:22:21', 2, 90, 1),
(237, 'Estado:', NULL, NULL, NULL, 0, '2018-07-28 23:22:23', 2, 91, 1),
(238, 'Estado:', NULL, NULL, NULL, 0, '2018-07-28 23:22:25', 2, 92, 1),
(239, 'Estado:', NULL, NULL, NULL, 0, '2018-07-28 23:22:27', 2, 93, 1),
(240, 'Estado:', NULL, NULL, NULL, 0, '2018-07-28 23:23:07', 2, 94, 1),
(241, 'Estado:', NULL, NULL, NULL, 0, '2018-07-28 23:23:12', 2, 95, 1),
(242, 'Estado:', NULL, NULL, NULL, 0, '2018-07-28 23:29:54', 2, 96, 1),
(243, 'Indique Motivo de Rechazo:', NULL, NULL, NULL, 0, '2018-07-28 23:30:08', 4, 96, 2),
(244, 'Estado:', NULL, NULL, NULL, 0, '2018-07-28 23:31:28', 2, 97, 1),
(245, 'Estado:', NULL, NULL, NULL, 0, '2018-07-28 23:32:09', 2, 98, 1),
(246, 'Estado:', NULL, NULL, NULL, 0, '2018-07-28 23:32:43', 2, 99, 1),
(247, 'Estado:', NULL, NULL, NULL, 0, '2018-07-28 23:34:24', 2, 101, 1),
(248, 'Estado:', NULL, NULL, NULL, 0, '2018-07-28 23:34:31', 2, 102, 1),
(249, 'Estado:', NULL, NULL, NULL, 0, '2018-07-28 23:34:38', 2, 103, 1),
(250, 'Estado:', NULL, NULL, NULL, 0, '2018-07-28 23:36:38', 2, 104, 1),
(251, 'Estado:', NULL, NULL, NULL, 0, '2018-07-28 23:37:01', 2, 105, 1),
(252, 'Estado', NULL, NULL, NULL, 0, '2018-07-28 23:37:24', 2, 106, 1),
(253, 'Estado:', NULL, NULL, NULL, 0, '2018-07-28 23:37:50', 2, 107, 1),
(254, 'Estado:', NULL, NULL, NULL, 0, '2018-07-28 23:38:24', 2, 108, 1),
(255, 'Estado:', NULL, NULL, NULL, 0, '2018-07-28 23:38:47', 2, 109, 1),
(256, 'Estado:', NULL, NULL, NULL, 0, '2018-07-28 23:39:14', 2, 110, 1),
(257, 'Estado:', NULL, NULL, NULL, 0, '2018-07-28 23:39:39', 2, 111, 1),
(258, 'Estado:', NULL, NULL, NULL, 0, '2018-07-28 23:40:06', 2, 112, 1),
(259, 'Estado:', NULL, NULL, NULL, 0, '2018-07-28 23:40:35', 2, 113, 1),
(260, 'Estado:', NULL, NULL, NULL, 0, '2018-07-28 23:40:57', 2, 114, 1),
(261, 'Estado:', NULL, NULL, NULL, 0, '2018-07-28 23:46:15', 2, 122, 1),
(262, 'Estado:', NULL, NULL, NULL, 0, '2018-07-28 23:46:17', 2, 123, 1),
(263, 'Estado:', NULL, NULL, NULL, 0, '2018-07-28 23:46:19', 2, 124, 1),
(264, 'Estado:', NULL, NULL, NULL, 0, '2018-07-28 23:46:21', 2, 125, 1),
(265, 'Estado:', NULL, NULL, NULL, 0, '2018-07-28 23:46:23', 2, 126, 1),
(266, 'Estado:', NULL, NULL, NULL, 0, '2018-07-28 23:46:25', 2, 127, 1),
(267, 'Estado:', NULL, NULL, NULL, 0, '2018-07-28 23:46:27', 2, 128, 1),
(268, 'Estado:', NULL, NULL, NULL, 0, '2018-07-28 23:46:30', 2, 129, 1),
(269, 'Estado:', NULL, NULL, NULL, 0, '2018-07-28 23:46:33', 2, 130, 1),
(270, 'Estado:', NULL, NULL, NULL, 0, '2018-07-28 23:46:39', 2, 131, 1),
(271, 'Estado:', NULL, NULL, NULL, 0, '2018-07-28 23:46:41', 2, 132, 1),
(272, 'Estado:', NULL, NULL, NULL, 0, '2018-07-28 23:46:50', 2, 133, 1),
(273, 'Estado:', NULL, NULL, NULL, 0, '2018-07-28 23:46:53', 2, 134, 1),
(274, 'Estado:', NULL, NULL, NULL, 0, '2018-07-28 23:46:54', 2, 135, 1),
(275, 'Estado:', NULL, NULL, NULL, 0, '2018-07-28 23:46:57', 2, 136, 1),
(276, 'Estado:', NULL, NULL, NULL, 0, '2018-07-28 23:46:59', 2, 137, 1),
(277, 'Estado:', NULL, NULL, NULL, 0, '2018-07-28 23:47:02', 2, 138, 1),
(279, 'Referencia STD Muñon:', NULL, NULL, NULL, 0, '2018-07-28 23:50:45', 1, 140, 1),
(280, 'Referencia de Ojo:', NULL, NULL, NULL, 0, '2018-07-28 23:51:09', 1, 140, 2),
(281, 'Medida Muñon:', NULL, NULL, NULL, 0, '2018-07-29 00:03:58', 1, 141, 1),
(282, 'Medida Ojo:', NULL, NULL, NULL, 0, '2018-07-29 00:04:10', 1, 141, 2),
(283, 'Medida Muñon:', NULL, NULL, NULL, 0, '2018-07-29 00:05:04', 1, 142, 1),
(284, 'Medida Ojo:', NULL, NULL, NULL, 0, '2018-07-29 00:05:16', 1, 142, 2),
(285, 'Medida Muñon:', NULL, NULL, NULL, 0, '2018-07-29 00:06:37', 1, 143, 1),
(286, 'Medida Ojo:', NULL, NULL, NULL, 0, '2018-07-29 00:06:47', 1, 143, 2),
(287, 'Medida Muñon:', NULL, NULL, NULL, 0, '2018-07-29 00:06:52', 1, 144, 1),
(288, 'Medida Ojo:', NULL, NULL, NULL, 0, '2018-07-29 00:06:59', 1, 144, 2),
(289, 'Medida Muñon:', NULL, NULL, NULL, 0, '2018-07-29 00:07:03', 1, 145, 1),
(290, 'Medida Ojo:', NULL, NULL, NULL, 0, '2018-07-29 00:07:10', 1, 145, 2),
(291, 'Medida Muñon:', NULL, NULL, NULL, 0, '2018-07-29 00:07:15', 1, 146, 1),
(292, 'Medida Ojo:', NULL, NULL, NULL, 0, '2018-07-29 00:07:21', 1, 146, 2),
(293, 'Medida Muñon:', NULL, NULL, NULL, 0, '2018-07-29 00:07:33', 1, 147, 1),
(294, 'Medida Ojo:', NULL, NULL, NULL, 0, '2018-07-29 00:07:41', 1, 147, 2),
(295, 'Medida Muñon:', NULL, NULL, NULL, 0, '2018-07-29 00:07:46', 1, 148, 1),
(296, 'Medida Ojo:', NULL, NULL, NULL, 0, '2018-07-29 00:07:53', 1, 148, 2),
(297, 'Medida Muñon:', NULL, NULL, NULL, 0, '2018-07-29 00:07:59', 1, 149, 1),
(298, 'Medida Ojo:', NULL, NULL, NULL, 0, '2018-07-29 00:08:05', 1, 149, 2),
(299, 'Medida Muñon:', NULL, NULL, NULL, 0, '2018-07-29 00:08:10', 1, 150, 1),
(300, 'Medida Ojo:', NULL, NULL, NULL, 0, '2018-07-29 00:08:16', 1, 150, 2),
(301, 'Medida Muñon:', NULL, NULL, NULL, 0, '2018-07-29 00:08:22', 1, 151, 1),
(302, 'Medida Ojo:', NULL, NULL, NULL, 0, '2018-07-29 00:08:28', 1, 151, 2),
(303, 'Medida Muñon:', NULL, NULL, NULL, 0, '2018-07-29 00:08:32', 1, 152, 1),
(304, 'Medida Ojo:', NULL, NULL, NULL, 0, '2018-07-29 00:08:39', 1, 152, 2),
(305, 'Medida Muñon:', NULL, NULL, NULL, 0, '2018-07-29 00:08:44', 1, 153, 1),
(306, 'Medida Ojo:', NULL, NULL, NULL, 0, '2018-07-29 00:08:51', 1, 153, 2),
(307, 'Medida Muñon:', NULL, NULL, NULL, 0, '2018-07-29 00:09:20', 1, 154, 1),
(308, 'Medida Ojo:', NULL, NULL, NULL, 0, '2018-07-29 00:09:28', 1, 154, 2),
(309, 'Medida Muñon:', NULL, NULL, NULL, 0, '2018-07-29 00:11:09', 1, 155, 1),
(310, 'Medida Ojo:', NULL, NULL, NULL, 0, '2018-07-29 00:11:16', 1, 155, 2),
(311, 'Medida Muñon:', NULL, NULL, NULL, 0, '2018-07-29 00:11:22', 1, 156, 1),
(312, 'Medida Ojo:', NULL, NULL, NULL, 0, '2018-07-29 00:11:33', 1, 156, 2),
(313, 'Medida Muñon:', NULL, NULL, NULL, 0, '2018-07-29 00:11:37', 1, 157, 1),
(314, 'Medida Ojo:', NULL, NULL, NULL, 0, '2018-07-29 00:11:44', 1, 157, 2),
(315, 'Medida de Referencia STD:', NULL, NULL, NULL, 0, '2018-07-29 00:15:33', 1, 158, 1),
(316, 'Medida:', NULL, NULL, NULL, 0, '2018-07-29 00:26:20', 1, 159, 1),
(317, 'Medida:', NULL, NULL, NULL, 0, '2018-07-29 00:26:25', 1, 160, 1),
(318, 'Medida:', NULL, NULL, NULL, 0, '2018-07-29 00:26:30', 1, 161, 1),
(319, 'Medida:', NULL, NULL, NULL, 0, '2018-07-29 00:26:36', 1, 162, 1),
(320, 'Medida:', NULL, NULL, NULL, 0, '2018-07-29 00:26:59', 1, 163, 1),
(321, 'Medida:', NULL, NULL, NULL, 0, '2018-07-29 00:27:12', 1, 164, 1),
(322, 'Medida:', NULL, NULL, NULL, 0, '2018-07-29 00:27:19', 1, 165, 1),
(323, 'Medida:', NULL, NULL, NULL, 0, '2018-07-29 00:27:24', 1, 166, 1),
(324, 'Medida:', NULL, NULL, NULL, 0, '2018-07-29 00:27:35', 1, 167, 1),
(325, 'Medida:', NULL, NULL, NULL, 0, '2018-07-29 00:27:40', 1, 168, 1),
(326, 'Medida:', NULL, NULL, NULL, 0, '2018-07-29 00:27:46', 1, 169, 1),
(327, 'Medida:', NULL, NULL, NULL, 0, '2018-07-29 00:27:57', 1, 170, 1),
(328, 'Medida:', NULL, NULL, NULL, 0, '2018-07-29 00:28:02', 1, 171, 1),
(329, 'Medida:', NULL, NULL, NULL, 0, '2018-07-29 00:28:07', 1, 172, 1),
(330, 'Medida:', NULL, NULL, NULL, 0, '2018-07-29 00:28:12', 1, 173, 1),
(331, 'Medida:', NULL, NULL, NULL, 0, '2018-07-29 00:28:18', 1, 174, 1),
(332, 'Medida:', NULL, NULL, NULL, 0, '2018-07-29 00:28:23', 1, 175, 1),
(333, 'Estado:', NULL, NULL, NULL, 0, '2018-07-29 04:22:41', 2, 176, 1),
(334, 'Estado:', NULL, NULL, NULL, 0, '2018-07-29 04:22:49', 2, 177, 1),
(335, 'Estado:', NULL, NULL, NULL, 0, '2018-07-29 04:22:58', 2, 178, 1),
(336, 'Estado:', NULL, NULL, NULL, 0, '2018-07-29 04:23:08', 2, 179, 1),
(337, 'Estado:', NULL, NULL, NULL, 0, '2018-07-29 04:23:16', 2, 180, 1),
(338, 'Estado:', NULL, NULL, NULL, 0, '2018-07-29 04:25:25', 2, 181, 1),
(339, 'Estado:', NULL, NULL, NULL, 0, '2018-07-29 04:25:33', 2, 182, 1),
(340, 'Estado:', NULL, NULL, NULL, 0, '2018-07-29 04:25:40', 2, 183, 1),
(341, 'Estado:', NULL, NULL, NULL, 0, '2018-07-29 04:25:54', 2, 184, 1),
(342, 'Estado:', NULL, NULL, NULL, 0, '2018-07-29 04:26:02', 2, 185, 1),
(343, 'Estado:', NULL, NULL, NULL, 0, '2018-07-29 04:26:08', 2, 186, 1),
(344, 'Estado:', NULL, NULL, NULL, 0, '2018-07-29 04:26:15', 2, 187, 1),
(345, 'Estado:', NULL, NULL, NULL, 0, '2018-07-29 04:26:25', 2, 188, 1),
(346, 'Estado:', NULL, NULL, NULL, 0, '2018-07-29 04:26:33', 2, 189, 1),
(347, 'Estado:', NULL, NULL, NULL, 0, '2018-07-29 04:26:43', 2, 190, 1),
(348, 'Estado:', NULL, NULL, NULL, 0, '2018-07-29 04:26:52', 2, 191, 1),
(349, 'Estado:', NULL, NULL, NULL, 0, '2018-07-29 04:27:00', 2, 192, 1),
(350, 'Referencia Rotativo:', NULL, NULL, NULL, 0, '2018-07-29 04:28:46', 1, 193, 1),
(351, 'Referencia Alternativo:', NULL, NULL, NULL, 0, '2018-07-29 04:29:12', 1, 193, 2),
(352, 'Estado:', NULL, NULL, NULL, 0, '2018-07-29 04:29:30', 2, 194, 1),
(353, 'Estado:', NULL, NULL, NULL, 0, '2018-07-29 04:29:36', 2, 195, 1),
(354, 'Estado:', NULL, NULL, NULL, 0, '2018-07-29 04:30:08', 2, 196, 1),
(355, 'Estado:', NULL, NULL, NULL, 0, '2018-07-29 04:30:16', 2, 197, 1),
(356, 'Estado:', NULL, NULL, NULL, 0, '2018-07-29 04:30:27', 2, 198, 1),
(357, 'Estado:', NULL, NULL, NULL, 0, '2018-07-29 04:31:17', 2, 199, 1),
(358, 'Estado:', NULL, NULL, NULL, 0, '2018-07-29 04:31:20', 2, 200, 1),
(359, 'Estado:', NULL, NULL, NULL, 0, '2018-07-29 04:31:23', 2, 201, 1),
(360, 'Estado:', NULL, NULL, NULL, 0, '2018-07-29 04:31:26', 2, 202, 1),
(361, 'Estado:', NULL, NULL, NULL, 0, '2018-07-29 04:31:28', 2, 203, 1),
(362, 'Estado:', NULL, NULL, NULL, 0, '2018-07-29 04:31:31', 2, 204, 1),
(363, 'Estado:', NULL, NULL, NULL, 0, '2018-07-29 04:31:34', 2, 205, 1),
(364, 'Estado:', NULL, NULL, NULL, 0, '2018-07-29 04:31:37', 2, 206, 1),
(365, 'Estado:', NULL, NULL, NULL, 0, '2018-07-29 04:31:39', 2, 207, 1),
(366, 'Estado:', NULL, NULL, NULL, 0, '2018-07-29 04:31:42', 2, 208, 1),
(367, 'Estado:', NULL, NULL, NULL, 0, '2018-07-29 04:31:45', 2, 209, 1),
(368, 'Estado:', NULL, NULL, NULL, 0, '2018-07-29 04:31:47', 2, 210, 1),
(369, 'Estado:', NULL, NULL, NULL, 0, '2018-07-29 04:34:25', 2, 211, 1),
(370, 'Estado:', NULL, NULL, NULL, 0, '2018-07-29 04:34:27', 2, 212, 1),
(371, 'Estado:', NULL, NULL, NULL, 0, '2018-07-29 04:34:29', 2, 213, 1),
(372, 'Estado:', NULL, NULL, NULL, 0, '2018-07-29 04:34:32', 2, 214, 1),
(373, 'Estado:', NULL, NULL, NULL, 0, '2018-07-29 04:34:34', 2, 215, 1),
(374, 'Estado:', NULL, NULL, NULL, 0, '2018-07-29 04:34:36', 2, 216, 1),
(375, 'Estado:', NULL, NULL, NULL, 0, '2018-07-29 04:34:39', 2, 217, 1),
(376, 'Estado:', NULL, NULL, NULL, 0, '2018-07-29 04:34:41', 2, 218, 1),
(377, 'Estado:', NULL, NULL, NULL, 0, '2018-07-29 04:34:44', 2, 219, 1),
(378, 'Estado:', NULL, NULL, NULL, 0, '2018-07-29 04:34:47', 2, 220, 1),
(379, 'Estado:', NULL, NULL, NULL, 0, '2018-07-29 04:34:50', 2, 221, 1),
(380, 'Estado:', NULL, NULL, NULL, 0, '2018-07-29 04:34:54', 2, 222, 1),
(381, 'Estado:', NULL, NULL, NULL, 0, '2018-07-29 04:34:56', 2, 223, 1),
(382, 'Estado:', NULL, NULL, NULL, 0, '2018-07-29 04:34:59', 2, 224, 1),
(383, 'Estado:', NULL, NULL, NULL, 0, '2018-07-29 04:35:02', 2, 225, 1),
(384, 'Estado:', NULL, NULL, NULL, 0, '2018-07-29 04:35:04', 2, 226, 1),
(385, 'Estado:', NULL, NULL, NULL, 0, '2018-07-29 04:35:07', 2, 227, 1),
(386, 'Tipo:', NULL, NULL, NULL, 0, '2018-07-29 04:37:00', 2, 228, 1),
(387, 'Estado:', NULL, NULL, NULL, 0, '2018-07-29 04:37:05', 2, 228, 2),
(388, 'Tipo:', NULL, NULL, NULL, 0, '2018-07-29 04:37:58', 2, 229, 1),
(389, 'Estado:', NULL, NULL, NULL, 0, '2018-07-29 04:37:59', 2, 229, 2),
(390, 'Tipo:', NULL, NULL, NULL, 0, '2018-07-29 04:38:54', 2, 230, 1),
(391, 'Estado:', NULL, NULL, NULL, 0, '2018-07-29 04:38:55', 2, 230, 2),
(392, 'Tipo:', NULL, NULL, NULL, 0, '2018-07-29 04:40:27', 2, 231, 1),
(393, 'Estado:', NULL, NULL, NULL, 0, '2018-07-29 04:40:28', 2, 231, 2),
(394, 'Tipo:', NULL, NULL, NULL, 0, '2018-07-29 04:41:16', 2, 232, 1),
(395, 'Estado:', NULL, NULL, NULL, 0, '2018-07-29 04:41:17', 2, 232, 2),
(396, 'Tipo:', NULL, NULL, NULL, 0, '2018-07-29 04:42:26', 2, 233, 1),
(397, 'Estado:', NULL, NULL, NULL, 0, '2018-07-29 04:42:26', 2, 233, 2),
(398, 'Tipo:', NULL, NULL, NULL, 0, '2018-07-29 04:43:28', 2, 234, 1),
(399, 'Estado:', NULL, NULL, NULL, 0, '2018-07-29 04:43:29', 2, 234, 2),
(400, 'Tipo:', NULL, NULL, NULL, 0, '2018-07-29 04:43:52', 2, 235, 1),
(401, 'Estado:', NULL, NULL, NULL, 0, '2018-07-29 04:43:53', 2, 235, 2),
(402, 'Tipo:', NULL, NULL, NULL, 0, '2018-07-29 04:44:18', 2, 236, 1),
(403, 'Estado:', NULL, NULL, NULL, 0, '2018-07-29 04:44:20', 2, 236, 2),
(404, 'Tipo:', NULL, NULL, NULL, 0, '2018-07-29 04:45:20', 2, 237, 1),
(405, 'Estado:', NULL, NULL, NULL, 0, '2018-07-29 04:45:21', 2, 237, 2),
(406, 'Tipo:', NULL, NULL, NULL, 0, '2018-07-29 04:46:10', 2, 238, 1),
(407, 'Estado:', NULL, NULL, NULL, 0, '2018-07-29 04:46:11', 2, 238, 2),
(408, 'Tipo:', NULL, NULL, NULL, 0, '2018-07-29 04:46:53', 2, 239, 1),
(409, 'Estado:', NULL, NULL, NULL, 0, '2018-07-29 04:46:54', 2, 239, 2),
(410, 'Tipo:', NULL, NULL, NULL, 0, '2018-07-29 04:47:19', 2, 240, 1),
(411, 'Estado:', NULL, NULL, NULL, 0, '2018-07-29 04:47:19', 2, 240, 2),
(412, 'Tipo:', NULL, NULL, NULL, 0, '2018-07-29 04:47:48', 2, 241, 1),
(413, 'Estado:', NULL, NULL, NULL, 0, '2018-07-29 04:47:48', 2, 241, 2),
(414, 'Tipo:', NULL, NULL, NULL, 0, '2018-07-29 04:48:09', 2, 242, 1),
(415, 'Estado:', NULL, NULL, NULL, 0, '2018-07-29 04:48:10', 2, 242, 2),
(416, 'Tipo:', NULL, NULL, NULL, 0, '2018-07-29 04:48:51', 2, 243, 1),
(417, 'Estado:', NULL, NULL, NULL, 0, '2018-07-29 04:48:52', 2, 243, 2),
(418, 'Tipo:', NULL, NULL, NULL, 0, '2018-07-29 04:49:19', 2, 244, 1),
(419, 'Estado:', NULL, NULL, NULL, 0, '2018-07-29 04:49:20', 2, 244, 2),
(420, 'Estado:', NULL, NULL, NULL, 0, '2018-07-29 04:50:49', 2, 245, 1),
(421, 'Estado:', NULL, NULL, NULL, 0, '2018-07-29 04:50:51', 2, 246, 1),
(422, 'Estado:', NULL, NULL, NULL, 0, '2018-07-29 04:50:53', 2, 247, 1),
(423, 'Estado:', NULL, NULL, NULL, 0, '2018-07-29 04:50:55', 2, 248, 1),
(424, 'Estado:', NULL, NULL, NULL, 0, '2018-07-29 04:50:58', 2, 249, 1),
(425, 'Estado:', NULL, NULL, NULL, 0, '2018-07-29 04:51:00', 2, 250, 1),
(426, 'Estado:', NULL, NULL, NULL, 0, '2018-07-29 04:51:02', 2, 251, 1),
(427, 'Estado:', NULL, NULL, NULL, 0, '2018-07-29 04:51:04', 2, 252, 1),
(428, 'Estado:', NULL, NULL, NULL, 0, '2018-07-29 04:51:07', 2, 253, 1),
(429, 'Estado:', NULL, NULL, NULL, 0, '2018-07-29 04:51:09', 2, 254, 1),
(430, 'Estado:', NULL, NULL, NULL, 0, '2018-07-29 04:51:11', 2, 255, 1),
(431, 'Estado:', NULL, NULL, NULL, 0, '2018-07-29 04:51:14', 2, 256, 1),
(432, 'Estado:', NULL, NULL, NULL, 0, '2018-07-29 04:51:18', 2, 257, 1),
(433, 'Estado:', NULL, NULL, NULL, 0, '2018-07-29 04:51:20', 2, 258, 1),
(434, 'Estado:', NULL, NULL, NULL, 0, '2018-07-29 04:51:23', 2, 259, 1),
(435, 'Estado:', NULL, NULL, NULL, 0, '2018-07-29 04:51:26', 2, 260, 1),
(436, 'Estado:', NULL, NULL, NULL, 0, '2018-07-29 04:51:29', 2, 261, 1),
(437, 'Estado:', NULL, NULL, NULL, 0, '2018-07-29 04:52:07', 2, 262, 1),
(438, 'Estado:', NULL, NULL, NULL, 0, '2018-07-29 04:52:12', 2, 263, 1),
(439, 'Estado:', NULL, NULL, NULL, 0, '2018-07-29 04:52:18', 2, 264, 1),
(440, 'Estado:', NULL, NULL, NULL, 0, '2018-07-29 04:52:24', 2, 265, 1),
(441, 'Estado:', NULL, NULL, NULL, 0, '2018-07-29 04:52:30', 2, 266, 1),
(442, 'Estado:', NULL, NULL, NULL, 0, '2018-07-29 04:52:35', 2, 267, 1),
(443, 'Estado:', NULL, NULL, NULL, 0, '2018-07-29 04:52:42', 2, 268, 1),
(444, 'Estado:', NULL, NULL, NULL, 0, '2018-07-29 04:52:49', 2, 269, 1),
(445, 'Estado:', NULL, NULL, NULL, 0, '2018-07-29 04:52:55', 2, 270, 1),
(446, 'Estado:', NULL, NULL, NULL, 0, '2018-07-29 04:53:01', 2, 271, 1),
(447, 'Estado:', NULL, NULL, NULL, 0, '2018-07-29 04:53:07', 2, 272, 1),
(448, 'Estado:', NULL, NULL, NULL, 0, '2018-07-29 04:53:12', 2, 273, 1),
(449, 'Estado:', NULL, NULL, NULL, 0, '2018-07-29 04:53:19', 2, 274, 1),
(450, 'Estado:', NULL, NULL, NULL, 0, '2018-07-29 04:53:26', 2, 275, 1),
(451, 'Estado:', NULL, NULL, NULL, 0, '2018-07-29 04:53:33', 2, 276, 1),
(452, 'Estado:', NULL, NULL, NULL, 0, '2018-07-29 04:53:41', 2, 277, 1),
(453, 'Estado:', NULL, NULL, NULL, 0, '2018-07-29 04:53:46', 2, 278, 1),
(454, 'Estado:', NULL, NULL, NULL, 0, '2018-07-29 14:23:47', 2, 279, 1),
(455, 'Indicar Motivo del Rechazo:', NULL, NULL, NULL, 0, '2018-07-29 14:24:04', 4, 279, 2),
(456, '01', NULL, NULL, NULL, 0, '2018-07-29 14:27:34', 1, 292, 1),
(457, '02', NULL, NULL, NULL, 0, '2018-07-29 14:27:39', 1, 293, 1),
(458, '03', NULL, NULL, NULL, 0, '2018-07-29 14:27:46', 1, 294, 1),
(459, '04', NULL, NULL, NULL, 0, '2018-07-29 14:27:53', 1, 295, 1),
(460, '05', NULL, NULL, NULL, 0, '2018-07-29 14:28:02', 1, 296, 1),
(461, '06', NULL, NULL, NULL, 0, '2018-07-29 14:28:08', 1, 297, 1),
(462, '08', NULL, NULL, NULL, 0, '2018-07-29 14:28:14', 1, 298, 1),
(463, '12', NULL, NULL, NULL, 0, '2018-07-29 14:28:21', 1, 299, 1),
(464, '16', NULL, NULL, NULL, 0, '2018-07-29 14:28:28', 1, 300, 1),
(465, 'n', NULL, NULL, NULL, 0, '2018-07-29 14:28:36', 1, 301, 1),
(466, 'Observaciones:', NULL, NULL, NULL, 0, '2018-07-29 14:28:52', 4, 302, 1),
(467, '01', NULL, NULL, NULL, 0, '2018-07-29 14:32:24', 1, 303, 1),
(468, '02', NULL, NULL, NULL, 0, '2018-07-29 14:32:30', 1, 304, 1),
(469, '03:', NULL, NULL, NULL, 0, '2018-07-29 14:32:39', 1, 305, 1),
(470, '04', NULL, NULL, NULL, 0, '2018-07-29 14:32:48', 1, 306, 1),
(471, '05', NULL, NULL, NULL, 0, '2018-07-29 14:32:53', 1, 307, 1),
(472, '06', NULL, NULL, NULL, 0, '2018-07-29 14:33:02', 1, 308, 1),
(473, '08', NULL, NULL, NULL, 0, '2018-07-29 14:33:30', 1, 309, 1),
(474, '12', NULL, NULL, NULL, 0, '2018-07-29 14:33:34', 1, 310, 1),
(475, '16', NULL, NULL, NULL, 0, '2018-07-29 14:34:03', 1, 311, 1),
(476, 'n', NULL, NULL, NULL, 0, '2018-07-29 14:34:09', 1, 312, 1),
(477, 'Observaciones:', NULL, NULL, NULL, 0, '2018-07-29 14:34:26', 4, 313, 1),
(478, 'Estado:', NULL, NULL, NULL, 0, '2018-07-29 14:36:37', 2, 303, 2),
(479, 'Estado:', NULL, NULL, NULL, 0, '2018-07-29 14:36:39', 2, 304, 2),
(480, 'Estado:', NULL, NULL, NULL, 0, '2018-07-29 14:36:41', 2, 305, 2),
(481, 'Estado:', NULL, NULL, NULL, 0, '2018-07-29 14:36:43', 2, 306, 2),
(482, 'Estado:', NULL, NULL, NULL, 0, '2018-07-29 14:36:44', 2, 307, 2),
(483, 'Estado:', NULL, NULL, NULL, 0, '2018-07-29 14:36:46', 2, 308, 2),
(484, 'Estado:', NULL, NULL, NULL, 0, '2018-07-29 14:36:48', 2, 309, 2),
(485, 'Estado:', NULL, NULL, NULL, 0, '2018-07-29 14:36:50', 2, 310, 2),
(486, 'Estado:', NULL, NULL, NULL, 0, '2018-07-29 14:36:52', 2, 311, 2),
(487, 'Estado:', NULL, NULL, NULL, 0, '2018-07-29 14:36:54', 2, 312, 2),
(488, 'Estado:', NULL, NULL, NULL, 0, '2018-07-29 14:44:14', 2, 314, 1),
(489, 'Indicar Motivo de Rechazo:', NULL, NULL, NULL, 0, '2018-07-29 14:44:18', 4, 314, 2),
(490, 'Estado:', NULL, NULL, NULL, 0, '2018-07-29 14:44:23', 2, 315, 1),
(491, 'Indicar Motivo de Rechazo:', NULL, NULL, NULL, 0, '2018-07-29 14:44:27', 4, 315, 2),
(492, 'Estado:', NULL, NULL, NULL, 0, '2018-07-29 14:44:29', 2, 316, 1),
(493, 'Indicar Motivo de Rechazo:', NULL, NULL, NULL, 0, '2018-07-29 14:44:32', 4, 316, 2),
(494, 'Estado:', NULL, NULL, NULL, 0, '2018-07-29 14:44:37', 2, 317, 1),
(495, 'Indicar Motivo de Rechazo:', NULL, NULL, NULL, 0, '2018-07-29 14:44:44', 4, 317, 2),
(496, 'Estado:', NULL, NULL, NULL, 0, '2018-07-29 14:44:48', 2, 318, 1),
(497, 'Indicar Motivo de Rechazo:', NULL, NULL, NULL, 0, '2018-07-29 14:44:52', 4, 318, 2),
(498, 'Estado:', NULL, NULL, NULL, 0, '2018-07-29 14:45:02', 2, 319, 1),
(499, 'Indicar Motivo de Rechazo:', NULL, NULL, NULL, 0, '2018-07-29 14:45:06', 4, 319, 2),
(500, 'Estado:', NULL, NULL, NULL, 0, '2018-07-29 14:45:09', 2, 321, 1),
(501, 'Indicar Motivo de Rechazo:', NULL, NULL, NULL, 0, '2018-07-29 14:45:13', 4, 321, 2),
(502, 'Estado:', NULL, NULL, NULL, 0, '2018-07-29 14:45:18', 2, 322, 1),
(503, 'Indicar Motivo de Rechazo:', NULL, NULL, NULL, 0, '2018-07-29 14:45:21', 4, 322, 2),
(504, 'Estado:', NULL, NULL, NULL, 0, '2018-07-29 14:45:25', 2, 323, 1),
(505, 'Indicar Motivo de Rechazo:', NULL, NULL, NULL, 0, '2018-07-29 14:45:31', 4, 323, 2),
(506, 'Estado:', NULL, NULL, NULL, 0, '2018-07-29 14:45:33', 2, 324, 1),
(507, 'Indicar Motivo de Rechazo:', NULL, NULL, NULL, 0, '2018-07-29 14:45:38', 4, 324, 2),
(509, '', NULL, NULL, NULL, 0, '2018-07-29 14:46:48', 4, 326, 1),
(510, 'Estado:', NULL, NULL, NULL, 0, '2018-07-29 14:47:43', 2, 327, 1),
(511, 'Estado:', NULL, NULL, NULL, 0, '2018-07-29 14:47:45', 2, 328, 1),
(512, 'Estado:', NULL, NULL, NULL, 0, '2018-07-29 14:47:47', 2, 329, 1),
(513, 'Estado:', NULL, NULL, NULL, 0, '2018-07-29 14:47:49', 2, 330, 1),
(514, 'Estado:', NULL, NULL, NULL, 0, '2018-07-29 14:47:52', 2, 331, 1),
(515, 'Estado:', NULL, NULL, NULL, 0, '2018-07-29 14:48:27', 2, 332, 1),
(516, 'ndique cantidad de elementos con defectos:', NULL, NULL, NULL, 0, '2018-07-29 14:48:31', 4, 332, 2),
(517, 'Estado:', NULL, NULL, NULL, 0, '2018-07-29 14:48:33', 2, 333, 1),
(518, 'ndique cantidad de elementos con defectos:', NULL, NULL, NULL, 0, '2018-07-29 14:48:37', 4, 333, 2),
(519, 'Estado:', NULL, NULL, NULL, 0, '2018-07-29 14:49:05', 2, 334, 1),
(520, 'ndique Anomali?as y/o Comunicacio?n de los circuitos (Perforaciones):', NULL, NULL, NULL, 0, '2018-07-29 14:49:09', 4, 334, 2),
(521, 'Estado:', NULL, NULL, NULL, 0, '2018-07-29 14:49:11', 2, 335, 1),
(522, 'ndique Anomali?as y/o Comunicacio?n de los circuitos (Perforaciones):', NULL, NULL, NULL, 0, '2018-07-29 14:49:15', 4, 335, 2),
(523, 'Estado:', NULL, NULL, NULL, 0, '2018-07-29 14:51:08', 2, 336, 1),
(524, 'Indique Anomali?as (Corrosio?n, Falta Mat.):', NULL, NULL, NULL, 0, '2018-07-29 14:51:12', 4, 336, 2),
(525, 'Estado:', NULL, NULL, NULL, 0, '2018-07-29 14:51:14', 2, 337, 1),
(526, 'Indique Anomali?as (Corrosio?n, Falta Mat.):', NULL, NULL, NULL, 0, '2018-07-29 14:51:18', 4, 337, 2),
(527, '01:', NULL, NULL, NULL, 0, '2018-07-29 14:52:40', 1, 338, 1),
(528, '02:', NULL, NULL, NULL, 0, '2018-07-29 14:52:46', 1, 339, 1),
(529, '03:', NULL, NULL, NULL, 0, '2018-07-29 14:52:55', 1, 340, 1),
(530, '04:', NULL, NULL, NULL, 0, '2018-07-29 14:53:16', 1, 341, 1),
(531, '05:', NULL, NULL, NULL, 0, '2018-07-29 14:53:26', 1, 342, 1),
(532, '06:', NULL, NULL, NULL, 0, '2018-07-29 14:53:34', 1, 343, 1),
(533, '08:', NULL, NULL, NULL, 0, '2018-07-29 14:53:42', 1, 344, 1),
(534, '12', NULL, NULL, NULL, 0, '2018-07-29 14:54:13', 1, 345, 1),
(535, 'n:', NULL, NULL, NULL, 0, '2018-07-29 14:54:21', 1, 346, 1),
(536, '', NULL, NULL, NULL, 0, '2018-07-29 14:54:45', 4, 348, 1),
(537, 'Estado:', NULL, NULL, NULL, 0, '2018-07-29 14:55:48', 2, 349, 1),
(538, 'Indique Motivo Rechazo:', NULL, NULL, NULL, 0, '2018-07-29 14:55:53', 4, 349, 2),
(539, 'Estado:', NULL, NULL, NULL, 0, '2018-07-29 14:55:55', 2, 350, 1),
(540, 'Indique Motivo Rechazo:', NULL, NULL, NULL, 0, '2018-07-29 14:55:59', 4, 350, 2),
(541, 'Estado:', NULL, NULL, NULL, 0, '2018-07-29 14:56:05', 2, 351, 1),
(542, 'Indique Motivo Rechazo:', NULL, NULL, NULL, 0, '2018-07-29 14:56:09', 4, 351, 2),
(543, 'Estado:', NULL, NULL, NULL, 0, '2018-07-29 14:56:14', 2, 352, 1),
(544, 'Indique Motivo Rechazo:', NULL, NULL, NULL, 0, '2018-07-29 14:56:19', 4, 352, 2),
(545, 'Estado:', NULL, NULL, NULL, 0, '2018-07-29 14:56:21', 2, 353, 1),
(546, 'Indique Motivo Rechazo:', NULL, NULL, NULL, 0, '2018-07-29 14:56:25', 4, 353, 2),
(547, 'Estado:', NULL, NULL, NULL, 0, '2018-07-29 14:56:29', 2, 354, 1),
(548, 'Indique Motivo Rechazo:', NULL, NULL, NULL, 0, '2018-07-29 14:56:36', 4, 354, 2),
(549, 'Estado:', NULL, NULL, NULL, 0, '2018-07-29 14:56:40', 2, 355, 1),
(550, 'Indique Motivo Rechazo:', NULL, NULL, NULL, 0, '2018-07-29 14:56:45', 4, 355, 2),
(551, 'Estado:', NULL, NULL, NULL, 0, '2018-07-29 14:56:49', 2, 356, 1),
(552, 'Indique Motivo Rechazo:', NULL, NULL, NULL, 0, '2018-07-29 14:56:54', 4, 356, 2),
(553, 'Estado:', NULL, NULL, NULL, 0, '2018-07-29 14:58:59', 2, 357, 1),
(554, 'Estado:', NULL, NULL, NULL, 0, '2018-07-29 14:59:45', 2, 358, 1),
(555, 'Estado:', NULL, NULL, NULL, 0, '2018-07-29 14:59:47', 2, 359, 1),
(556, 'Estado:', NULL, NULL, NULL, 0, '2018-07-29 14:59:49', 2, 360, 1),
(557, 'Estado:', NULL, NULL, NULL, 0, '2018-07-29 14:59:51', 2, 361, 1),
(558, 'Estado:', NULL, NULL, NULL, 0, '2018-07-29 14:59:53', 2, 362, 1),
(559, 'Estado:', NULL, NULL, NULL, 0, '2018-07-29 14:59:55', 2, 363, 1),
(560, '', NULL, NULL, NULL, 0, '2018-07-29 15:00:03', 4, 364, 1),
(561, '01', NULL, NULL, NULL, 0, '2018-07-29 15:01:29', 1, 365, 1),
(562, '02:', NULL, NULL, NULL, 0, '2018-07-29 15:01:36', 1, 366, 1),
(563, '03:', NULL, NULL, NULL, 0, '2018-07-29 15:01:43', 1, 367, 1),
(564, '04:', NULL, NULL, NULL, 0, '2018-07-29 15:01:52', 1, 368, 1),
(565, '05:', NULL, NULL, NULL, 0, '2018-07-29 15:01:59', 1, 369, 1),
(566, 'Medida:', NULL, NULL, NULL, 0, '2018-07-29 15:02:58', 1, 370, 1),
(567, 'Estado:', NULL, NULL, NULL, 0, '2018-07-29 15:02:59', 2, 370, 2),
(568, 'Indicar Motivo de Rechazo:', NULL, NULL, NULL, 0, '2018-07-29 15:03:11', 4, 370, 3),
(569, 'Estado:', NULL, NULL, NULL, 0, '2018-07-29 15:07:19', 2, 371, 1),
(570, 'Indique Motivo de Rechazo:', NULL, NULL, NULL, 0, '2018-07-29 15:07:27', 4, 371, 2),
(571, 'Estado:', NULL, NULL, NULL, 0, '2018-07-29 15:08:58', 2, 372, 1),
(572, 'Medida STD:', NULL, NULL, NULL, 0, '2018-07-29 15:09:09', 1, 372, 2),
(573, 'Medida Real:', NULL, NULL, NULL, 0, '2018-07-29 15:09:18', 1, 372, 3),
(574, 'a-Tapas Rectas:', NULL, NULL, NULL, 0, '2018-07-29 15:18:05', 2, 373, 1),
(575, 'b-Tapas Convexas', NULL, NULL, NULL, 0, '2018-07-29 15:18:28', 2, 373, 2),
(576, 'Estado:', NULL, NULL, NULL, 0, '2018-07-29 15:19:08', 2, 374, 1),
(577, 'Indique Lugar:', NULL, NULL, NULL, 0, '2018-07-29 15:19:28', 4, 374, 2),
(578, 'Tiempo de Prueba:', NULL, NULL, NULL, 0, '2018-07-29 15:22:51', 1, 375, 1),
(579, 'Temperatura de Agua:', NULL, NULL, NULL, 0, '2018-07-29 15:23:00', 1, 375, 2),
(580, 'Presio?n de Prueba:', NULL, NULL, NULL, 0, '2018-07-29 15:23:10', 1, 375, 3),
(581, 'Estado:', NULL, NULL, NULL, 0, '2018-07-29 15:23:12', 2, 375, 4),
(582, 'Indique Motivo de Rechazo:', NULL, NULL, NULL, 0, '2018-07-29 15:23:28', 4, 375, 5),
(583, 'Estado:', NULL, NULL, NULL, 0, '2018-07-29 15:28:44', 2, 376, 1),
(584, 'Estado:', NULL, NULL, NULL, 0, '2018-07-29 15:28:46', 2, 377, 1),
(585, 'Estado:', NULL, NULL, NULL, 0, '2018-07-29 15:28:48', 2, 378, 1),
(586, 'Estado:', NULL, NULL, NULL, 0, '2018-07-29 15:28:50', 2, 379, 1),
(587, 'Indique Motivo de Rechazo:', NULL, NULL, NULL, 0, '2018-07-29 15:29:09', 4, 376, 2),
(588, 'Indique Motivo de Rechazo:', NULL, NULL, NULL, 0, '2018-07-29 15:29:13', 4, 377, 2),
(589, 'Indique Motivo de Rechazo:', NULL, NULL, NULL, 0, '2018-07-29 15:29:18', 4, 378, 2),
(590, 'Indique Motivo de Rechazo:', NULL, NULL, NULL, 0, '2018-07-29 15:29:23', 4, 379, 2),
(591, 'Estado:', NULL, NULL, NULL, 0, '2018-07-29 15:31:37', 2, 380, 1),
(592, 'Estado:', NULL, NULL, NULL, 0, '2018-07-29 15:32:02', 2, 381, 1),
(593, '', NULL, NULL, NULL, 0, '2018-07-29 15:32:16', 2, 382, 1),
(594, 'Normales:', NULL, NULL, NULL, 0, '2018-07-29 15:36:03', 1, 383, 1),
(595, 'Picadas:', NULL, NULL, NULL, 0, '2018-07-29 15:36:10', 1, 383, 2),
(596, 'Quemadas:', NULL, NULL, NULL, 0, '2018-07-29 15:36:19', 1, 383, 3),
(597, 'Inscrustaciones:', NULL, NULL, NULL, 0, '2018-07-29 15:36:33', 1, 383, 4),
(598, '', NULL, NULL, NULL, 0, '2018-07-29 15:36:40', 4, 384, 1),
(599, 'Estado:', NULL, NULL, NULL, 0, '2018-07-29 15:40:28', 2, 385, 1),
(600, 'Indique Motivos de Rechazo:', NULL, NULL, NULL, 0, '2018-07-29 15:40:31', 4, 385, 2),
(601, 'Estado:', NULL, NULL, NULL, 0, '2018-07-29 15:40:33', 2, 386, 1),
(602, 'Indique Motivos de Rechazo:', NULL, NULL, NULL, 0, '2018-07-29 15:40:37', 4, 386, 2),
(603, 'Estado:', NULL, NULL, NULL, 0, '2018-07-29 15:40:39', 2, 387, 1),
(604, 'Indique Motivos de Rechazo:', NULL, NULL, NULL, 0, '2018-07-29 15:40:42', 4, 387, 2),
(605, 'Medida Actual:', NULL, NULL, NULL, 0, '2018-07-29 15:42:15', 1, 388, 1),
(606, 'ALesar:', NULL, NULL, NULL, 0, '2018-07-29 15:42:22', 1, 388, 2),
(607, 'Cambiar:', NULL, NULL, NULL, 0, '2018-07-29 15:42:30', 1, 388, 3),
(608, 'No Cambiar:', NULL, NULL, NULL, 0, '2018-07-29 15:42:36', 1, 388, 4),
(609, '', NULL, NULL, NULL, 0, '2018-07-29 15:42:50', 4, 389, 1),
(610, 'Tipo:', NULL, NULL, NULL, 0, '2018-07-29 15:43:38', 2, 390, 1),
(611, 'Estado:', NULL, NULL, NULL, 0, '2018-07-29 15:44:44', 2, 390, 2),
(612, 'Indique Defecto Encontrado:', NULL, NULL, NULL, 0, '2018-07-29 15:45:20', 4, 390, 3),
(613, 'Bancada 1:', NULL, NULL, NULL, 0, '2018-07-29 15:46:15', 1, 391, 1),
(614, 'Bancada 2:', NULL, NULL, NULL, 0, '2018-07-29 15:46:19', 1, 391, 2),
(615, 'Bancada 3:', NULL, NULL, NULL, 0, '2018-07-29 15:46:24', 1, 391, 3),
(616, 'Bancada n:', NULL, NULL, NULL, 0, '2018-07-29 15:46:28', 1, 391, 4),
(617, 'Alesar:', NULL, NULL, NULL, 0, '2018-07-29 15:46:40', 1, 391, 5),
(618, 'Cambiar Bujes:', NULL, NULL, NULL, 0, '2018-07-29 15:46:51', 1, 391, 6),
(619, 'Otros:', NULL, NULL, NULL, 0, '2018-07-29 15:46:58', 1, 391, 7),
(620, 'Estado:', NULL, NULL, NULL, 0, '2018-07-29 15:49:39', 2, 392, 1),
(621, 'Indique Motivo de Rechazo:', NULL, NULL, NULL, 0, '2018-07-29 15:49:52', 4, 392, 2),
(622, 'Requerida:', NULL, NULL, NULL, 0, '2018-07-29 15:51:52', 1, 393, 1),
(623, 'Requerida:', NULL, NULL, NULL, 0, '2018-07-29 15:52:02', 1, 394, 1),
(624, 'Obtenida:', NULL, NULL, NULL, 0, '2018-07-29 15:52:12', 1, 393, 2),
(625, 'Obtenida:', NULL, NULL, NULL, 0, '2018-07-29 15:52:16', 1, 394, 2),
(626, 'Admision:', NULL, NULL, NULL, 0, '2018-07-29 15:52:39', 1, 395, 1),
(627, 'Escape:', NULL, NULL, NULL, 0, '2018-07-29 15:52:51', 1, 395, 2),
(628, '', NULL, NULL, NULL, 0, '2018-07-29 15:52:55', 4, 396, 1),
(634, 'Marcados:', NULL, NULL, NULL, 0, '2018-07-29 16:00:51', 3, 397, 1),
(635, 'Abollados:', NULL, NULL, NULL, 0, '2018-07-29 16:01:00', 3, 397, 2),
(636, 'Fisurados:', NULL, NULL, NULL, 0, '2018-07-29 16:01:08', 3, 397, 3),
(637, 'Gastados:', NULL, NULL, NULL, 0, '2018-07-29 16:01:16', 3, 397, 4),
(638, 'Accion:', NULL, NULL, NULL, 0, '2018-07-29 16:01:23', 2, 397, 5),
(639, 'Marcados:', NULL, NULL, NULL, 0, '2018-07-29 16:02:19', 3, 398, 1),
(640, 'Abollados:', NULL, NULL, NULL, 0, '2018-07-29 16:02:26', 3, 398, 2),
(641, 'Fisurados:', NULL, NULL, NULL, 0, '2018-07-29 16:02:37', 3, 398, 3),
(642, 'Gastados:', NULL, NULL, NULL, 0, '2018-07-29 16:02:45', 3, 398, 4),
(643, 'Accion:', NULL, NULL, NULL, 0, '2018-07-29 16:03:01', 2, 398, 5),
(644, 'Marcado:', NULL, NULL, NULL, 0, '2018-07-29 16:06:07', 3, 399, 1),
(645, 'Gastado:', NULL, NULL, NULL, 0, '2018-07-29 16:06:18', 3, 399, 2),
(646, 'Indique Reparacio?n a Realizar:', NULL, NULL, NULL, 0, '2018-07-29 16:06:30', 4, 399, 3),
(647, 'Estado:', NULL, NULL, NULL, 0, '2018-07-29 16:06:54', 2, 400, 1),
(648, 'Proceso de Extraccio?n:', NULL, NULL, NULL, 0, '2018-07-29 16:07:03', 4, 400, 2),
(649, 'Estado:', NULL, NULL, NULL, 0, '2018-07-29 16:11:07', 2, 401, 1),
(650, 'Indique Motivo de Rechazo:', NULL, NULL, NULL, 0, '2018-07-29 16:11:14', 4, 401, 2),
(651, 'Estado:', NULL, NULL, NULL, 0, '2018-07-29 16:11:32', 2, 402, 1),
(653, 'ndique Motivo de Rechazo:', NULL, NULL, NULL, 0, '2018-07-29 16:11:49', 4, 402, 2),
(660, '1:', NULL, NULL, NULL, 0, '2018-07-29 16:15:56', 1, 410, 1),
(661, '2:', NULL, NULL, NULL, 0, '2018-07-29 16:16:00', 1, 410, 2);
INSERT INTO `frm_valores` (`VALO_ID`, `NOMBRE`, `PISTA`, `LONGITUD`, `VALOR_DEFECTO`, `OBLIGATORIO`, `FEC_CREACION`, `TIDA_ID`, `GRUP_ID`, `ORDEN`) VALUES
(662, '3:', NULL, NULL, NULL, 0, '2018-07-29 16:16:04', 1, 410, 3),
(663, '4:', NULL, NULL, NULL, 0, '2018-07-29 16:16:09', 1, 410, 4),
(664, '', NULL, NULL, NULL, 0, '2018-07-29 16:16:49', 4, 411, 1),
(665, 'Medida STD:', NULL, NULL, NULL, 0, '2018-07-29 16:17:53', 1, 412, 1),
(666, 'Medida Actual:', NULL, NULL, NULL, 0, '2018-07-29 16:18:06', 1, 412, 2),
(667, 'Estado:', NULL, NULL, NULL, 0, '2018-07-29 16:18:10', 2, 412, 3),
(670, 'Observaciones:', NULL, NULL, NULL, 0, '2018-07-29 16:19:49', 4, 412, 4),
(671, 'Estado:', NULL, NULL, NULL, 0, '2018-07-29 16:20:59', 2, 414, 1),
(672, 'Estado:', NULL, NULL, NULL, 0, '2018-07-29 16:21:11', 2, 415, 1),
(673, 'Estado:', NULL, NULL, NULL, 0, '2018-07-29 16:21:40', 2, 416, 1),
(674, 'Estado:', NULL, NULL, NULL, 0, '2018-07-29 16:22:33', 2, 417, 1),
(675, 'Estado:', NULL, NULL, NULL, 0, '2018-07-29 16:22:41', 2, 418, 1),
(678, '', NULL, NULL, NULL, 0, '2018-07-29 16:24:24', 1, 420, 1),
(679, '', NULL, NULL, NULL, 0, '2018-07-29 16:24:28', 1, 421, 1),
(680, 'Estado:', NULL, NULL, NULL, 0, '2018-07-29 17:28:31', 2, 422, 1),
(681, 'Estado:', NULL, NULL, NULL, 0, '2018-07-29 17:28:33', 2, 423, 1),
(682, 'Estado:', NULL, NULL, NULL, 0, '2018-07-29 17:30:06', 2, 425, 1),
(683, 'Indique Motivo de Rechazo:', NULL, NULL, NULL, 0, '2018-07-29 17:30:19', 4, 425, 2),
(684, 'Patas:', NULL, NULL, NULL, 0, '2018-07-29 17:34:18', 1, 426, 1),
(685, 'Gastadas:', NULL, NULL, NULL, 0, '2018-07-29 17:34:25', 1, 426, 2),
(686, 'Altura:', NULL, NULL, NULL, 0, '2018-07-29 17:34:37', 2, 426, 3),
(687, 'Diafragma:', NULL, NULL, NULL, 0, '2018-07-29 17:35:05', 2, 426, 4),
(688, 'Fisurado:', NULL, NULL, NULL, 0, '2018-07-29 17:36:19', 3, 427, 1),
(689, 'Rayado:', NULL, NULL, NULL, 0, '2018-07-29 17:36:29', 3, 427, 2),
(690, 'Deformado:', NULL, NULL, NULL, 0, '2018-07-29 17:36:35', 3, 427, 3),
(691, 'Otro:', NULL, NULL, NULL, 0, '2018-07-29 17:36:41', 3, 427, 4),
(692, '1:', NULL, NULL, NULL, 0, '2018-07-29 17:37:55', 1, 429, 1),
(693, '2:', NULL, NULL, NULL, 0, '2018-07-29 17:37:59', 1, 429, 2),
(694, '3:', NULL, NULL, NULL, 0, '2018-07-29 17:38:03', 1, 429, 3),
(695, '4:', NULL, NULL, NULL, 0, '2018-07-29 17:38:07', 1, 429, 4),
(696, 'Observaciones:', NULL, NULL, NULL, 0, '2018-07-29 17:38:17', 4, 429, 5),
(697, 'Estado:', NULL, NULL, NULL, 0, '2018-07-29 17:39:18', 2, 430, 1),
(698, 'Indique Motivo del Rechazo:', NULL, NULL, NULL, 0, '2018-07-29 17:39:28', 4, 430, 2),
(699, 'Estado:', NULL, NULL, NULL, 0, '2018-07-29 17:40:05', 2, 431, 1),
(700, 'Observaciones:', NULL, NULL, NULL, 0, '2018-07-29 17:40:43', 4, 431, 2),
(701, 'Estado:', NULL, NULL, NULL, 0, '2018-07-29 17:41:11', 2, 432, 1),
(702, 'Observaciones:', NULL, NULL, NULL, 0, '2018-07-29 17:41:22', 4, 432, 2),
(703, 'Picado:', NULL, NULL, NULL, 0, '2018-07-29 17:42:21', 3, 433, 1),
(704, 'Gastado:', NULL, NULL, NULL, 0, '2018-07-29 17:42:30', 3, 433, 2),
(705, 'Fisurado:', NULL, NULL, NULL, 0, '2018-07-29 17:42:37', 3, 433, 3),
(706, 'Cambiar:', NULL, NULL, NULL, 0, '2018-07-29 17:42:44', 3, 433, 4),
(707, 'Observaciones:', NULL, NULL, NULL, 0, '2018-07-29 17:43:22', 4, 433, 5),
(708, 'Estado:', NULL, NULL, NULL, 0, '2018-07-29 17:52:08', 2, 434, 1),
(709, 'Indicar Motivo de Rechazo:', NULL, NULL, NULL, 0, '2018-07-29 17:52:20', 4, 434, 2),
(710, 'Medida:', NULL, NULL, NULL, 0, '2018-07-29 18:11:14', 2, 435, 1),
(711, 'Estado:', NULL, NULL, NULL, 0, '2018-07-29 18:11:32', 2, 435, 2),
(712, 'Medida:', NULL, NULL, NULL, 0, '2018-07-29 19:02:49', 2, 436, 1),
(713, 'Medida:', NULL, NULL, NULL, 0, '2018-07-29 19:02:53', 2, 437, 1),
(714, 'Medida:', NULL, NULL, NULL, 0, '2018-07-29 19:02:58', 2, 438, 1),
(715, 'Medida:', NULL, NULL, NULL, 0, '2018-07-29 19:03:04', 2, 439, 1),
(716, 'Medida:', NULL, NULL, NULL, 0, '2018-07-29 19:03:10', 2, 440, 1),
(717, 'Medida:', NULL, NULL, NULL, 0, '2018-07-29 19:03:17', 2, 441, 1),
(718, 'Medida:', NULL, NULL, NULL, 0, '2018-07-29 19:03:23', 2, 442, 1),
(719, 'Medida:', NULL, NULL, NULL, 0, '2018-07-29 19:03:31', 2, 443, 1),
(720, 'Medida:', NULL, NULL, NULL, 0, '2018-07-29 19:03:39', 2, 444, 1),
(721, 'Medida:', NULL, NULL, NULL, 0, '2018-07-29 19:03:46', 2, 445, 1),
(722, 'Estado:', NULL, NULL, NULL, 0, '2018-07-29 19:06:12', 2, 436, 2),
(723, 'Estado:', NULL, NULL, NULL, 0, '2018-07-29 19:06:17', 2, 437, 2),
(724, 'Estado:', NULL, NULL, NULL, 0, '2018-07-29 19:06:36', 2, 438, 2),
(725, 'Estado:', NULL, NULL, NULL, 0, '2018-07-29 19:06:41', 2, 439, 2),
(726, 'Estado:', NULL, NULL, NULL, 0, '2018-07-29 19:06:46', 2, 440, 2),
(727, 'Estado:', NULL, NULL, NULL, 0, '2018-07-29 19:06:51', 2, 441, 2),
(728, 'Estado:', NULL, NULL, NULL, 0, '2018-07-29 19:06:56', 2, 442, 2),
(729, 'Estado:', NULL, NULL, NULL, 0, '2018-07-29 19:07:04', 2, 443, 2),
(730, 'Estado:', NULL, NULL, NULL, 0, '2018-07-29 19:07:10', 2, 444, 2),
(731, 'Estado:', NULL, NULL, NULL, 0, '2018-07-29 19:07:28', 2, 445, 2),
(732, 'Medida:', NULL, NULL, NULL, 0, '2018-07-29 20:42:03', 2, 446, 1),
(733, 'Medida:', NULL, NULL, NULL, 0, '2018-07-29 20:42:08', 2, 447, 1),
(734, 'Medida:', NULL, NULL, NULL, 0, '2018-07-29 20:42:13', 2, 448, 1),
(735, 'Medida:', NULL, NULL, NULL, 0, '2018-07-29 20:42:19', 2, 449, 1),
(736, 'Medida:', NULL, NULL, NULL, 0, '2018-07-29 20:43:37', 2, 450, 1),
(737, 'Medida:', NULL, NULL, NULL, 0, '2018-07-29 20:43:43', 2, 451, 1),
(738, 'Medida:', NULL, NULL, NULL, 0, '2018-07-29 20:43:48', 2, 452, 1),
(739, 'Medida:', NULL, NULL, NULL, 0, '2018-07-29 20:43:53', 2, 453, 1),
(740, 'Medida:', NULL, NULL, NULL, 0, '2018-07-29 20:43:59', 2, 454, 1),
(741, 'Medida:', NULL, NULL, NULL, 0, '2018-07-29 20:44:05', 2, 455, 1),
(742, 'Medida:', NULL, NULL, NULL, 0, '2018-07-29 20:44:11', 2, 456, 1),
(743, 'Medida:', NULL, NULL, NULL, 0, '2018-07-29 20:45:29', 2, 457, 1),
(744, 'Medida:', NULL, NULL, NULL, 0, '2018-07-29 20:45:35', 2, 458, 1),
(745, 'Medida:', NULL, NULL, NULL, 0, '2018-07-29 20:45:41', 2, 459, 1),
(746, 'Medida:', NULL, NULL, NULL, 0, '2018-07-29 20:45:48', 2, 460, 1),
(747, 'Medida:', NULL, NULL, NULL, 0, '2018-07-29 20:45:55', 2, 461, 1),
(748, 'Medida:', NULL, NULL, NULL, 0, '2018-07-29 20:46:01', 2, 462, 1),
(749, 'Estado:', NULL, NULL, NULL, 0, '2018-07-29 20:47:11', 2, 446, 2),
(750, 'Estado:', NULL, NULL, NULL, 0, '2018-07-29 20:47:15', 2, 447, 2),
(751, 'Estado:', NULL, NULL, NULL, 0, '2018-07-29 20:47:51', 2, 448, 2),
(752, 'Estado:', NULL, NULL, NULL, 0, '2018-07-29 20:47:57', 2, 449, 2),
(753, 'Estado:', NULL, NULL, NULL, 0, '2018-07-29 20:48:02', 2, 450, 2),
(754, 'Estado:', NULL, NULL, NULL, 0, '2018-07-29 20:48:07', 2, 451, 2),
(755, 'Estado:', NULL, NULL, NULL, 0, '2018-07-29 20:48:38', 2, 452, 2),
(756, 'Estado:', NULL, NULL, NULL, 0, '2018-07-29 20:48:44', 2, 453, 2),
(757, 'Estado:', NULL, NULL, NULL, 0, '2018-07-29 20:48:50', 2, 454, 2),
(758, 'Estado:', NULL, NULL, NULL, 0, '2018-07-29 20:48:55', 2, 455, 2),
(759, 'Estado:', NULL, NULL, NULL, 0, '2018-07-29 20:49:00', 2, 456, 2),
(760, 'Estado:', NULL, NULL, NULL, 0, '2018-07-29 20:49:04', 2, 457, 2),
(761, 'Estado:', NULL, NULL, NULL, 0, '2018-07-29 20:49:11', 2, 458, 2),
(762, 'Estado:', NULL, NULL, NULL, 0, '2018-07-29 20:49:20', 2, 459, 2),
(763, 'Estado:', NULL, NULL, NULL, 0, '2018-07-29 20:49:53', 2, 460, 2),
(764, 'Estado:', NULL, NULL, NULL, 0, '2018-07-29 20:50:58', 2, 461, 2),
(765, 'Estado:', NULL, NULL, NULL, 0, '2018-07-29 20:52:51', 2, 462, 2),
(766, 'Dureza:', NULL, NULL, NULL, 0, '2018-07-29 21:25:07', 2, 463, 1),
(767, 'Dureza:', NULL, NULL, NULL, 0, '2018-07-29 21:25:11', 2, 464, 1),
(768, 'Dureza:', NULL, NULL, NULL, 0, '2018-07-29 21:25:16', 2, 465, 1),
(769, 'Dureza:', NULL, NULL, NULL, 0, '2018-07-29 21:25:21', 2, 466, 1),
(770, 'Dureza:', NULL, NULL, NULL, 0, '2018-07-29 21:25:25', 2, 467, 1),
(771, 'Dureza:', NULL, NULL, NULL, 0, '2018-07-29 21:25:30', 2, 468, 1),
(772, 'Dureza:', NULL, NULL, NULL, 0, '2018-07-29 21:25:41', 2, 469, 1),
(773, 'Dureza:', NULL, NULL, NULL, 0, '2018-07-29 21:25:46', 2, 470, 1),
(774, 'Dureza:', NULL, NULL, NULL, 0, '2018-07-29 21:25:50', 2, 471, 1),
(775, 'Dureza:', NULL, NULL, NULL, 0, '2018-07-29 21:25:55', 2, 472, 1),
(776, 'Dureza:', NULL, NULL, NULL, 0, '2018-07-29 21:31:52', 2, 473, 1),
(777, 'Dureza:', NULL, NULL, NULL, 0, '2018-07-29 21:31:57', 2, 474, 1),
(778, 'Dureza:', NULL, NULL, NULL, 0, '2018-07-29 21:32:02', 2, 475, 1),
(779, 'Dureza:', NULL, NULL, NULL, 0, '2018-07-29 21:32:07', 2, 476, 1),
(780, 'Dureza:', NULL, NULL, NULL, 0, '2018-07-29 21:32:54', 2, 477, 1),
(781, 'Dureza:', NULL, NULL, NULL, 0, '2018-07-29 21:32:59', 2, 478, 1),
(782, 'Dureza:', NULL, NULL, NULL, 0, '2018-07-29 21:33:07', 2, 479, 1),
(783, 'Dureza:', NULL, NULL, NULL, 0, '2018-07-29 21:33:12', 2, 480, 1),
(784, 'Dureza:', NULL, NULL, NULL, 0, '2018-07-29 21:33:19', 2, 481, 1),
(785, 'Dureza:', NULL, NULL, NULL, 0, '2018-07-29 21:33:29', 2, 482, 1),
(786, 'Dureza:', NULL, NULL, NULL, 0, '2018-07-29 21:33:34', 2, 483, 1),
(787, 'Dureza:', NULL, NULL, NULL, 0, '2018-07-29 21:33:47', 2, 484, 1),
(788, 'Dureza:', NULL, NULL, NULL, 0, '2018-07-29 21:33:52', 2, 485, 1),
(789, 'Dureza:', NULL, NULL, NULL, 0, '2018-07-29 21:33:57', 2, 486, 1),
(790, 'Dureza:', NULL, NULL, NULL, 0, '2018-07-29 21:34:01', 2, 487, 1),
(791, 'Dureza:', NULL, NULL, NULL, 0, '2018-07-29 21:34:06', 2, 488, 1),
(792, 'Dureza:', NULL, NULL, NULL, 0, '2018-07-29 21:34:11', 2, 489, 1),
(793, 'Radio:', NULL, NULL, NULL, 0, '2018-07-29 21:43:05', 2, 490, 1),
(794, 'Radio:', NULL, NULL, NULL, 0, '2018-07-29 21:43:12', 2, 491, 1),
(795, 'Radio:', NULL, NULL, NULL, 0, '2018-07-29 21:43:16', 2, 492, 1),
(796, 'Radio:', NULL, NULL, NULL, 0, '2018-07-29 21:43:21', 2, 493, 1),
(797, 'Radio:', NULL, NULL, NULL, 0, '2018-07-29 21:43:26', 2, 494, 1),
(798, 'Radio:', NULL, NULL, NULL, 0, '2018-07-29 21:43:31', 2, 495, 1),
(799, 'Radio:', NULL, NULL, NULL, 0, '2018-07-29 21:43:37', 2, 496, 1),
(800, 'Radio:', NULL, NULL, NULL, 0, '2018-07-29 21:43:45', 2, 497, 1),
(801, 'Radio:', NULL, NULL, NULL, 0, '2018-07-29 21:43:49', 2, 498, 1),
(802, 'Radio:', NULL, NULL, NULL, 0, '2018-07-29 21:43:55', 2, 499, 1),
(803, 'Radio:', NULL, NULL, NULL, 0, '2018-07-29 21:44:00', 2, 500, 1),
(804, 'Radio:', NULL, NULL, NULL, 0, '2018-07-29 23:08:43', 2, 501, 1),
(805, 'Radio:', NULL, NULL, NULL, 0, '2018-07-29 23:08:47', 2, 502, 1),
(806, 'Radio:', NULL, NULL, NULL, 0, '2018-07-29 23:08:52', 2, 503, 1),
(807, 'Radio:', NULL, NULL, NULL, 0, '2018-07-29 23:09:00', 2, 504, 1),
(808, 'Radio:', NULL, NULL, NULL, 0, '2018-07-29 23:09:07', 2, 505, 1),
(809, 'Radio:', NULL, NULL, NULL, 0, '2018-07-29 23:09:12', 2, 506, 1),
(810, 'Radio:', NULL, NULL, NULL, 0, '2018-07-29 23:09:32', 2, 507, 1),
(811, 'Radio:', NULL, NULL, NULL, 0, '2018-07-29 23:09:42', 2, 508, 1),
(812, 'Radio:', NULL, NULL, NULL, 0, '2018-07-29 23:09:48', 2, 509, 1),
(813, 'Radio:', NULL, NULL, NULL, 0, '2018-07-29 23:10:06', 2, 510, 1),
(814, 'Radio:', NULL, NULL, NULL, 0, '2018-07-29 23:10:11', 2, 511, 1),
(815, 'Radio:', NULL, NULL, NULL, 0, '2018-07-29 23:10:22', 2, 512, 1),
(816, 'Radio:', NULL, NULL, NULL, 0, '2018-07-29 23:10:26', 2, 513, 1),
(817, 'Radio:', NULL, NULL, NULL, 0, '2018-07-29 23:10:30', 2, 514, 1),
(818, 'Radio:', NULL, NULL, NULL, 0, '2018-07-29 23:10:35', 2, 515, 1),
(819, 'Radio:', NULL, NULL, NULL, 0, '2018-07-29 23:10:41', 2, 516, 1),
(820, 'Radio:', NULL, NULL, NULL, 0, '2018-07-29 23:10:46', 2, 517, 1),
(822, 'Estado:', NULL, NULL, NULL, 0, '2018-07-29 23:15:29', 2, 518, 1),
(823, 'Estado:', NULL, NULL, NULL, 0, '2018-07-29 23:15:32', 2, 519, 1),
(824, 'Indique Lugar de Fisura y Orientacio?n:', NULL, NULL, NULL, 0, '2018-07-29 23:15:51', 4, 518, 2),
(825, 'Indique Lugar de Fisura y Orientacio?n:', NULL, NULL, NULL, 0, '2018-07-29 23:15:55', 4, 519, 2),
(826, 'Estado:', NULL, NULL, NULL, 0, '2018-07-29 23:24:54', 2, 520, 1),
(827, 'Reconstruir:', NULL, NULL, NULL, 0, '2018-07-29 23:25:08', 3, 520, 2),
(828, 'Inserto:', NULL, NULL, NULL, 0, '2018-07-29 23:25:20', 3, 520, 3),
(829, 'Estado:', NULL, NULL, NULL, 0, '2018-07-29 23:25:25', 2, 521, 1),
(830, 'Reconstruir:', NULL, NULL, NULL, 0, '2018-07-29 23:25:37', 3, 521, 2),
(831, 'Medida Mayor:', NULL, NULL, NULL, 0, '2018-07-29 23:27:03', 1, 522, 1),
(832, 'Medida Menor:', NULL, NULL, NULL, 0, '2018-07-29 23:27:10', 1, 522, 2),
(833, 'Dureza:', NULL, NULL, NULL, 0, '2018-07-29 23:27:35', 1, 522, 3),
(834, 'Estado:', NULL, NULL, NULL, 0, '2018-07-29 23:32:13', 2, 523, 1),
(835, 'Dureza:', NULL, NULL, NULL, 0, '2018-07-29 23:32:25', 1, 523, 2),
(836, 'Reconstruir:', NULL, NULL, NULL, 0, '2018-07-29 23:32:34', 3, 523, 3),
(837, 'Estado:', NULL, NULL, NULL, 0, '2018-07-29 23:32:40', 2, 524, 1),
(838, 'Encamisar:', NULL, NULL, NULL, 0, '2018-07-29 23:32:50', 3, 524, 2),
(839, 'Marcado:', NULL, NULL, NULL, 0, '2018-07-29 23:34:58', 1, 527, 1),
(840, 'Marcado:', NULL, NULL, NULL, 0, '2018-07-29 23:35:02', 1, 528, 1),
(841, 'Marcado:', NULL, NULL, NULL, 0, '2018-07-29 23:35:08', 1, 529, 1),
(842, 'Marcado:', NULL, NULL, NULL, 0, '2018-07-29 23:35:13', 1, 530, 1),
(843, 'Marcado:', NULL, NULL, NULL, 0, '2018-07-29 23:35:18', 1, 531, 1),
(844, 'Marcado:', NULL, NULL, NULL, 0, '2018-07-29 23:35:23', 1, 532, 1),
(845, 'Marcado:', NULL, NULL, NULL, 0, '2018-07-29 23:35:29', 1, 533, 1),
(846, 'Marcado:', NULL, NULL, NULL, 0, '2018-07-29 23:35:33', 1, 534, 1),
(847, 'Marcado:', NULL, NULL, NULL, 0, '2018-07-29 23:35:38', 1, 535, 1),
(848, 'Marcado:', NULL, NULL, NULL, 0, '2018-07-29 23:35:43', 1, 536, 1),
(849, 'Marcado:', NULL, NULL, NULL, 0, '2018-07-29 23:35:47', 1, 537, 1),
(850, 'Estado Tornillos', NULL, NULL, NULL, 0, '2018-07-29 23:35:58', 1, 527, 2),
(851, 'Estado Tornillos', NULL, NULL, NULL, 0, '2018-07-29 23:36:02', 1, 528, 2),
(852, 'Estado Tornillos', NULL, NULL, NULL, 0, '2018-07-29 23:36:07', 1, 529, 2),
(853, 'Estado Tornillos', NULL, NULL, NULL, 0, '2018-07-29 23:36:11', 1, 530, 2),
(854, 'Estado Tornillos', NULL, NULL, NULL, 0, '2018-07-29 23:36:16', 1, 531, 2),
(855, ' Estado Tornillos', NULL, NULL, NULL, 0, '2018-07-29 23:36:24', 1, 532, 2),
(856, 'Estado Tornillos', NULL, NULL, NULL, 0, '2018-07-29 23:36:30', 1, 533, 2),
(857, 'Estado Tornillos', NULL, NULL, NULL, 0, '2018-07-29 23:36:52', 1, 534, 2),
(858, 'Estado Tornillos:', NULL, NULL, NULL, 0, '2018-07-29 23:36:59', 1, 535, 2),
(859, 'Estado Tornillos', NULL, NULL, NULL, 0, '2018-07-29 23:37:09', 1, 536, 2),
(860, 'Estado Tornillos', NULL, NULL, NULL, 0, '2018-07-29 23:37:13', 1, 537, 2),
(861, '', NULL, NULL, NULL, 0, '2018-07-29 23:37:29', 4, 525, 1),
(862, '', NULL, NULL, NULL, 0, '2018-07-29 23:37:37', 4, 538, 1),
(863, 'Medida:', NULL, NULL, NULL, 0, '2018-07-29 23:38:31', 1, 539, 1),
(864, 'Correccion:', NULL, NULL, NULL, 0, '2018-07-29 23:38:38', 1, 539, 2),
(865, 'Estado:', NULL, NULL, NULL, 0, '2018-07-29 23:38:42', 2, 539, 3),
(866, 'Observaciones:', NULL, NULL, NULL, 0, '2018-07-29 23:38:51', 4, 539, 4),
(867, 'Estado:', NULL, NULL, NULL, 0, '2018-07-29 23:43:17', 2, 540, 1),
(868, 'Indicar Motivo de Rechazo:', NULL, NULL, NULL, 0, '2018-07-29 23:43:27', 4, 540, 2),
(869, 'Accion Correctiva:', NULL, NULL, NULL, 0, '2018-07-29 23:43:34', 4, 540, 3),
(870, 'Estado:', NULL, NULL, NULL, 0, '2018-07-29 23:43:50', 2, 541, 1),
(871, 'Motivo de Rechazo:', NULL, NULL, NULL, 0, '2018-07-29 23:44:00', 4, 541, 2),
(872, 'Correcciones:', NULL, NULL, NULL, 0, '2018-07-29 23:44:07', 4, 541, 3),
(1000, 'Abrazadera caño de gases', NULL, NULL, NULL, 0, '2018-07-30 00:45:40', 3, 1000, 1),
(1001, 'Alternador', NULL, NULL, NULL, 0, '2018-07-30 00:45:47', 3, 1000, 2),
(1002, 'Arbol auxiliar', NULL, NULL, NULL, 0, '2018-07-30 00:46:01', 3, 1000, 3),
(1003, 'Arbol de levas', NULL, NULL, NULL, 0, '2018-07-30 00:46:05', 3, 1000, 4),
(1004, 'Balancines', NULL, NULL, NULL, 0, '2018-07-30 00:48:40', 3, 1000, 5),
(1005, 'Biela de compresor', NULL, NULL, NULL, 0, '2018-07-30 00:48:47', 3, 1000, 6),
(1006, 'Bielas', NULL, NULL, NULL, 0, '2018-07-30 00:49:24', 3, 1000, 7),
(1007, 'Block de motor', NULL, NULL, NULL, 0, '2018-07-30 00:49:31', 3, 1000, 8),
(1008, 'Bomba de aceite', NULL, NULL, NULL, 0, '2018-07-30 00:49:53', 3, 1000, 9),
(1009, 'Bomba de agua', NULL, NULL, NULL, 0, '2018-07-30 00:50:00', 3, 1000, 10),
(1010, 'Bomba de nafta', NULL, NULL, NULL, 0, '2018-07-30 00:50:07', 3, 1000, 11),
(1011, 'Bomba Inyectora No', NULL, NULL, NULL, 0, '2018-07-30 00:50:14', 3, 1000, 12),
(1012, 'Botadores', NULL, NULL, NULL, 0, '2018-07-30 00:50:21', 3, 1000, 13),
(1013, 'Brida de arbol de levas', NULL, NULL, NULL, 0, '2018-07-30 00:50:29', 3, 1000, 14),
(1014, 'Bujias', NULL, NULL, NULL, 0, '2018-07-30 00:50:44', 3, 1000, 15),
(1015, 'Bulbo de aceite de vigia', NULL, NULL, NULL, 0, '2018-07-30 00:50:55', 3, 1000, 16),
(1016, 'Bulbo temperatura de vigia', NULL, NULL, NULL, 0, '2018-07-30 00:51:03', 3, 1000, 17),
(1017, 'Bulon punta de cigueñal', NULL, NULL, NULL, 0, '2018-07-30 00:51:14', 3, 1000, 18),
(1018, 'Bulones de retorno', NULL, NULL, NULL, 0, '2018-07-30 00:51:22', 3, 1000, 19),
(1019, 'Bulones de tapa de bancada ', NULL, NULL, NULL, 0, '2018-07-30 00:51:28', 3, 1000, 20),
(1020, 'Bulones de tapa de cilindros', NULL, NULL, NULL, 0, '2018-07-30 00:51:36', 3, 1000, 21),
(1021, 'Caño col.de adm.de turb.(alu.)', NULL, NULL, NULL, 0, '2018-07-30 00:57:48', 3, 1000, 22),
(1022, 'Caño colec.de escape', NULL, NULL, NULL, 0, '2018-07-30 00:58:50', 3, 1000, 23),
(1023, 'Caño de alim.aceite de turbo', NULL, NULL, NULL, 0, '2018-07-30 00:58:57', 3, 1000, 24),
(1024, 'Caño de combustible', NULL, NULL, NULL, 0, '2018-07-30 00:59:07', 3, 1000, 25),
(1025, 'Caño de entrada de aceite', NULL, NULL, NULL, 0, '2018-07-30 00:59:16', 3, 1000, 26),
(1026, 'Caño de retorno', NULL, NULL, NULL, 0, '2018-07-30 00:59:23', 3, 1000, 27),
(1027, 'Caño inferior retorno de tubo', NULL, NULL, NULL, 0, '2018-07-30 00:59:31', 3, 1000, 28),
(1028, 'Caños de inyector', NULL, NULL, NULL, 0, '2018-07-30 00:59:39', 3, 1000, 29),
(1029, 'Carburador', NULL, NULL, NULL, 0, '2018-07-30 00:59:45', 3, 1000, 30),
(1030, 'Carcaza cubre volante', NULL, NULL, NULL, 0, '2018-07-30 00:59:56', 3, 1000, 31),
(1031, 'Carcaza de distribucion', NULL, NULL, NULL, 0, '2018-07-30 01:00:03', 3, 1000, 32),
(1032, 'Carters c/bulones', NULL, NULL, NULL, 0, '2018-07-30 01:00:12', 3, 1000, 33),
(1033, 'Chapa cubre volante chica', NULL, NULL, NULL, 0, '2018-07-30 01:00:28', 3, 1000, 2),
(1034, 'Chapa cubre volante grande', NULL, NULL, NULL, 0, '2018-07-30 01:00:41', 3, 1000, 3),
(1035, 'Chaveta de arbol de levas', NULL, NULL, NULL, 0, '2018-07-30 01:00:48', 3, 1000, 4),
(1036, 'Chaveta de cigueñal', NULL, NULL, NULL, 0, '2018-07-30 01:00:56', 3, 1000, 5),
(1037, 'Cigueñal del compresor', NULL, NULL, NULL, 0, '2018-07-30 01:01:03', 3, 1000, 6),
(1038, 'Cigueñal', NULL, NULL, NULL, 0, '2018-07-30 01:01:10', 3, 1000, 7),
(1039, 'Chupador de bomba de aceite', NULL, NULL, NULL, 0, '2018-07-30 01:01:37', 3, 1000, 8),
(1040, 'Rompe olas', NULL, NULL, NULL, 0, '2018-07-30 01:01:43', 3, 1000, 9),
(1041, 'Cilindro de compresor', NULL, NULL, NULL, 0, '2018-07-30 01:01:50', 3, 1000, 10),
(1042, 'Contrapesos', NULL, NULL, NULL, 0, '2018-07-30 01:01:58', 3, 1000, 11),
(1043, 'Corona de arranque', NULL, NULL, NULL, 0, '2018-07-30 01:02:05', 3, 1000, 12),
(1044, 'Depresor', NULL, NULL, NULL, 0, '2018-07-30 01:02:24', 3, 1000, 13),
(1045, 'Disco de embrague', NULL, NULL, NULL, 0, '2018-07-30 01:02:31', 3, 1000, 14),
(1046, 'Distribuidor', NULL, NULL, NULL, 0, '2018-07-30 01:02:37', 3, 1000, 15),
(1047, 'Eje de balancines', NULL, NULL, NULL, 0, '2018-07-30 01:02:43', 3, 1000, 16),
(1048, 'Engranaje de arbol de levas', NULL, NULL, NULL, 0, '2018-07-30 01:02:51', 3, 1000, 17),
(1049, 'Engranaje de cigueñal', NULL, NULL, NULL, 0, '2018-07-30 01:02:57', 3, 1000, 18),
(1050, 'Esparragos de tapa de cilindros', NULL, NULL, NULL, 0, '2018-07-30 01:03:10', 3, 1000, 19),
(1051, 'Filtro de aire', NULL, NULL, NULL, 0, '2018-07-30 01:03:21', 3, 1000, 20),
(1052, 'Filtro de combustible', NULL, NULL, NULL, 0, '2018-07-30 01:03:44', 3, 1000, 21),
(1053, 'Gancho de motor delantero', NULL, NULL, NULL, 0, '2018-07-30 01:03:51', 3, 1000, 22),
(1054, 'Gancho de motor trasero', NULL, NULL, NULL, 0, '2018-07-30 01:03:59', 3, 1000, 23),
(1055, 'Indicador de puestas a punto', NULL, NULL, NULL, 0, '2018-07-30 01:04:08', 3, 1000, 24),
(1056, 'Inyectores', NULL, NULL, NULL, 0, '2018-07-30 01:04:15', 3, 1000, 25),
(1057, 'Leva de embrague', NULL, NULL, NULL, 0, '2018-07-30 01:04:21', 3, 1000, 26),
(1058, 'Montantes de motor', NULL, NULL, NULL, 0, '2018-07-30 01:04:28', 3, 1000, 27),
(1059, 'Motor de arranque', NULL, NULL, NULL, 0, '2018-07-30 01:04:34', 3, 1000, 28),
(1060, 'Caño superior retorno de tubo', NULL, NULL, NULL, 0, '2018-07-30 01:05:06', 3, 1000, 29),
(1061, 'Mecanismo de aceleracion', NULL, NULL, NULL, 0, '2018-07-30 01:05:34', 3, 1000, 30),
(1062, 'Multiple de admision', NULL, NULL, NULL, 0, '2018-07-30 01:06:17', 3, 1000, 31),
(1063, 'Multiple de escape', NULL, NULL, NULL, 0, '2018-07-30 01:06:23', 3, 1000, 32),
(1064, 'Pernos de presion', NULL, NULL, NULL, 0, '2018-07-30 01:06:34', 3, 1000, 33),
(1065, 'Porta filtro aceite inferior', NULL, NULL, NULL, 0, '2018-07-30 01:06:42', 3, 1000, 34),
(1066, 'Porta filtro aceite superior', NULL, NULL, NULL, 0, '2018-07-30 01:06:48', 3, 1000, 35),
(1067, 'Pista reten', NULL, NULL, NULL, 0, '2018-07-30 01:06:55', 3, 1000, 36),
(1068, 'Piston de compresor', NULL, NULL, NULL, 0, '2018-07-30 01:07:02', 3, 1000, 37),
(1069, 'Pistones', NULL, NULL, NULL, 0, '2018-07-30 01:12:44', 3, 1000, 10),
(1070, 'Placa de embrague', NULL, NULL, NULL, 0, '2018-07-30 01:12:51', 3, 1000, 11),
(1071, 'Platillos de valvulas', NULL, NULL, NULL, 0, '2018-07-30 01:13:01', 3, 1000, 12),
(1072, 'Polea balanceadora D/3', NULL, NULL, NULL, 0, '2018-07-30 01:13:08', 3, 1000, 13),
(1073, 'Polea bomba de agua', NULL, NULL, NULL, 0, '2018-07-30 02:09:22', 3, 1000, 14),
(1074, 'Porta termostato inferior', NULL, NULL, NULL, 0, '2018-07-30 02:09:29', 3, 1000, 15),
(1075, 'Porta termostato superior', NULL, NULL, NULL, 0, '2018-07-30 02:09:36', 3, 1000, 16),
(1076, 'Prisioneros soporte balancin', NULL, NULL, NULL, 0, '2018-07-30 02:09:43', 3, 1000, 17),
(1077, ' Radiadores de aceite con tornillos', NULL, NULL, NULL, 0, '2018-07-30 02:10:19', 3, 1000, 18),
(1078, 'Reguladores de balancines', NULL, NULL, NULL, 0, '2018-07-30 02:10:31', 3, 1000, 19),
(1079, 'Resorte de valvulas', NULL, NULL, NULL, 0, '2018-07-30 02:10:40', 3, 1000, 20),
(1080, 'Resortes de balancines', NULL, NULL, NULL, 0, '2018-07-30 02:10:50', 3, 1000, 21),
(1081, 'Seguro de valvulas', NULL, NULL, NULL, 0, '2018-07-30 02:12:35', 3, 1000, 22),
(1082, 'Sensor de presion de aceite', NULL, NULL, NULL, 0, '2018-07-30 02:12:49', 3, 1000, 23),
(1083, 'Sensor de temperatura', NULL, NULL, NULL, 0, '2018-07-30 02:12:59', 3, 1000, 24),
(1084, 'Separador de bomba de agua', NULL, NULL, NULL, 0, '2018-07-30 02:13:09', 3, 1000, 25),
(1085, 'Separador de motor de arranque', NULL, NULL, NULL, 0, '2018-07-30 02:13:20', 3, 1000, 26),
(1086, 'Soporte de alternador', NULL, NULL, NULL, 0, '2018-07-30 02:13:54', 3, 1000, 27),
(1087, 'Soporte de motor', NULL, NULL, NULL, 0, '2018-07-30 02:14:04', 3, 1000, 28),
(1088, 'Soporte de multiple de escape', NULL, NULL, NULL, 0, '2018-07-30 02:14:26', 3, 1000, 29),
(1089, 'Soporte filtro de gasoil DH', NULL, NULL, NULL, 0, '2018-07-30 02:14:44', 3, 1000, 30),
(1090, 'Tapa de carcaza cubre volante', NULL, NULL, NULL, 0, '2018-07-30 02:15:48', 3, 1000, 31),
(1091, 'Tapa de cilindros', NULL, NULL, NULL, 0, '2018-07-30 02:16:00', 3, 1000, 32),
(1092, 'Tapa de compresor M/V M/N', NULL, NULL, NULL, 0, '2018-07-30 02:16:26', 3, 1000, 33),
(1093, 'Tapa de distribucion', NULL, NULL, NULL, 0, '2018-07-30 02:16:36', 3, 1000, 34),
(1094, 'Tapa de inspeccion', NULL, NULL, NULL, 0, '2018-07-30 02:16:43', 3, 1000, 35),
(1095, 'Tapa de inspeccion con respirador', NULL, NULL, NULL, 0, '2018-07-30 02:16:54', 3, 1000, 36),
(1096, 'Tapa lateral', NULL, NULL, NULL, 0, '2018-07-30 02:17:05', 3, 1000, 37),
(1097, 'Tapa balancines M/N - M/V', NULL, NULL, NULL, 0, '2018-07-30 02:17:39', 3, 1000, 38),
(1098, 'Tapa de distribucio?n', NULL, NULL, NULL, 0, '2018-07-30 02:17:55', 3, 1000, 39),
(1099, 'Tapa de inspeccion', NULL, NULL, NULL, 0, '2018-07-30 02:18:07', 3, 1000, 40),
(1100, 'Tapa de inspeccion con respirador', NULL, NULL, NULL, 0, '2018-07-30 02:18:16', 3, 1000, 41),
(1101, 'Tapa lateral', NULL, NULL, NULL, 0, '2018-07-30 02:18:56', 3, 1000, 42),
(1102, 'Tapa balancines M/N - M/V', NULL, NULL, NULL, 0, '2018-07-30 02:19:06', 3, 1000, 43),
(1103, 'Vaina varilla de aceite', NULL, NULL, NULL, 0, '2018-07-30 02:19:45', 3, 1000, 44),
(1104, 'Tapas de bancada', NULL, NULL, NULL, 0, '2018-07-30 02:19:56', 3, 1000, 45),
(1105, 'Tapon de block', NULL, NULL, NULL, 0, '2018-07-30 02:20:07', 3, 1000, 46),
(1106, 'Tensor de alternador', NULL, NULL, NULL, 0, '2018-07-30 02:20:22', 3, 1000, 47),
(1107, 'Varilla nivel de aceite', NULL, NULL, NULL, 0, '2018-07-30 02:20:31', 3, 1000, 48),
(1108, 'Varilla alza valvulas', NULL, NULL, NULL, 0, '2018-07-30 02:20:40', 3, 1000, 49),
(1109, 'Torre de balancines', NULL, NULL, NULL, 0, '2018-07-30 02:20:48', 3, 1000, 50),
(1110, 'Tuercas de inyectores', NULL, NULL, NULL, 0, '2018-07-30 02:21:06', 3, 1000, 51),
(1111, 'Tuercas de tapas de cilindros', NULL, NULL, NULL, 0, '2018-07-30 02:21:22', 3, 1000, 52),
(1112, 'Union ejes de balancines', NULL, NULL, NULL, 0, '2018-07-30 02:21:33', 3, 1000, 53),
(1113, 'Valvula corte de gas-oil vigia', NULL, NULL, NULL, 0, '2018-07-30 02:22:11', 3, 1000, 54),
(1114, 'Valvulas', NULL, NULL, NULL, 0, '2018-07-30 02:22:25', 3, 1000, 55),
(1115, 'Ventilador con tornillos', NULL, NULL, NULL, 0, '2018-07-30 02:23:08', 3, 1000, 56),
(1116, 'Volante con bulones', NULL, NULL, NULL, 0, '2018-07-30 02:23:18', 3, 1000, 57),
(1117, 'Turbo', NULL, NULL, NULL, 0, '2018-07-30 02:23:25', 3, 1000, 58),
(1118, 'Arnes', NULL, NULL, NULL, 0, '2018-07-30 02:23:35', 3, 1000, 59),
(1119, 'ECM o ECU', NULL, NULL, NULL, 0, '2018-07-30 02:23:46', 3, 1000, 60),
(1120, 'Sensor', NULL, NULL, NULL, 0, '2018-07-30 02:23:54', 3, 1000, 61);

-- --------------------------------------------------------

--
-- Estructura de tabla para la tabla `frm_valores_validos`
--

CREATE TABLE `frm_valores_validos` (
  `VAPO_ID` int(11) NOT NULL,
  `VALOR` varchar(100) NOT NULL,
  `FEC_CREACION` timestamp NOT NULL DEFAULT CURRENT_TIMESTAMP,
  `VALO_ID` int(11) NOT NULL
) ENGINE=InnoDB DEFAULT CHARSET=latin1;

--
-- Volcado de datos para la tabla `frm_valores_validos`
--

INSERT INTO `frm_valores_validos` (`VAPO_ID`, `VALOR`, `FEC_CREACION`, `VALO_ID`) VALUES
(1, 'Aprobado', '2018-07-28 15:54:05', 1),
(2, 'Rechazado', '2018-07-28 15:54:10', 1),
(3, 'Aprobado', '2018-07-28 16:02:39', 2),
(4, 'Rechazado', '2018-07-28 16:02:45', 2),
(5, 'Aprobado', '2018-07-28 16:03:42', 3),
(6, 'Rechazado', '2018-07-28 16:03:46', 3),
(7, 'Aprobado', '2018-07-28 16:04:31', 4),
(8, 'Rechazado', '2018-07-28 16:04:42', 4),
(9, 'Aprobado', '2018-07-28 16:05:33', 5),
(10, 'Rechazado', '2018-07-28 16:05:38', 5),
(11, 'Aprobado', '2018-07-28 16:06:22', 6),
(12, 'Rechazado', '2018-07-28 16:06:29', 6),
(13, 'Aprobado', '2018-07-28 16:08:07', 7),
(14, 'Rechazado', '2018-07-28 16:08:15', 7),
(15, 'Aprobado', '2018-07-28 16:08:55', 8),
(16, 'Rechazado', '2018-07-28 16:09:02', 8),
(17, 'Normal', '2018-07-28 16:18:51', 9),
(18, 'Desgastada', '2018-07-28 16:19:00', 9),
(19, 'Aprobado', '2018-07-28 16:19:06', 10),
(20, 'Rechazado', '2018-07-28 16:19:11', 10),
(21, 'Normal', '2018-07-28 16:21:04', 12),
(22, 'Desgastada', '2018-07-28 16:21:10', 12),
(23, 'Aprobado', '2018-07-28 16:21:14', 13),
(24, 'Rechazado', '2018-07-28 16:21:19', 13),
(25, 'Normal', '2018-07-28 16:22:35', 15),
(26, 'Desgastado', '2018-07-28 16:22:41', 15),
(27, 'Aprobado', '2018-07-28 16:22:45', 16),
(28, 'Rechazada', '2018-07-28 16:23:00', 16),
(29, 'Normal', '2018-07-28 16:23:52', 18),
(30, 'Desgastada', '2018-07-28 16:23:59', 18),
(31, 'Aprobado', '2018-07-28 16:24:03', 19),
(32, 'Rechazada', '2018-07-28 16:24:08', 19),
(33, 'Normal', '2018-07-28 16:25:25', 24),
(34, 'Desgastada', '2018-07-28 16:25:31', 24),
(35, 'Aprobado', '2018-07-28 16:25:35', 25),
(36, 'Rechazado', '2018-07-28 16:25:40', 25),
(37, 'Normal', '2018-07-28 16:26:16', 21),
(38, 'Desgastada', '2018-07-28 16:26:20', 21),
(39, 'Aprobado', '2018-07-28 16:26:24', 22),
(40, 'Rechazado', '2018-07-28 16:26:28', 22),
(41, 'Chapa', '2018-07-28 17:19:00', 33),
(42, 'Aluminio', '2018-07-28 17:19:07', 33),
(43, 'Otro', '2018-07-28 17:19:12', 33),
(44, 'Aprobado', '2018-07-28 17:19:25', 34),
(45, 'Rechazado:', '2018-07-28 17:19:40', 34),
(46, 'Aprobado_Reparar(*)', '2018-07-28 17:20:05', 34),
(47, 'Chapa', '2018-07-28 17:22:13', 36),
(48, 'Aluminio', '2018-07-28 17:22:19', 36),
(49, 'Otro', '2018-07-28 17:22:22', 36),
(50, 'Aprobado', '2018-07-28 17:22:42', 37),
(51, 'Rechazado', '2018-07-28 17:22:48', 37),
(52, 'Aprobado-Reparar(*)', '2018-07-28 17:23:00', 37),
(53, 'Chapa', '2018-07-28 17:23:56', 39),
(54, 'Aluminio', '2018-07-28 17:24:00', 39),
(55, 'Aprobado', '2018-07-28 17:24:11', 40),
(56, 'Rechazado', '2018-07-28 17:24:17', 40),
(57, 'Aprobado-Reparar(*)', '2018-07-28 17:24:26', 40),
(58, 'Fundicion', '2018-07-28 17:25:31', 42),
(59, 'Aluminio', '2018-07-28 17:25:35', 42),
(60, 'Aprobado', '2018-07-28 17:25:42', 43),
(61, 'Rechazado', '2018-07-28 17:25:47', 43),
(62, 'Probado-Reparar(*)', '2018-07-28 17:26:04', 43),
(63, 'Fundicion', '2018-07-28 17:27:15', 45),
(64, 'Aluminio', '2018-07-28 17:27:19', 45),
(65, 'Aprobado', '2018-07-28 17:27:29', 46),
(66, 'Rechazado', '2018-07-28 17:27:32', 46),
(67, 'Aprobado-Reparar(*)', '2018-07-28 17:27:49', 46),
(68, 'Embrague', '2018-07-28 17:36:06', 48),
(69, 'Convertidor', '2018-07-28 17:36:11', 48),
(70, 'Aprobado', '2018-07-28 17:36:45', 49),
(71, 'Rechazado', '2018-07-28 17:36:50', 49),
(72, 'Aprobado-Reparar(*)', '2018-07-28 17:37:01', 49),
(73, 'Abulonada', '2018-07-28 17:38:12', 51),
(74, 'Clavada', '2018-07-28 17:38:18', 51),
(75, 'Aprobado', '2018-07-28 17:38:23', 52),
(76, 'Rechazado', '2018-07-28 17:38:29', 52),
(77, 'Aprobado-Reparar(*)', '2018-07-28 17:38:38', 52),
(78, 'Armonica', '2018-07-28 17:39:14', 54),
(79, 'Fija', '2018-07-28 17:39:18', 54),
(80, 'Vias', '2018-07-28 17:39:21', 54),
(81, 'Aprobado', '2018-07-28 17:39:29', 55),
(82, 'Rechazado', '2018-07-28 17:39:35', 55),
(83, 'Aprobado-Reparar(*)', '2018-07-28 17:39:45', 55),
(84, 'Rectos', '2018-07-28 17:40:18', 57),
(85, 'Helicoidales', '2018-07-28 17:40:26', 57),
(86, 'Aprobado', '2018-07-28 17:40:32', 58),
(87, 'Rechazado', '2018-07-28 17:40:36', 58),
(88, 'Aprobado-Reparar(*)', '2018-07-28 17:40:48', 58),
(89, 'Cerrada', '2018-07-28 17:41:51', 60),
(90, 'Fija', '2018-07-28 17:41:55', 60),
(91, 'Aprobada', '2018-07-28 17:42:05', 61),
(92, 'Rechazada', '2018-07-28 17:42:13', 61),
(93, 'Aprobada-Reparar(*)', '2018-07-28 17:42:26', 61),
(94, 'Aprobado', '2018-07-28 17:43:11', 63),
(95, 'Rechazado', '2018-07-28 17:43:29', 63),
(96, 'Aprobado-Reparar(*)', '2018-07-28 17:43:38', 63),
(97, 'Aprobado', '2018-07-28 17:45:17', 65),
(98, 'Rechazado', '2018-07-28 17:45:23', 65),
(99, 'Aprobado-Reparar(*)', '2018-07-28 17:45:32', 65),
(100, 'Chapa', '2018-07-28 17:51:09', 67),
(101, 'Plastica', '2018-07-28 17:51:13', 67),
(102, 'Aprobado', '2018-07-28 17:51:20', 68),
(103, 'Rechazado', '2018-07-28 17:51:25', 68),
(104, 'Aprobado-Reparar(*)', '2018-07-28 17:51:40', 68),
(105, 'Fundicion ', '2018-07-28 17:53:34', 70),
(106, 'Aluminio', '2018-07-28 17:53:39', 70),
(107, 'Vias', '2018-07-28 17:53:43', 70),
(108, 'Aprobado', '2018-07-28 17:53:52', 71),
(109, 'Rechazado', '2018-07-28 17:53:56', 71),
(110, 'Aprobado-Reparar(*)', '2018-07-28 17:54:06', 71),
(111, 'Aprobado', '2018-07-28 17:58:24', 73),
(112, 'Rechazado', '2018-07-28 17:58:30', 73),
(113, 'Aprobado-Reparar(*)', '2018-07-28 17:58:47', 73),
(114, 'Aprobado', '2018-07-28 17:59:00', 75),
(115, 'Rechazado', '2018-07-28 17:59:04', 75),
(116, 'Aprobado-Reparar(*)', '2018-07-28 17:59:16', 75),
(117, 'Engranaje', '2018-07-28 18:12:17', 77),
(118, 'Lobulo', '2018-07-28 18:12:22', 77),
(119, 'Aprobado', '2018-07-28 18:12:28', 78),
(120, 'Rechazado', '2018-07-28 18:12:33', 78),
(121, 'Aprobado-Reparar(*)', '2018-07-28 18:12:52', 78),
(122, 'Mecanico', '2018-07-28 18:13:03', 80),
(123, 'Electrico', '2018-07-28 18:13:07', 80),
(124, 'Aprobado', '2018-07-28 18:13:12', 81),
(125, 'Rechazado', '2018-07-28 18:13:17', 81),
(126, 'Aprobado-Reparar(*)', '2018-07-28 18:13:31', 81),
(127, 'Chapa', '2018-07-28 18:13:44', 83),
(128, 'Aluminio', '2018-07-28 18:13:47', 83),
(129, 'Aprobado', '2018-07-28 18:13:52', 84),
(130, 'Rechazado', '2018-07-28 18:13:56', 84),
(131, 'Aprobado-Reparar(*)', '2018-07-28 18:14:11', 84),
(132, 'Chapa', '2018-07-28 18:14:21', 86),
(133, 'Aluminio', '2018-07-28 18:14:25', 86),
(134, 'Aprobado', '2018-07-28 18:14:31', 87),
(135, 'Rechazado', '2018-07-28 18:14:36', 87),
(136, 'Aprobado-Reparar(*)', '2018-07-28 18:14:46', 87),
(137, 'Chapa', '2018-07-28 18:14:54', 89),
(138, 'Aluminio', '2018-07-28 18:15:03', 89),
(139, 'Aprobado', '2018-07-28 18:15:10', 90),
(140, 'Rechazado', '2018-07-28 18:15:14', 90),
(141, 'Aprobado-Reparar(*)', '2018-07-28 18:15:24', 90),
(142, 'Chapa', '2018-07-28 18:15:42', 92),
(143, 'Aluminio', '2018-07-28 18:15:45', 92),
(144, 'Aprobado', '2018-07-28 18:15:51', 93),
(145, 'Rechazado', '2018-07-28 18:15:54', 93),
(146, 'Aprobado-Reparar(*)', '2018-07-28 18:16:04', 93),
(147, 'STD', '2018-07-28 18:16:18', 95),
(148, 'Modificada', '2018-07-28 18:16:51', 95),
(149, 'Aprobada', '2018-07-28 18:16:59', 96),
(150, 'Rechazada', '2018-07-28 18:17:06', 96),
(151, 'Fundicion', '2018-07-28 18:17:19', 98),
(152, 'Aluminio', '2018-07-28 18:17:23', 98),
(153, 'Aprobado', '2018-07-28 18:17:29', 99),
(154, 'Rechazado', '2018-07-28 18:17:33', 99),
(155, 'Aprobado-Reparar(*)', '2018-07-28 18:17:44', 99),
(156, 'Fundicion', '2018-07-28 18:18:08', 101),
(157, 'Aluminio', '2018-07-28 18:18:14', 101),
(158, 'Aprobado', '2018-07-28 18:18:20', 102),
(159, 'Rechazado', '2018-07-28 18:18:24', 102),
(160, 'Aprobado-Reparar(*)', '2018-07-28 18:18:38', 102),
(161, 'Chapa', '2018-07-28 18:18:46', 104),
(162, 'Aluminio', '2018-07-28 18:18:50', 104),
(163, 'Aprobado', '2018-07-28 18:19:00', 105),
(164, 'Rechazado', '2018-07-28 18:19:07', 105),
(165, 'Aprobado-Reparar(*)', '2018-07-28 18:19:19', 105),
(166, 'Chapa', '2018-07-28 18:19:34', 107),
(167, 'Flexibles', '2018-07-28 18:19:39', 107),
(168, 'Aprobado ', '2018-07-28 18:19:52', 108),
(169, 'Rechazado', '2018-07-28 18:19:55', 108),
(170, 'Aprobado-Reparar(*)', '2018-07-28 18:20:06', 108),
(171, 'Chapa', '2018-07-28 18:20:18', 110),
(172, 'Aluminio', '2018-07-28 18:20:23', 110),
(173, 'Aprobado', '2018-07-28 18:20:28', 111),
(174, 'Rechazado', '2018-07-28 18:20:33', 111),
(175, 'Aprobado-Reparar(*)', '2018-07-28 18:20:45', 111),
(176, 'Chapa', '2018-07-28 18:20:57', 113),
(177, 'Aluminio', '2018-07-28 18:21:02', 113),
(178, 'Aprobado', '2018-07-28 18:21:08', 114),
(179, 'Rechazado', '2018-07-28 18:21:13', 114),
(180, 'Aprobado-Reparar(*)', '2018-07-28 18:21:22', 114),
(181, 'Turbina Fundicion', '2018-07-28 18:29:29', 116),
(182, 'Turbina Aluminio', '2018-07-28 18:29:37', 116),
(183, 'Turbina Plastico', '2018-07-28 18:29:53', 116),
(184, 'Turbina Bronce', '2018-07-28 18:30:00', 116),
(185, 'Aprobado', '2018-07-28 18:30:29', 117),
(186, 'Rechazado', '2018-07-28 18:30:35', 117),
(187, 'Aprobado-Reparar(*)', '2018-07-28 18:30:47', 117),
(188, 'Agua', '2018-07-28 18:31:03', 119),
(189, 'Metal', '2018-07-28 18:31:07', 119),
(190, 'Aprobado', '2018-07-28 18:31:14', 120),
(191, 'Rechazado', '2018-07-28 18:31:20', 120),
(192, 'Aprobado-Reparar(*)', '2018-07-28 18:31:30', 120),
(193, 'Apertura', '2018-07-28 18:31:40', 122),
(194, 'Aprobado', '2018-07-28 18:31:49', 123),
(195, 'Rechazado', '2018-07-28 18:32:07', 123),
(196, 'Aprobado-Reparar(*)', '2018-07-28 18:32:16', 123),
(197, 'Fundicion', '2018-07-28 18:33:03', 125),
(198, 'Aluminio', '2018-07-28 18:33:07', 125),
(199, 'Aprobado', '2018-07-28 18:33:12', 126),
(200, 'Rechazado', '2018-07-28 18:33:16', 126),
(201, 'Aprobado-Reparar(*)', '2018-07-28 18:33:31', 126),
(202, 'Fundicion', '2018-07-28 18:33:44', 128),
(203, 'Aluminio', '2018-07-28 18:33:51', 128),
(204, 'Aprobado', '2018-07-28 18:33:58', 129),
(205, 'Rechazado', '2018-07-28 18:34:02', 129),
(206, 'Aprobado-Reparar(*)', '2018-07-28 18:34:16', 129),
(207, 'Fundicion', '2018-07-28 18:34:55', 131),
(208, 'Aluminio', '2018-07-28 18:35:03', 131),
(209, 'Aprobado', '2018-07-28 18:35:08', 132),
(210, 'Rechazado', '2018-07-28 18:35:12', 132),
(211, 'Aprobado-Reparar(*)', '2018-07-28 18:35:21', 132),
(212, 'Chapa', '2018-07-28 18:35:31', 134),
(213, 'Plastico', '2018-07-28 18:35:37', 134),
(214, 'Aprobado', '2018-07-28 18:35:42', 135),
(215, 'Rechazado', '2018-07-28 18:35:49', 135),
(216, 'Aprobado-Reparar(*)', '2018-07-28 18:36:01', 135),
(217, 'Chapa', '2018-07-28 18:36:10', 137),
(218, 'Aluminio', '2018-07-28 18:36:14', 137),
(219, 'Aprobado', '2018-07-28 18:37:19', 138),
(220, 'Rechazado', '2018-07-28 18:37:23', 138),
(221, 'Aprobado-Reparar(*)', '2018-07-28 18:37:33', 138),
(222, 'Aprobado', '2018-07-28 18:38:06', 141),
(223, 'Rechazado', '2018-07-28 18:38:10', 141),
(224, 'Aprobado-Reparar(*)', '2018-07-28 18:38:21', 141),
(225, 'Aprobado', '2018-07-28 18:38:36', 144),
(226, 'Rechazado', '2018-07-28 18:38:41', 144),
(227, 'Aprobado-Reparar(*)', '2018-07-28 18:38:52', 144),
(228, 'Lineal', '2018-07-28 18:41:15', 146),
(229, 'Rotativa', '2018-07-28 18:41:21', 146),
(230, 'Aprobado', '2018-07-28 18:41:26', 147),
(231, 'Rechazado', '2018-07-28 18:41:29', 147),
(232, 'Aprobado-Reparar(*)', '2018-07-28 18:41:40', 147),
(233, 'Comman Rail', '2018-07-28 18:43:01', 149),
(234, 'Aprobado', '2018-07-28 18:43:18', 150),
(235, 'Rechazado', '2018-07-28 18:43:23', 150),
(236, 'Aprobado-Reparar(*)', '2018-07-28 18:43:33', 150),
(237, 'Mecanico', '2018-07-28 18:44:23', 152),
(238, 'Electrico', '2018-07-28 18:44:26', 152),
(239, 'Aprobado', '2018-07-28 18:44:31', 153),
(240, 'Rechazado', '2018-07-28 18:44:35', 153),
(241, 'Aprobado-Reparar(*)', '2018-07-28 18:44:46', 153),
(242, 'Directa', '2018-07-28 18:46:11', 155),
(243, 'Indirecta', '2018-07-28 18:46:15', 155),
(244, 'Aprobado', '2018-07-28 18:46:20', 156),
(245, 'Rechazado', '2018-07-28 18:46:24', 156),
(246, 'Aprobado-Reparar(*)', '2018-07-28 18:46:39', 156),
(247, 'Aprobado', '2018-07-28 18:47:31', 158),
(248, 'Rechazado', '2018-07-28 18:47:36', 158),
(249, 'Aprobado-Reparar(*)', '2018-07-28 18:47:48', 158),
(250, 'Aprobado', '2018-07-28 18:50:22', 160),
(251, 'Rechazado', '2018-07-28 18:50:27', 160),
(252, 'Aprobado-Reparar(*)', '2018-07-28 18:50:49', 160),
(253, 'Aprobado', '2018-07-28 18:53:01', 163),
(254, 'Rechazado', '2018-07-28 18:53:09', 163),
(255, 'Aprobado-Reparar(*)', '2018-07-28 18:53:22', 163),
(256, 'Aprobado', '2018-07-28 18:54:07', 165),
(257, 'Rechazado', '2018-07-28 18:54:13', 165),
(258, 'Aprobado-Reparar(*)', '2018-07-28 18:54:23', 165),
(259, 'Mecanico', '2018-07-28 18:55:13', 167),
(260, 'Electrico', '2018-07-28 18:55:17', 167),
(261, 'Aprobado', '2018-07-28 18:55:26', 168),
(262, 'Rechazado', '2018-07-28 18:55:30', 168),
(263, 'Aprobado-Reparar(*)', '2018-07-28 18:55:40', 168),
(264, 'Mecanico', '2018-07-28 18:56:31', 170),
(265, 'Electrico', '2018-07-28 18:56:39', 170),
(266, 'Aprobado', '2018-07-28 18:56:46', 171),
(267, 'Rechazado', '2018-07-28 18:57:20', 171),
(268, 'Aprobado-Reparar(*)', '2018-07-28 18:57:38', 171),
(269, 'Manual', '2018-07-28 18:58:23', 173),
(270, 'Electrico', '2018-07-28 18:58:31', 173),
(271, 'Aprobado', '2018-07-28 18:58:42', 174),
(272, 'Rechazado', '2018-07-28 18:58:46', 174),
(273, 'Aprobado-Reparar(*)', '2018-07-28 18:59:00', 174),
(274, 'Fundicion', '2018-07-28 19:00:35', 176),
(275, 'Aluminio', '2018-07-28 19:00:41', 176),
(276, 'Aprobado', '2018-07-28 19:00:50', 177),
(277, 'Rechazado', '2018-07-28 19:00:56', 177),
(278, 'Aprobado-Reparar(*)', '2018-07-28 19:01:09', 177),
(279, 'Simples', '2018-07-28 19:02:04', 179),
(280, 'Combinados', '2018-07-28 19:02:10', 179),
(281, 'Aprobado', '2018-07-28 19:02:16', 180),
(282, 'Rechazar', '2018-07-28 19:02:22', 180),
(283, 'Aprobado-Reparar(*)', '2018-07-28 19:02:31', 180),
(284, 'Aprobado', '2018-07-28 22:25:22', 183),
(285, 'Rechazado', '2018-07-28 22:25:27', 183),
(286, 'Aprobado-Reparar(*)', '2018-07-28 22:25:38', 183),
(287, 'Aprobado', '2018-07-28 22:26:43', 185),
(288, 'Rechazado', '2018-07-28 22:26:53', 185),
(289, 'Aprobado-Reparar(*)', '2018-07-28 22:27:30', 185),
(290, 'Aprobado', '2018-07-28 22:27:57', 187),
(291, 'Rechazado', '2018-07-28 22:28:05', 187),
(292, 'Aprobado-Reparar(*)', '2018-07-28 22:28:18', 187),
(293, 'Aprobado', '2018-07-28 22:29:36', 189),
(294, 'Rechazado', '2018-07-28 22:29:41', 189),
(295, 'Aprobado-Reparar(*)', '2018-07-28 22:29:58', 189),
(296, 'Aprobado', '2018-07-28 22:32:15', 191),
(297, 'Rechazado', '2018-07-28 22:32:20', 191),
(298, 'Aprobado-Reparar(*)', '2018-07-28 22:32:33', 191),
(299, 'Aprobado', '2018-07-28 22:38:01', 193),
(300, 'Rechazado', '2018-07-28 22:38:10', 193),
(301, 'Aprobado-Reparar(*)', '2018-07-28 22:38:44', 193),
(302, 'Aprobado', '2018-07-28 22:46:31', 208),
(303, 'Rechazado', '2018-07-28 22:46:35', 208),
(304, 'Aprobado-Reparar(*)', '2018-07-28 22:46:49', 208),
(305, 'Aprobado', '2018-07-28 22:46:59', 205),
(306, 'Rechazado', '2018-07-28 22:47:04', 205),
(307, 'Aprobado-Reparar(*)', '2018-07-28 22:47:18', 205),
(308, 'Aprobado', '2018-07-28 22:47:26', 195),
(309, 'Rechazado', '2018-07-28 22:48:08', 195),
(310, 'Aprobado-Reparar(*)', '2018-07-28 22:48:18', 195),
(311, 'Aprobado', '2018-07-28 23:04:16', 210),
(312, 'Rechazado', '2018-07-28 23:04:16', 210),
(316, 'Aprobado', '2018-07-28 23:13:50', 222),
(317, 'Rechazado', '2018-07-28 23:13:50', 222),
(318, 'Aprobado', '2018-07-28 23:17:41', 226),
(319, 'Rechazado', '2018-07-28 23:17:41', 226),
(320, 'Aprobado', '2018-07-28 23:18:28', 229),
(321, 'Rechazado', '2018-07-28 23:18:28', 229),
(322, 'Aprobado', '2018-07-28 23:19:14', 232),
(323, 'Rechazado', '2018-07-28 23:19:14', 232),
(324, 'Brinell', '2018-07-28 23:20:06', 233),
(325, 'Rc', '2018-07-28 23:20:09', 233),
(326, 'Brinell', '2018-07-28 23:20:44', 234),
(327, 'Rc', '2018-07-28 23:20:47', 234),
(328, 'Brinell', '2018-07-28 23:21:10', 235),
(329, 'Rc', '2018-07-28 23:21:13', 235),
(330, 'Aprobado', '2018-07-28 23:22:21', 236),
(331, 'Rechazado', '2018-07-28 23:22:21', 236),
(332, 'Aprobado', '2018-07-28 23:22:23', 237),
(333, 'Rechazado', '2018-07-28 23:22:23', 237),
(334, 'Aprobado', '2018-07-28 23:22:25', 238),
(335, 'Rechazado', '2018-07-28 23:22:25', 238),
(336, 'Aprobado', '2018-07-28 23:22:27', 239),
(337, 'Rechazado', '2018-07-28 23:22:27', 239),
(338, 'Aprobado', '2018-07-28 23:23:07', 240),
(339, 'Rechazado', '2018-07-28 23:23:07', 240),
(340, 'Aprobado', '2018-07-28 23:23:12', 241),
(341, 'Rechazado', '2018-07-28 23:23:12', 241),
(342, 'Aprobado', '2018-07-28 23:29:54', 242),
(343, 'Rechazado', '2018-07-28 23:29:54', 242),
(344, 'Fundido', '2018-07-28 23:31:46', 244),
(345, 'Desgaste Axial', '2018-07-28 23:31:52', 244),
(346, 'Reemplazar', '2018-07-28 23:31:57', 244),
(347, 'Fundido', '2018-07-28 23:32:19', 245),
(348, 'Desgaste Axial', '2018-07-28 23:32:30', 245),
(349, 'Reemplazar', '2018-07-28 23:32:36', 245),
(350, 'Fundido', '2018-07-28 23:33:04', 246),
(351, 'Desgaste Axial', '2018-07-28 23:33:12', 246),
(352, 'Reemplazar', '2018-07-28 23:33:21', 246),
(353, 'Fundida', '2018-07-28 23:35:08', 247),
(354, 'Desgaste Axial', '2018-07-28 23:35:15', 247),
(355, 'Reemplazar', '2018-07-28 23:35:23', 247),
(356, 'Fundido ', '2018-07-28 23:35:30', 248),
(357, 'Desgaste Axial', '2018-07-28 23:35:41', 248),
(358, 'Reemplazar', '2018-07-28 23:35:48', 248),
(359, 'Fundida', '2018-07-28 23:35:57', 249),
(360, 'Desgaste Axial', '2018-07-28 23:35:59', 249),
(361, 'Reemplazar', '2018-07-28 23:36:11', 249),
(362, 'Fundida', '2018-07-28 23:36:41', 250),
(363, 'Desgaste Axial', '2018-07-28 23:36:43', 250),
(364, 'Reemplazar', '2018-07-28 23:36:49', 250),
(365, 'Fundida', '2018-07-28 23:37:09', 251),
(366, 'Desgaste Axial', '2018-07-28 23:37:11', 251),
(367, 'Reemplazar', '2018-07-28 23:37:16', 251),
(368, 'Fundida', '2018-07-28 23:37:30', 252),
(369, 'Desgaste Axial', '2018-07-28 23:37:33', 252),
(370, 'Reemplazar', '2018-07-28 23:37:38', 252),
(371, 'Fundido', '2018-07-28 23:38:00', 253),
(372, 'Desgaste Axial', '2018-07-28 23:38:02', 253),
(373, 'Reemplazar', '2018-07-28 23:38:14', 253),
(374, 'Fundido', '2018-07-28 23:38:32', 254),
(375, 'Desgaste Axial', '2018-07-28 23:38:34', 254),
(376, 'Reemplazar', '2018-07-28 23:38:39', 254),
(377, 'Fundido', '2018-07-28 23:38:54', 255),
(378, 'Desgaste Axial', '2018-07-28 23:38:58', 255),
(379, 'Reemplazar', '2018-07-28 23:39:02', 255),
(380, 'Fundido', '2018-07-28 23:39:21', 256),
(381, 'Desgaste Axial', '2018-07-28 23:39:23', 256),
(382, 'Reemplazar', '2018-07-28 23:39:30', 256),
(383, 'Fundido', '2018-07-28 23:39:49', 257),
(384, 'Desgaste Axial', '2018-07-28 23:39:51', 257),
(385, 'Reemplazar', '2018-07-28 23:39:57', 257),
(386, 'Fundido', '2018-07-28 23:40:11', 258),
(387, 'Desgaste Axial', '2018-07-28 23:40:13', 258),
(388, 'Reemplazar', '2018-07-28 23:40:17', 258),
(389, 'Fundido', '2018-07-28 23:40:39', 259),
(390, 'Desgaste Axial', '2018-07-28 23:40:41', 259),
(391, 'Reemplazar', '2018-07-28 23:40:47', 259),
(392, 'Fundido', '2018-07-28 23:41:02', 260),
(393, 'Desgaste Axial', '2018-07-28 23:41:05', 260),
(394, 'Reemplazar', '2018-07-28 23:41:11', 260),
(395, 'Aprobado', '2018-07-28 23:46:15', 261),
(396, 'Rechazado', '2018-07-28 23:46:15', 261),
(397, 'Aprobado', '2018-07-28 23:46:17', 262),
(398, 'Rechazado', '2018-07-28 23:46:17', 262),
(399, 'Aprobado', '2018-07-28 23:46:19', 263),
(400, 'Rechazado', '2018-07-28 23:46:19', 263),
(401, 'Aprobado', '2018-07-28 23:46:21', 264),
(402, 'Rechazado', '2018-07-28 23:46:21', 264),
(403, 'Aprobado', '2018-07-28 23:46:23', 265),
(404, 'Rechazado', '2018-07-28 23:46:23', 265),
(405, 'Aprobado', '2018-07-28 23:46:25', 266),
(406, 'Rechazado', '2018-07-28 23:46:25', 266),
(407, 'Aprobado', '2018-07-28 23:46:27', 267),
(408, 'Rechazado', '2018-07-28 23:46:27', 267),
(409, 'Aprobado', '2018-07-28 23:46:30', 268),
(410, 'Rechazado', '2018-07-28 23:46:30', 268),
(411, 'Aprobado', '2018-07-28 23:46:33', 269),
(412, 'Rechazado', '2018-07-28 23:46:33', 269),
(413, 'Aprobado', '2018-07-28 23:46:39', 270),
(414, 'Rechazado', '2018-07-28 23:46:39', 270),
(415, 'Aprobado', '2018-07-28 23:46:41', 271),
(416, 'Rechazado', '2018-07-28 23:46:41', 271),
(417, 'Aprobado', '2018-07-28 23:46:50', 272),
(418, 'Rechazado', '2018-07-28 23:46:50', 272),
(419, 'Aprobado', '2018-07-28 23:46:53', 273),
(420, 'Rechazado', '2018-07-28 23:46:53', 273),
(421, 'Aprobado', '2018-07-28 23:46:54', 274),
(422, 'Rechazado', '2018-07-28 23:46:54', 274),
(423, 'Aprobado', '2018-07-28 23:46:57', 275),
(424, 'Rechazado', '2018-07-28 23:46:57', 275),
(425, 'Aprobado', '2018-07-28 23:46:59', 276),
(426, 'Rechazado', '2018-07-28 23:46:59', 276),
(427, 'Aprobado', '2018-07-28 23:47:02', 277),
(428, 'Rechazado', '2018-07-28 23:47:02', 277),
(429, 'Aprobado', '2018-07-29 04:22:41', 333),
(430, 'Rechazado', '2018-07-29 04:22:41', 333),
(431, 'Aprobado', '2018-07-29 04:22:49', 334),
(432, 'Rechazado', '2018-07-29 04:22:49', 334),
(433, 'Aprobado', '2018-07-29 04:22:58', 335),
(434, 'Rechazado', '2018-07-29 04:22:58', 335),
(435, 'Aprobado', '2018-07-29 04:23:08', 336),
(436, 'Rechazado', '2018-07-29 04:23:08', 336),
(437, 'Aprobado', '2018-07-29 04:23:16', 337),
(438, 'Rechazado', '2018-07-29 04:23:16', 337),
(439, 'Aprobado', '2018-07-29 04:25:25', 338),
(440, 'Rechazado', '2018-07-29 04:25:25', 338),
(441, 'Aprobado', '2018-07-29 04:25:33', 339),
(442, 'Rechazado', '2018-07-29 04:25:33', 339),
(443, 'Aprobado', '2018-07-29 04:25:40', 340),
(444, 'Rechazado', '2018-07-29 04:25:40', 340),
(445, 'Aprobado', '2018-07-29 04:25:54', 341),
(446, 'Rechazado', '2018-07-29 04:25:54', 341),
(447, 'Aprobado', '2018-07-29 04:26:02', 342),
(448, 'Rechazado', '2018-07-29 04:26:02', 342),
(449, 'Aprobado', '2018-07-29 04:26:08', 343),
(450, 'Rechazado', '2018-07-29 04:26:08', 343),
(451, 'Aprobado', '2018-07-29 04:26:15', 344),
(452, 'Rechazado', '2018-07-29 04:26:15', 344),
(453, 'Aprobado', '2018-07-29 04:26:25', 345),
(454, 'Rechazado', '2018-07-29 04:26:25', 345),
(455, 'Aprobado', '2018-07-29 04:26:33', 346),
(456, 'Rechazado', '2018-07-29 04:26:33', 346),
(457, 'Aprobado', '2018-07-29 04:26:43', 347),
(458, 'Rechazado', '2018-07-29 04:26:44', 347),
(459, 'Aprobado', '2018-07-29 04:26:52', 348),
(460, 'Rechazado', '2018-07-29 04:26:52', 348),
(461, 'Aprobado', '2018-07-29 04:27:01', 349),
(462, 'Rechazado', '2018-07-29 04:27:01', 349),
(463, 'Aprobado', '2018-07-29 04:29:30', 352),
(464, 'Rechazado', '2018-07-29 04:29:30', 352),
(465, 'Aprobado', '2018-07-29 04:29:36', 353),
(466, 'Rechazado', '2018-07-29 04:29:36', 353),
(467, 'Aprobado', '2018-07-29 04:30:08', 354),
(468, 'Rechazado', '2018-07-29 04:30:08', 354),
(469, 'Aprobado', '2018-07-29 04:30:16', 355),
(470, 'Rechazado', '2018-07-29 04:30:16', 355),
(471, 'Aprobado', '2018-07-29 04:30:27', 356),
(472, 'Rechazado', '2018-07-29 04:30:27', 356),
(473, 'Aprobado', '2018-07-29 04:31:17', 357),
(474, 'Rechazado', '2018-07-29 04:31:17', 357),
(475, 'Aprobado', '2018-07-29 04:31:20', 358),
(476, 'Rechazado', '2018-07-29 04:31:20', 358),
(477, 'Aprobado', '2018-07-29 04:31:23', 359),
(478, 'Rechazado', '2018-07-29 04:31:23', 359),
(479, 'Aprobado', '2018-07-29 04:31:26', 360),
(480, 'Rechazado', '2018-07-29 04:31:26', 360),
(481, 'Aprobado', '2018-07-29 04:31:28', 361),
(482, 'Rechazado', '2018-07-29 04:31:28', 361),
(483, 'Aprobado', '2018-07-29 04:31:31', 362),
(484, 'Rechazado', '2018-07-29 04:31:31', 362),
(485, 'Aprobado', '2018-07-29 04:31:34', 363),
(486, 'Rechazado', '2018-07-29 04:31:34', 363),
(487, 'Aprobado', '2018-07-29 04:31:37', 364),
(488, 'Rechazado', '2018-07-29 04:31:37', 364),
(489, 'Aprobado', '2018-07-29 04:31:39', 365),
(490, 'Rechazado', '2018-07-29 04:31:39', 365),
(491, 'Aprobado', '2018-07-29 04:31:42', 366),
(492, 'Rechazado', '2018-07-29 04:31:42', 366),
(493, 'Aprobado', '2018-07-29 04:31:45', 367),
(494, 'Rechazado', '2018-07-29 04:31:45', 367),
(495, 'Aprobado', '2018-07-29 04:31:47', 368),
(496, 'Rechazado', '2018-07-29 04:31:47', 368),
(497, 'Aprobado', '2018-07-29 04:34:25', 369),
(498, 'Rechazado', '2018-07-29 04:34:25', 369),
(499, 'Aprobado', '2018-07-29 04:34:27', 370),
(500, 'Rechazado', '2018-07-29 04:34:27', 370),
(501, 'Aprobado', '2018-07-29 04:34:29', 371),
(502, 'Rechazado', '2018-07-29 04:34:29', 371),
(503, 'Aprobado', '2018-07-29 04:34:32', 372),
(504, 'Rechazado', '2018-07-29 04:34:32', 372),
(505, 'Aprobado', '2018-07-29 04:34:34', 373),
(506, 'Rechazado', '2018-07-29 04:34:34', 373),
(507, 'Aprobado', '2018-07-29 04:34:36', 374),
(508, 'Rechazado', '2018-07-29 04:34:36', 374),
(509, 'Aprobado', '2018-07-29 04:34:39', 375),
(510, 'Rechazado', '2018-07-29 04:34:39', 375),
(511, 'Aprobado', '2018-07-29 04:34:41', 376),
(512, 'Rechazado', '2018-07-29 04:34:41', 376),
(513, 'Aprobado', '2018-07-29 04:34:44', 377),
(514, 'Rechazado', '2018-07-29 04:34:44', 377),
(515, 'Aprobado', '2018-07-29 04:34:47', 378),
(516, 'Rechazado', '2018-07-29 04:34:47', 378),
(517, 'Aprobado', '2018-07-29 04:34:51', 379),
(518, 'Rechazado', '2018-07-29 04:34:51', 379),
(519, 'Aprobado', '2018-07-29 04:34:54', 380),
(520, 'Rechazado', '2018-07-29 04:34:54', 380),
(521, 'Aprobado', '2018-07-29 04:34:56', 381),
(522, 'Rechazado', '2018-07-29 04:34:56', 381),
(523, 'Aprobado', '2018-07-29 04:34:59', 382),
(524, 'Rechazado', '2018-07-29 04:34:59', 382),
(525, 'Aprobado', '2018-07-29 04:35:02', 383),
(526, 'Rechazado', '2018-07-29 04:35:02', 383),
(527, 'Aprobado', '2018-07-29 04:35:04', 384),
(528, 'Rechazado', '2018-07-29 04:35:04', 384),
(529, 'Aprobado', '2018-07-29 04:35:07', 385),
(530, 'Rechazado', '2018-07-29 04:35:07', 385),
(531, 'Aprobado', '2018-07-29 04:37:05', 387),
(532, 'Rechazado', '2018-07-29 04:37:05', 387),
(533, 'Guias', '2018-07-29 04:37:18', 386),
(534, 'Dentadas', '2018-07-29 04:37:28', 386),
(535, 'Fracturadas', '2018-07-29 04:37:37', 386),
(536, 'Aprobado', '2018-07-29 04:37:59', 389),
(537, 'Rechazado', '2018-07-29 04:37:59', 389),
(538, 'Guias', '2018-07-29 04:38:05', 388),
(539, 'Dentadas', '2018-07-29 04:38:10', 388),
(540, 'Fracturadas', '2018-07-29 04:38:18', 388),
(541, 'Aprobado', '2018-07-29 04:38:55', 391),
(542, 'Rechazado', '2018-07-29 04:38:55', 391),
(543, 'Guias', '2018-07-29 04:39:03', 390),
(544, 'Dentadas', '2018-07-29 04:39:11', 390),
(545, 'Fracturadas', '2018-07-29 04:39:22', 390),
(546, 'Aprobado', '2018-07-29 04:40:28', 393),
(547, 'Rechazado', '2018-07-29 04:40:28', 393),
(548, 'Guias', '2018-07-29 04:40:34', 392),
(549, 'Dentadas', '2018-07-29 04:40:43', 392),
(550, 'Fracturadas', '2018-07-29 04:41:04', 392),
(551, 'Aprobado', '2018-07-29 04:41:17', 395),
(552, 'Rechazado', '2018-07-29 04:41:17', 395),
(553, 'Guias', '2018-07-29 04:42:05', 394),
(554, 'Dentadas', '2018-07-29 04:42:12', 394),
(555, 'Fracturadas', '2018-07-29 04:42:19', 394),
(556, 'Aprobado', '2018-07-29 04:42:26', 397),
(557, 'Rechazado', '2018-07-29 04:42:26', 397),
(558, 'Guias', '2018-07-29 04:42:31', 396),
(559, 'Dentadas', '2018-07-29 04:42:36', 396),
(560, 'Fracturadas', '2018-07-29 04:42:42', 396),
(561, 'Aprobado', '2018-07-29 04:43:29', 399),
(562, 'Rechazado', '2018-07-29 04:43:29', 399),
(563, 'Guias', '2018-07-29 04:43:34', 398),
(564, 'Dentadas', '2018-07-29 04:43:39', 398),
(565, 'Fracturadas', '2018-07-29 04:43:44', 398),
(566, 'Aprobado', '2018-07-29 04:43:53', 401),
(567, 'Rechazado', '2018-07-29 04:43:53', 401),
(568, 'Guias', '2018-07-29 04:43:58', 400),
(569, 'Dentadas', '2018-07-29 04:44:03', 400),
(570, 'Fracturadas', '2018-07-29 04:44:08', 400),
(571, 'Aprobado', '2018-07-29 04:44:20', 403),
(572, 'Rechazado', '2018-07-29 04:44:20', 403),
(573, 'Guias', '2018-07-29 04:44:43', 402),
(574, 'Dentadas', '2018-07-29 04:44:47', 402),
(575, 'Fracturadas', '2018-07-29 04:44:54', 402),
(576, 'Aprobado', '2018-07-29 04:45:21', 405),
(577, 'Rechazado', '2018-07-29 04:45:21', 405),
(578, 'Guias', '2018-07-29 04:45:32', 404),
(579, 'Dentada', '2018-07-29 04:45:40', 404),
(580, 'Fracturada', '2018-07-29 04:45:46', 404),
(581, 'Aprobado', '2018-07-29 04:46:11', 407),
(582, 'Rechazado', '2018-07-29 04:46:11', 407),
(583, 'Guias', '2018-07-29 04:46:18', 406),
(584, 'Dentadas', '2018-07-29 04:46:22', 406),
(585, 'Fracturada', '2018-07-29 04:46:27', 406),
(586, 'Aprobado', '2018-07-29 04:46:54', 409),
(587, 'Rechazado', '2018-07-29 04:46:54', 409),
(588, 'Guias', '2018-07-29 04:46:59', 408),
(589, 'Dentadas', '2018-07-29 04:47:04', 408),
(590, 'Fracturada', '2018-07-29 04:47:09', 408),
(591, 'Aprobado', '2018-07-29 04:47:20', 411),
(592, 'Rechazado', '2018-07-29 04:47:20', 411),
(593, 'Guias', '2018-07-29 04:47:25', 410),
(594, 'Dentadas', '2018-07-29 04:47:33', 410),
(595, 'Fracturadas', '2018-07-29 04:47:39', 410),
(596, 'Aprobado', '2018-07-29 04:47:48', 413),
(597, 'Rechazado', '2018-07-29 04:47:48', 413),
(598, 'Guias', '2018-07-29 04:47:52', 412),
(599, 'Dentadas', '2018-07-29 04:47:56', 412),
(600, 'Fracturadas', '2018-07-29 04:48:01', 412),
(601, 'Aprobado', '2018-07-29 04:48:10', 415),
(602, 'Rechazado', '2018-07-29 04:48:10', 415),
(603, 'Guias', '2018-07-29 04:48:24', 414),
(604, 'Dentadas', '2018-07-29 04:48:30', 414),
(605, 'Fracturadas', '2018-07-29 04:48:36', 414),
(606, 'Aprobado', '2018-07-29 04:48:52', 417),
(607, 'Rechazado', '2018-07-29 04:48:52', 417),
(608, 'Guias', '2018-07-29 04:48:57', 416),
(609, 'Dentadas', '2018-07-29 04:49:03', 416),
(610, 'Fracturadas', '2018-07-29 04:49:11', 416),
(611, 'Aprobado', '2018-07-29 04:49:20', 419),
(612, 'Rechazado', '2018-07-29 04:49:20', 419),
(613, 'Guias', '2018-07-29 04:49:26', 418),
(614, 'Dentadas', '2018-07-29 04:49:32', 418),
(615, 'Fracturada', '2018-07-29 04:49:37', 418),
(616, 'Aprobado', '2018-07-29 04:50:49', 420),
(617, 'Rechazado', '2018-07-29 04:50:49', 420),
(618, 'Aprobado', '2018-07-29 04:50:51', 421),
(619, 'Rechazado', '2018-07-29 04:50:51', 421),
(620, 'Aprobado', '2018-07-29 04:50:53', 422),
(621, 'Rechazado', '2018-07-29 04:50:53', 422),
(622, 'Aprobado', '2018-07-29 04:50:55', 423),
(623, 'Rechazado', '2018-07-29 04:50:55', 423),
(624, 'Aprobado', '2018-07-29 04:50:58', 424),
(625, 'Rechazado', '2018-07-29 04:50:58', 424),
(626, 'Aprobado', '2018-07-29 04:51:00', 425),
(627, 'Rechazado', '2018-07-29 04:51:00', 425),
(628, 'Aprobado', '2018-07-29 04:51:02', 426),
(629, 'Rechazado', '2018-07-29 04:51:02', 426),
(630, 'Aprobado', '2018-07-29 04:51:04', 427),
(631, 'Rechazado', '2018-07-29 04:51:04', 427),
(632, 'Aprobado', '2018-07-29 04:51:07', 428),
(633, 'Rechazado', '2018-07-29 04:51:07', 428),
(634, 'Aprobado', '2018-07-29 04:51:09', 429),
(635, 'Rechazado', '2018-07-29 04:51:09', 429),
(636, 'Aprobado', '2018-07-29 04:51:11', 430),
(637, 'Rechazado', '2018-07-29 04:51:11', 430),
(638, 'Aprobado', '2018-07-29 04:51:14', 431),
(639, 'Rechazado', '2018-07-29 04:51:14', 431),
(640, 'Aprobado', '2018-07-29 04:51:18', 432),
(641, 'Rechazado', '2018-07-29 04:51:18', 432),
(642, 'Aprobado', '2018-07-29 04:51:21', 433),
(643, 'Rechazado', '2018-07-29 04:51:21', 433),
(644, 'Aprobado', '2018-07-29 04:51:23', 434),
(645, 'Rechazado', '2018-07-29 04:51:23', 434),
(646, 'Aprobado', '2018-07-29 04:51:26', 435),
(647, 'Rechazado', '2018-07-29 04:51:26', 435),
(648, 'Aprobado', '2018-07-29 04:51:29', 436),
(649, 'Rechazado', '2018-07-29 04:51:29', 436),
(650, 'Aprobado', '2018-07-29 04:52:07', 437),
(651, 'Rechazado', '2018-07-29 04:52:07', 437),
(652, 'Aprobado', '2018-07-29 04:52:12', 438),
(653, 'Rechazado', '2018-07-29 04:52:12', 438),
(654, 'Aprobado', '2018-07-29 04:52:18', 439),
(655, 'Rechazado', '2018-07-29 04:52:18', 439),
(656, 'Aprobado', '2018-07-29 04:52:24', 440),
(657, 'Rechazado', '2018-07-29 04:52:24', 440),
(658, 'Aprobado', '2018-07-29 04:52:30', 441),
(659, 'Rechazado', '2018-07-29 04:52:30', 441),
(660, 'Aprobado', '2018-07-29 04:52:35', 442),
(661, 'Rechazado', '2018-07-29 04:52:35', 442),
(662, 'Aprobado', '2018-07-29 04:52:42', 443),
(663, 'Rechazado', '2018-07-29 04:52:42', 443),
(664, 'Aprobado', '2018-07-29 04:52:49', 444),
(665, 'Rechazado', '2018-07-29 04:52:49', 444),
(666, 'Aprobado', '2018-07-29 04:52:55', 445),
(667, 'Rechazado', '2018-07-29 04:52:55', 445),
(668, 'Aprobado', '2018-07-29 04:53:01', 446),
(669, 'Rechazado', '2018-07-29 04:53:01', 446),
(670, 'Aprobado', '2018-07-29 04:53:07', 447),
(671, 'Rechazado', '2018-07-29 04:53:07', 447),
(672, 'Aprobado', '2018-07-29 04:53:12', 448),
(673, 'Rechazado', '2018-07-29 04:53:12', 448),
(674, 'Aprobado', '2018-07-29 04:53:19', 449),
(675, 'Rechazado', '2018-07-29 04:53:19', 449),
(676, 'Aprobado', '2018-07-29 04:53:26', 450),
(677, 'Rechazado', '2018-07-29 04:53:26', 450),
(678, 'Aprobado', '2018-07-29 04:53:33', 451),
(679, 'Rechazado', '2018-07-29 04:53:33', 451),
(680, 'Aprobado', '2018-07-29 04:53:41', 452),
(681, 'Rechazado', '2018-07-29 04:53:41', 452),
(682, 'Aprobado', '2018-07-29 04:53:46', 453),
(683, 'Rechazado', '2018-07-29 04:53:46', 453),
(684, 'Aprobado', '2018-07-29 14:23:47', 454),
(685, 'Rechazado', '2018-07-29 14:23:47', 454),
(686, 'Aprobado', '2018-07-29 14:36:37', 478),
(687, 'Rechazado', '2018-07-29 14:36:37', 478),
(688, 'Aprobado', '2018-07-29 14:36:39', 479),
(689, 'Rechazado', '2018-07-29 14:36:39', 479),
(690, 'Aprobado', '2018-07-29 14:36:41', 480),
(691, 'Rechazado', '2018-07-29 14:36:41', 480),
(692, 'Aprobado', '2018-07-29 14:36:43', 481),
(693, 'Rechazado', '2018-07-29 14:36:43', 481),
(694, 'Aprobado', '2018-07-29 14:36:44', 482),
(695, 'Rechazado', '2018-07-29 14:36:44', 482),
(696, 'Aprobado', '2018-07-29 14:36:46', 483),
(697, 'Rechazado', '2018-07-29 14:36:46', 483),
(698, 'Aprobado', '2018-07-29 14:36:48', 484),
(699, 'Rechazado', '2018-07-29 14:36:48', 484),
(700, 'Aprobado', '2018-07-29 14:36:50', 485),
(701, 'Rechazado', '2018-07-29 14:36:50', 485),
(702, 'Aprobado', '2018-07-29 14:36:52', 486),
(703, 'Rechazado', '2018-07-29 14:36:52', 486),
(704, 'Aprobado', '2018-07-29 14:36:54', 487),
(705, 'Rechazado', '2018-07-29 14:36:54', 487),
(706, 'Aprobado', '2018-07-29 14:44:14', 488),
(707, 'Rechazado', '2018-07-29 14:44:14', 488),
(708, 'Aprobado', '2018-07-29 14:44:23', 490),
(709, 'Rechazado', '2018-07-29 14:44:23', 490),
(710, 'Aprobado', '2018-07-29 14:44:29', 492),
(711, 'Rechazado', '2018-07-29 14:44:29', 492),
(712, 'Aprobado', '2018-07-29 14:44:37', 494),
(713, 'Rechazado', '2018-07-29 14:44:37', 494),
(714, 'Aprobado', '2018-07-29 14:44:48', 496),
(715, 'Rechazado', '2018-07-29 14:44:48', 496),
(716, 'Aprobado', '2018-07-29 14:45:02', 498),
(717, 'Rechazado', '2018-07-29 14:45:02', 498),
(718, 'Aprobado', '2018-07-29 14:45:09', 500),
(719, 'Rechazado', '2018-07-29 14:45:09', 500),
(720, 'Aprobado', '2018-07-29 14:45:18', 502),
(721, 'Rechazado', '2018-07-29 14:45:18', 502),
(722, 'Aprobado', '2018-07-29 14:45:25', 504),
(723, 'Rechazado', '2018-07-29 14:45:25', 504),
(724, 'Aprobado', '2018-07-29 14:45:33', 506),
(725, 'Rechazado', '2018-07-29 14:45:33', 506),
(726, 'Aprobado', '2018-07-29 14:47:43', 510),
(727, 'Rechazado', '2018-07-29 14:47:43', 510),
(728, 'Aprobado', '2018-07-29 14:47:45', 511),
(729, 'Rechazado', '2018-07-29 14:47:45', 511),
(730, 'Aprobado', '2018-07-29 14:47:47', 512),
(731, 'Rechazado', '2018-07-29 14:47:47', 512),
(732, 'Aprobado', '2018-07-29 14:47:49', 513),
(733, 'Rechazado', '2018-07-29 14:47:49', 513),
(734, 'Aprobado', '2018-07-29 14:47:52', 514),
(735, 'Rechazado', '2018-07-29 14:47:52', 514),
(736, 'Aprobado', '2018-07-29 14:48:27', 515),
(737, 'Rechazado', '2018-07-29 14:48:27', 515),
(738, 'Aprobado', '2018-07-29 14:48:33', 517),
(739, 'Rechazado', '2018-07-29 14:48:33', 517),
(740, 'Aprobado', '2018-07-29 14:49:05', 519),
(741, 'Rechazado', '2018-07-29 14:49:05', 519),
(742, 'Aprobado', '2018-07-29 14:49:11', 521),
(743, 'Rechazado', '2018-07-29 14:49:11', 521),
(744, 'Aprobado', '2018-07-29 14:51:08', 523),
(745, 'Rechazado', '2018-07-29 14:51:08', 523),
(746, 'Aprobado', '2018-07-29 14:51:14', 525),
(747, 'Rechazado', '2018-07-29 14:51:14', 525),
(748, 'Aprobado', '2018-07-29 14:55:48', 537),
(749, 'Rechazado', '2018-07-29 14:55:48', 537),
(750, 'Aprobado', '2018-07-29 14:55:55', 539),
(751, 'Rechazado', '2018-07-29 14:55:55', 539),
(752, 'Aprobado', '2018-07-29 14:56:05', 541),
(753, 'Rechazado', '2018-07-29 14:56:05', 541),
(754, 'Aprobado', '2018-07-29 14:56:14', 543),
(755, 'Rechazado', '2018-07-29 14:56:14', 543),
(756, 'Aprobado', '2018-07-29 14:56:21', 545),
(757, 'Rechazado', '2018-07-29 14:56:21', 545),
(758, 'Aprobado', '2018-07-29 14:56:29', 547),
(759, 'Rechazado', '2018-07-29 14:56:29', 547),
(760, 'Aprobado', '2018-07-29 14:56:40', 549),
(761, 'Rechazado', '2018-07-29 14:56:40', 549),
(762, 'Aprobado', '2018-07-29 14:56:49', 551),
(763, 'Rechazado', '2018-07-29 14:56:49', 551),
(764, 'Aprobado', '2018-07-29 14:58:59', 553),
(765, 'Rechazado', '2018-07-29 14:58:59', 553),
(766, 'Aprobado', '2018-07-29 14:59:45', 554),
(767, 'Rechazado', '2018-07-29 14:59:45', 554),
(768, 'Aprobado', '2018-07-29 14:59:47', 555),
(769, 'Rechazado', '2018-07-29 14:59:47', 555),
(770, 'Aprobado', '2018-07-29 14:59:49', 556),
(771, 'Rechazado', '2018-07-29 14:59:49', 556),
(772, 'Aprobado', '2018-07-29 14:59:51', 557),
(773, 'Rechazado', '2018-07-29 14:59:51', 557),
(774, 'Aprobado', '2018-07-29 14:59:53', 558),
(775, 'Rechazado', '2018-07-29 14:59:53', 558),
(776, 'Aprobado', '2018-07-29 14:59:55', 559),
(777, 'Rechazado', '2018-07-29 14:59:55', 559),
(778, 'Aprobado', '2018-07-29 15:02:59', 567),
(779, 'Rechazado', '2018-07-29 15:02:59', 567),
(780, 'Aprobado', '2018-07-29 15:07:19', 569),
(781, 'Rechazado', '2018-07-29 15:07:19', 569),
(782, 'Aprobado', '2018-07-29 15:08:58', 571),
(783, 'Rechazado', '2018-07-29 15:08:58', 571),
(784, 'Aprobado', '2018-07-29 15:18:40', 574),
(785, 'Rechazado', '2018-07-29 15:18:44', 574),
(786, 'Aprobado', '2018-07-29 15:18:50', 575),
(787, 'Rechazado', '2018-07-29 15:18:56', 575),
(788, 'Aprobado', '2018-07-29 15:19:08', 576),
(789, 'Rechazado', '2018-07-29 15:19:08', 576),
(790, 'Aprobado', '2018-07-29 15:23:12', 581),
(791, 'Rechazado', '2018-07-29 15:23:12', 581),
(792, 'Aprobado', '2018-07-29 15:28:44', 583),
(793, 'Rechazado', '2018-07-29 15:28:44', 583),
(794, 'Aprobado', '2018-07-29 15:28:46', 584),
(795, 'Rechazado', '2018-07-29 15:28:46', 584),
(796, 'Aprobado', '2018-07-29 15:28:48', 585),
(797, 'Rechazado', '2018-07-29 15:28:48', 585),
(798, 'Aprobado', '2018-07-29 15:28:50', 586),
(799, 'Rechazado', '2018-07-29 15:28:50', 586),
(800, 'Obstruidos', '2018-07-29 15:31:51', 591),
(801, 'Normales', '2018-07-29 15:31:55', 591),
(802, 'Obstruidos', '2018-07-29 15:32:07', 592),
(803, 'Normales', '2018-07-29 15:32:11', 592),
(804, 'SI', '2018-07-29 15:32:25', 593),
(805, 'NO', '2018-07-29 15:32:27', 593),
(806, 'Aprobado', '2018-07-29 15:40:28', 599),
(807, 'Rechazado', '2018-07-29 15:40:28', 599),
(808, 'Aprobado', '2018-07-29 15:40:33', 601),
(809, 'Rechazado', '2018-07-29 15:40:33', 601),
(810, 'Aprobado', '2018-07-29 15:40:39', 603),
(811, 'Rechazado', '2018-07-29 15:40:39', 603),
(812, 'A-Fijos', '2018-07-29 15:43:51', 610),
(813, 'B-Hidraulicos', '2018-07-29 15:44:00', 610),
(814, 'Normales:', '2018-07-29 15:44:50', 611),
(815, 'Fisurados', '2018-07-29 15:44:57', 611),
(816, 'Deformados', '2018-07-29 15:45:06', 611),
(817, 'Aprobado', '2018-07-29 15:49:39', 620),
(818, 'Rechazado', '2018-07-29 15:49:39', 620),
(831, 'Cambiar', '2018-07-29 16:01:29', 638),
(832, 'No Cambiar', '2018-07-29 16:01:33', 638),
(833, 'Cambiar', '2018-07-29 16:03:09', 643),
(834, 'No Cambiar', '2018-07-29 16:03:16', 643),
(835, 'Aprobado', '2018-07-29 16:06:54', 647),
(836, 'Rechazado', '2018-07-29 16:06:54', 647),
(837, 'Aprobado', '2018-07-29 16:11:07', 649),
(838, 'Rechazado', '2018-07-29 16:11:07', 649),
(839, 'Aprobado', '2018-07-29 16:11:32', 651),
(840, 'Rechazado', '2018-07-29 16:11:32', 651),
(841, 'Aprobado', '2018-07-29 16:18:10', 667),
(842, 'Rechazado', '2018-07-29 16:18:10', 667),
(843, 'Aprobado', '2018-07-29 16:20:59', 671),
(844, 'Rechazado', '2018-07-29 16:20:59', 671),
(845, 'Aprobado', '2018-07-29 16:21:11', 672),
(846, 'Rechazado', '2018-07-29 16:21:11', 672),
(847, 'Aprobado', '2018-07-29 16:21:40', 673),
(848, 'Rechazado', '2018-07-29 16:21:40', 673),
(849, 'Aprobado', '2018-07-29 16:22:33', 674),
(850, 'Rechazado', '2018-07-29 16:22:33', 674),
(851, 'Aprobado', '2018-07-29 16:22:41', 675),
(852, 'Rechazado', '2018-07-29 16:22:41', 675),
(853, 'Aprobado', '2018-07-29 17:28:31', 680),
(854, 'Rechazado', '2018-07-29 17:28:31', 680),
(855, 'Aprobado', '2018-07-29 17:28:33', 681),
(856, 'Rechazado', '2018-07-29 17:28:33', 681),
(857, 'Aprobado', '2018-07-29 17:30:06', 682),
(858, 'Rechazado', '2018-07-29 17:30:06', 682),
(859, 'Bajas', '2018-07-29 17:34:50', 686),
(860, 'Desparejas', '2018-07-29 17:34:54', 686),
(861, 'Gastado', '2018-07-29 17:35:12', 687),
(862, 'Desparejo', '2018-07-29 17:35:17', 687),
(863, 'Aprobado', '2018-07-29 17:39:18', 697),
(864, 'Rechazado', '2018-07-29 17:39:18', 697),
(865, 'Aprobado', '2018-07-29 17:40:17', 699),
(866, 'Reprobado', '2018-07-29 17:40:23', 699),
(867, 'Encamisar', '2018-07-29 17:40:31', 699),
(868, 'Aprobado', '2018-07-29 17:41:33', 701),
(869, 'Rechazado:', '2018-07-29 17:41:39', 701),
(870, 'Reconstruir', '2018-07-29 17:41:46', 701),
(871, 'Aprobado', '2018-07-29 17:52:08', 708),
(872, 'Rechazado', '2018-07-29 17:52:08', 708),
(873, 'STD', '2018-07-29 18:47:39', 710),
(874, 'Otra Medida', '2018-07-29 18:47:53', 710),
(875, 'Fundida', '2018-07-29 19:02:00', 711),
(876, 'Fuera de Medida', '2018-07-29 19:02:09', 711),
(877, 'STD', '2018-07-29 19:04:02', 712),
(878, 'Otra Medida', '2018-07-29 19:04:19', 712),
(879, 'STD', '2018-07-29 19:04:28', 713),
(880, 'Otra Medida', '2018-07-29 19:04:34', 713),
(881, 'STD', '2018-07-29 19:04:41', 714),
(882, 'Otra Medida', '2018-07-29 19:04:45', 714),
(883, 'STD', '2018-07-29 19:04:52', 715),
(884, 'Otra Medida', '2018-07-29 19:04:55', 715),
(885, 'STD', '2018-07-29 19:05:02', 716),
(886, 'Otra Medida', '2018-07-29 19:05:04', 716),
(887, 'STD', '2018-07-29 19:05:10', 717),
(888, 'Otra Medida', '2018-07-29 19:05:12', 717),
(889, 'STD', '2018-07-29 19:05:19', 718),
(890, 'Otra Medida', '2018-07-29 19:05:22', 718),
(891, 'STD', '2018-07-29 19:05:30', 719),
(892, 'Otra Medida', '2018-07-29 19:05:33', 719),
(893, 'STD', '2018-07-29 19:05:41', 720),
(894, 'Otra Medida', '2018-07-29 19:05:43', 720),
(895, 'STD', '2018-07-29 19:05:50', 721),
(896, 'Otra Medida', '2018-07-29 19:05:52', 721),
(899, 'Fundida', '2018-07-29 19:07:56', 722),
(900, 'Fuera de Medida', '2018-07-29 19:08:11', 722),
(901, 'Fundida', '2018-07-29 19:08:18', 723),
(902, 'Fuera de Medida', '2018-07-29 19:08:32', 723),
(903, 'Fundida', '2018-07-29 19:08:41', 724),
(904, 'Fuera de Medida', '2018-07-29 19:08:44', 724),
(905, 'Fundida', '2018-07-29 19:08:51', 725),
(906, 'Fuera de Medida', '2018-07-29 19:08:54', 725),
(907, 'Fundida', '2018-07-29 19:09:01', 726),
(908, 'Fuera de Medida', '2018-07-29 19:09:05', 726),
(909, 'Fundida', '2018-07-29 19:09:14', 727),
(910, 'Fuera de Medida', '2018-07-29 19:09:16', 727),
(911, 'Fundida', '2018-07-29 19:09:24', 728),
(912, 'Fuera de Medida', '2018-07-29 19:09:26', 728),
(913, 'Fundida', '2018-07-29 19:09:34', 729),
(914, 'Fuera de Medida', '2018-07-29 19:09:36', 729),
(915, 'Fundida', '2018-07-29 19:09:43', 730),
(916, 'Fuera de Medida', '2018-07-29 19:09:48', 730),
(917, 'Fundida', '2018-07-29 19:09:57', 731),
(918, 'Fuera de Medida', '2018-07-29 19:10:05', 731),
(919, 'STD', '2018-07-29 20:53:45', 732),
(920, 'Otra Medida', '2018-07-29 20:53:51', 732),
(921, 'STD', '2018-07-29 20:54:03', 733),
(922, '', '2018-07-29 20:54:08', 733),
(923, 'Otra Medida', '2018-07-29 20:54:25', 733),
(924, 'STD', '2018-07-29 20:54:32', 734),
(925, 'Otra Medida', '2018-07-29 20:55:42', 734),
(926, 'STD', '2018-07-29 20:55:56', 735),
(927, 'Otra Medida', '2018-07-29 20:56:03', 735),
(928, 'STD', '2018-07-29 20:56:10', 736),
(929, 'Otra Medida', '2018-07-29 20:56:23', 736),
(930, 'STD', '2018-07-29 20:56:30', 737),
(931, 'Otra Medida', '2018-07-29 20:56:39', 737),
(932, 'STD', '2018-07-29 20:57:12', 738),
(933, 'Otra Medida', '2018-07-29 20:59:01', 738),
(934, 'STD', '2018-07-29 20:59:12', 739),
(935, 'Otra Medida', '2018-07-29 20:59:23', 739),
(936, 'STD', '2018-07-29 20:59:38', 740),
(937, 'Otra Medida', '2018-07-29 20:59:44', 740),
(938, 'STD', '2018-07-29 20:59:51', 741),
(939, 'Otra Medida', '2018-07-29 20:59:57', 741),
(940, 'STD', '2018-07-29 21:00:18', 742),
(941, 'Otra Medida', '2018-07-29 21:00:24', 742),
(942, 'STD', '2018-07-29 21:00:30', 743),
(943, 'Otra Medida', '2018-07-29 21:00:37', 743),
(944, 'STD', '2018-07-29 21:00:43', 744),
(945, 'Otra Medida', '2018-07-29 21:00:49', 744),
(946, 'STD', '2018-07-29 21:00:58', 745),
(947, 'Otra Medida', '2018-07-29 21:01:04', 745),
(948, 'STD', '2018-07-29 21:01:12', 746),
(949, 'Otra Medida', '2018-07-29 21:01:29', 746),
(950, 'STD', '2018-07-29 21:01:38', 747),
(951, 'Otra Medida', '2018-07-29 21:01:44', 747),
(952, 'STD', '2018-07-29 21:01:52', 748),
(953, 'Otra Medida', '2018-07-29 21:02:02', 748),
(954, 'Fundida', '2018-07-29 21:02:19', 749),
(955, 'Fundida', '2018-07-29 21:02:23', 750),
(956, 'Fundida', '2018-07-29 21:02:27', 751),
(957, 'Fundida', '2018-07-29 21:02:32', 752),
(958, 'Fundida', '2018-07-29 21:02:37', 753),
(959, 'Fundida', '2018-07-29 21:02:41', 754),
(960, '', '2018-07-29 21:03:34', 754),
(961, 'Fundida', '2018-07-29 21:04:24', 755),
(962, 'Fundida', '2018-07-29 21:04:30', 756),
(963, 'Fundida', '2018-07-29 21:04:34', 757),
(964, 'Fundida', '2018-07-29 21:04:39', 758),
(965, 'Fundida', '2018-07-29 21:05:35', 759),
(966, 'Fundida', '2018-07-29 21:05:40', 760),
(967, 'Fundida', '2018-07-29 21:05:45', 761),
(968, 'Fundida', '2018-07-29 21:05:50', 762),
(969, 'Fundida', '2018-07-29 21:05:54', 763),
(970, 'Fundida', '2018-07-29 21:05:59', 764),
(971, 'Fundida', '2018-07-29 21:06:04', 765),
(972, 'Fuera de Medida', '2018-07-29 21:08:05', 749),
(973, 'Fuera de Medida', '2018-07-29 21:08:14', 750),
(974, 'Fuera de Medida', '2018-07-29 21:08:21', 751),
(975, 'Fuera de Medida', '2018-07-29 21:08:26', 752),
(976, 'Fuera de Medida', '2018-07-29 21:08:30', 753),
(977, 'Fuera de Medida', '2018-07-29 21:08:37', 754),
(978, 'Fuera de Medida', '2018-07-29 21:08:42', 755),
(979, 'Fuera de Medida', '2018-07-29 21:08:46', 756),
(980, 'Fuera de Medida', '2018-07-29 21:08:51', 757),
(981, 'Fuera de Medida', '2018-07-29 21:08:56', 758),
(982, 'Fuera de Medida', '2018-07-29 21:11:26', 759),
(983, 'Fuera de Medida', '2018-07-29 21:11:30', 760),
(984, 'Fuera de Medida', '2018-07-29 21:11:36', 761),
(985, 'Fuera de Medida', '2018-07-29 21:11:45', 762),
(986, 'Fuera de Medida', '2018-07-29 21:11:49', 763),
(987, 'Fuera de Medida', '2018-07-29 21:11:55', 764),
(988, 'Fuera de Medida', '2018-07-29 21:12:00', 765),
(989, 'Normal', '2018-07-29 21:26:22', 766),
(990, 'Falta de Dureza', '2018-07-29 21:26:24', 766),
(991, 'Normal', '2018-07-29 21:26:32', 767),
(992, 'Falta de Dureza', '2018-07-29 21:26:34', 767),
(993, 'Normal', '2018-07-29 21:26:41', 768),
(994, 'Falta de Dureza', '2018-07-29 21:26:42', 768),
(995, 'Normal', '2018-07-29 21:26:55', 769),
(996, 'Falta de Dureza', '2018-07-29 21:26:57', 769),
(997, 'Normal', '2018-07-29 21:27:04', 770),
(998, 'Falta de Dureza', '2018-07-29 21:27:07', 770),
(999, 'Normal', '2018-07-29 21:27:17', 771),
(1000, 'Falta de Dureza', '2018-07-29 21:27:19', 771),
(1001, 'Normal', '2018-07-29 21:27:26', 772),
(1002, 'Falta de Dureza', '2018-07-29 21:27:28', 772),
(1003, 'Normal', '2018-07-29 21:27:34', 773),
(1004, 'Falta de Dureza', '2018-07-29 21:27:36', 773),
(1005, 'Normal', '2018-07-29 21:27:42', 774),
(1006, 'Falta de Dureza', '2018-07-29 21:27:44', 774),
(1007, 'Normal', '2018-07-29 21:27:50', 775),
(1008, 'Falta de Dureza', '2018-07-29 21:27:52', 775),
(1009, 'Normal', '2018-07-29 21:35:07', 776),
(1010, 'Falta Dureza', '2018-07-29 21:35:16', 776),
(1011, 'Normal', '2018-07-29 21:35:26', 777),
(1012, 'Falta Dureza', '2018-07-29 21:35:28', 777),
(1013, 'Normal', '2018-07-29 21:35:35', 778),
(1014, 'Falta Dureza', '2018-07-29 21:35:37', 778),
(1015, 'Normal', '2018-07-29 21:35:43', 779),
(1016, 'Falta Dureza', '2018-07-29 21:35:49', 779),
(1017, 'Normal', '2018-07-29 21:35:58', 780),
(1018, 'Falta Dureza', '2018-07-29 21:36:00', 780),
(1019, 'Normal', '2018-07-29 21:36:08', 781),
(1020, 'Falta Dureza', '2018-07-29 21:36:09', 781),
(1021, 'Normal', '2018-07-29 21:36:33', 782),
(1022, 'Falta Dureza', '2018-07-29 21:36:35', 782),
(1023, 'Normal', '2018-07-29 21:36:46', 783),
(1024, 'Falta Dureza', '2018-07-29 21:36:48', 783),
(1025, 'Normal', '2018-07-29 21:37:00', 784),
(1026, 'Falta Dureza', '2018-07-29 21:37:02', 784),
(1027, 'Normal', '2018-07-29 21:37:07', 785),
(1028, 'Falta Dureza', '2018-07-29 21:37:09', 785),
(1029, 'Normal', '2018-07-29 21:37:17', 786),
(1030, 'Falta Dureza', '2018-07-29 21:37:18', 786),
(1031, 'Normal', '2018-07-29 21:37:27', 787),
(1032, 'Falta Dureza', '2018-07-29 21:37:29', 787),
(1033, 'Normal', '2018-07-29 21:38:41', 788),
(1034, 'Falta Dureza', '2018-07-29 21:38:43', 788),
(1035, 'Normal', '2018-07-29 21:38:49', 789),
(1036, 'Falta Dureza', '2018-07-29 21:38:52', 789),
(1037, 'Normal', '2018-07-29 21:39:17', 790),
(1038, 'Falta Dureza', '2018-07-29 21:39:19', 790),
(1039, 'Normal', '2018-07-29 21:39:27', 791),
(1040, 'Falta Dureza', '2018-07-29 21:39:28', 791),
(1041, 'Normal', '2018-07-29 21:39:33', 792),
(1042, 'Falta Dureza', '2018-07-29 21:39:35', 792),
(1043, 'Normal', '2018-07-29 21:44:16', 793),
(1044, 'Falta de Radio', '2018-07-29 21:44:24', 793),
(1045, 'Normal', '2018-07-29 21:44:30', 794),
(1046, 'Falta de Radio', '2018-07-29 21:44:32', 794),
(1047, 'Normal', '2018-07-29 21:45:05', 795),
(1048, 'Falta de Radio', '2018-07-29 21:45:07', 795),
(1049, 'Normal', '2018-07-29 21:45:16', 796),
(1050, 'Falta de Radio', '2018-07-29 21:45:18', 796),
(1051, 'Normal', '2018-07-29 21:45:23', 797),
(1052, 'Falta de Radio', '2018-07-29 21:45:24', 797),
(1053, 'Normal', '2018-07-29 21:45:29', 798),
(1054, 'Falta de Radio', '2018-07-29 21:45:31', 798),
(1055, 'Normal', '2018-07-29 21:45:36', 799),
(1056, 'Falta de Radio', '2018-07-29 21:45:38', 799),
(1057, 'Normal', '2018-07-29 21:45:52', 800),
(1058, 'Falta de Radio', '2018-07-29 21:45:53', 800),
(1059, 'Normal', '2018-07-29 21:45:58', 801),
(1060, 'Falta de Radio', '2018-07-29 21:46:01', 801),
(1061, 'Normal', '2018-07-29 21:46:10', 802),
(1062, 'Falta de Radio', '2018-07-29 21:46:13', 802),
(1063, 'Normal', '2018-07-29 21:46:19', 803),
(1064, 'Falta de Radio', '2018-07-29 21:46:21', 803),
(1065, 'Normal', '2018-07-29 23:11:04', 804),
(1066, 'Normal', '2018-07-29 23:11:09', 805),
(1067, 'Normal', '2018-07-29 23:11:13', 806),
(1068, 'Normal', '2018-07-29 23:11:18', 807),
(1069, 'Normal', '2018-07-29 23:11:24', 808),
(1070, 'Normal', '2018-07-29 23:11:52', 809),
(1071, 'Normal', '2018-07-29 23:11:56', 810),
(1072, 'Normal', '2018-07-29 23:12:08', 811),
(1073, 'Normal', '2018-07-29 23:12:15', 812),
(1074, 'Normal', '2018-07-29 23:12:20', 813),
(1075, 'Normal', '2018-07-29 23:12:24', 814),
(1076, 'Normal', '2018-07-29 23:12:29', 815),
(1077, 'Normal', '2018-07-29 23:12:33', 816),
(1078, 'Normal', '2018-07-29 23:12:38', 817),
(1079, 'Normal', '2018-07-29 23:12:42', 818),
(1080, 'Normal', '2018-07-29 23:12:46', 819),
(1081, 'Normal', '2018-07-29 23:12:55', 820),
(1082, 'Falta de Radio', '2018-07-29 23:13:17', 804),
(1083, 'Falta de Radio', '2018-07-29 23:13:22', 805),
(1084, 'Falta de Radio', '2018-07-29 23:13:26', 806),
(1085, 'Falta de Radio', '2018-07-29 23:13:30', 807),
(1086, 'Falta de Radio', '2018-07-29 23:13:34', 808),
(1087, 'Falta de Radio', '2018-07-29 23:13:38', 809),
(1088, 'Falta de Radio', '2018-07-29 23:13:42', 810),
(1089, 'Falta de Radio', '2018-07-29 23:13:46', 811),
(1090, 'Falta de Radio', '2018-07-29 23:13:52', 812),
(1091, 'Falta de Radio', '2018-07-29 23:13:57', 813),
(1092, 'Falta de Radio', '2018-07-29 23:14:01', 814),
(1093, 'Falta de Radio', '2018-07-29 23:14:05', 815),
(1094, 'Falta de Radio', '2018-07-29 23:14:09', 816),
(1095, 'Falta de Radio', '2018-07-29 23:14:13', 817),
(1096, 'Falta de Radio', '2018-07-29 23:14:17', 818),
(1097, 'Falta de Radio', '2018-07-29 23:14:22', 819),
(1098, 'Falta de Radio', '2018-07-29 23:14:25', 820),
(1099, 'Aprobado', '2018-07-29 23:15:29', 822),
(1100, 'Rechazado', '2018-07-29 23:15:29', 822);
INSERT INTO `frm_valores_validos` (`VAPO_ID`, `VALOR`, `FEC_CREACION`, `VALO_ID`) VALUES
(1101, 'Aprobado', '2018-07-29 23:15:32', 823),
(1102, 'Rechazado', '2018-07-29 23:15:32', 823),
(1103, 'Aprobado', '2018-07-29 23:24:54', 826),
(1104, 'Rechazado', '2018-07-29 23:24:54', 826),
(1105, 'Aprobado', '2018-07-29 23:25:25', 829),
(1106, 'Rechazado', '2018-07-29 23:25:25', 829),
(1107, 'Aprobado', '2018-07-29 23:32:14', 834),
(1108, 'Rechazado', '2018-07-29 23:32:14', 834),
(1109, 'Aprobado', '2018-07-29 23:32:40', 837),
(1110, 'Rechazado', '2018-07-29 23:32:40', 837),
(1111, 'Aprobado', '2018-07-29 23:38:42', 865),
(1112, 'Rechazado', '2018-07-29 23:38:42', 865),
(1113, 'Aprobado', '2018-07-29 23:43:17', 867),
(1114, 'Rechazado', '2018-07-29 23:43:17', 867),
(1115, 'Aprobado', '2018-07-29 23:43:50', 870),
(1116, 'Rechazado', '2018-07-29 23:43:50', 870);

--
-- Índices para tablas volcadas
--

--
-- Indices de la tabla `frm_categorias`
--
ALTER TABLE `frm_categorias`
  ADD PRIMARY KEY (`CATE_ID`);

--
-- Indices de la tabla `frm_formularios`
--
ALTER TABLE `frm_formularios`
  ADD PRIMARY KEY (`form_id`);

--
-- Indices de la tabla `frm_grupos`
--
ALTER TABLE `frm_grupos`
  ADD PRIMARY KEY (`GRUP_ID`);

--
-- Indices de la tabla `frm_tipos_dato`
--
ALTER TABLE `frm_tipos_dato`
  ADD PRIMARY KEY (`TIDA_ID`);

--
-- Indices de la tabla `frm_valores`
--
ALTER TABLE `frm_valores`
  ADD PRIMARY KEY (`VALO_ID`);

--
-- Indices de la tabla `frm_valores_validos`
--
ALTER TABLE `frm_valores_validos`
  ADD PRIMARY KEY (`VAPO_ID`);

--
-- AUTO_INCREMENT de las tablas volcadas
--

--
-- AUTO_INCREMENT de la tabla `frm_categorias`
--
ALTER TABLE `frm_categorias`
  MODIFY `CATE_ID` int(11) NOT NULL AUTO_INCREMENT, AUTO_INCREMENT=1001;

--
-- AUTO_INCREMENT de la tabla `frm_formularios`
--
ALTER TABLE `frm_formularios`
  MODIFY `form_id` int(11) NOT NULL AUTO_INCREMENT, AUTO_INCREMENT=1001;

--
-- AUTO_INCREMENT de la tabla `frm_grupos`
--
ALTER TABLE `frm_grupos`
  MODIFY `GRUP_ID` int(11) NOT NULL AUTO_INCREMENT, AUTO_INCREMENT=1001;

--
-- AUTO_INCREMENT de la tabla `frm_valores`
--
ALTER TABLE `frm_valores`
  MODIFY `VALO_ID` int(11) NOT NULL AUTO_INCREMENT, AUTO_INCREMENT=1121;

--
-- AUTO_INCREMENT de la tabla `frm_valores_validos`
--
ALTER TABLE `frm_valores_validos`
  MODIFY `VAPO_ID` int(11) NOT NULL AUTO_INCREMENT, AUTO_INCREMENT=1117;
COMMIT;

/*!40101 SET CHARACTER_SET_CLIENT=@OLD_CHARACTER_SET_CLIENT */;
/*!40101 SET CHARACTER_SET_RESULTS=@OLD_CHARACTER_SET_RESULTS */;
/*!40101 SET COLLATION_CONNECTION=@OLD_COLLATION_CONNECTION */;
