<?xml version="1.0" encoding="UTF-8" standalone="yes"?>
<businessObjectModel modelVersion="1.0" productVersion="7.7.0">
    <businessObjects>
        <businessObject qualifiedName="com.balderramo.model.NotaPedido">
            <fields>
                <field type="STRING" length="255" name="idCliente" nullable="false" collection="false"/>
                <field type="STRING" length="255" name="idNotaPedido" nullable="true" collection="false"/>
                <field type="LOCALDATETIME" length="255" name="fecCompromisoInforme" nullable="false" collection="false"/>
                <field type="LOCALDATETIME" length="255" name="fecCompromisoEntrega" nullable="true" collection="false"/>
                <field type="STRING" length="255" name="familiaProductos" nullable="false" collection="false"/>
                <field type="STRING" length="255" name="subFamiliaProductos" nullable="false" collection="false"/>
                <field type="STRING" length="255" name="tipoEntrega" nullable="true" collection="false"/>
                <field type="STRING" length="255" name="quienProveeRespuestos" nullable="true" collection="false"/>
                <field type="STRING" length="255" name="cotizacion" nullable="true" collection="false"/>
                <field type="STRING" length="255" name="presupuesto" nullable="true" collection="false"/>
            </fields>
            <uniqueConstraints>
                <uniqueConstraint name="UNIQUE_CONSTRAINT_1">
                    <fieldNames>
                        <fieldName>idNotaPedido</fieldName>
                    </fieldNames>
                </uniqueConstraint>
            </uniqueConstraints>
            <queries/>
            <indexes/>
        </businessObject>
    </businessObjects>
</businessObjectModel>
